{"xgb": {"protein_name": "toll_like_receptor_4", "uniprot_id": "O00206", "roc_auc": 0.9812500000000001, "accuracy": 0.9090909090909091, "f1_score": 0.8658008658008658, "cohen_kappa": 0.0, "mcc": 0.0, "data_info": {"train_count": 176, "test_count": 44, "actives_count": 20, "decoys_count": 200}}, "rf": {"protein_name": "toll_like_receptor_4", "uniprot_id": "O00206", "roc_auc": 1.0, "accuracy": 1.0, "f1_score": 1.0, "cohen_kappa": 1.0, "mcc": 1.0, "data_info": {"train_count": 176, "test_count": 44, "actives_count": 20, "decoys_count": 200}}, "svc": {"protein_name": "toll_like_receptor_4", "uniprot_id": "O00206", "roc_auc": 1.0, "accuracy": 0.9772727272727273, "f1_score": 0.9783915100370796, "cohen_kappa": 0.8764044943820225, "mcc": 0.8831760866327847, "data_info": {"train_count": 176, "test_count": 44, "actives_count": 20, "decoys_count": 200}}, "mlp": {"protein_name": "toll_like_receptor_4", "uniprot_id": "O00206", "roc_auc": 0.99375, "accuracy": 0.9545454545454546, "f1_score": 0.9585081585081585, "cohen_kappa": 0.7755102040816326, "mcc": 0.7958224257542214, "data_info": {"train_count": 176, "test_count": 44, "actives_count": 20, "decoys_count": 200}}}