{"xgb": {"protein_name": "menin", "uniprot_id": "O00255", "roc_auc": 0.9979591836734694, "accuracy": 0.9814814814814815, "f1_score": 0.980546202768425, "cohen_kappa": 0.8789237668161435, "mcc": 0.8854377448471462, "data_info": {"train_count": 431, "test_count": 108, "actives_count": 49, "decoys_count": 490}}, "rf": {"protein_name": "menin", "uniprot_id": "O00255", "roc_auc": 1.0, "accuracy": 0.9814814814814815, "f1_score": 0.980546202768425, "cohen_kappa": 0.8789237668161435, "mcc": 0.8854377448471462, "data_info": {"train_count": 431, "test_count": 108, "actives_count": 49, "decoys_count": 490}}, "svc": {"protein_name": "menin", "uniprot_id": "O00255", "roc_auc": 0.9928571428571429, "accuracy": 0.9907407407407407, "f1_score": 0.9909374576041242, "cohen_kappa": 0.947265625, "mcc": 0.9485855107701375, "data_info": {"train_count": 431, "test_count": 108, "actives_count": 49, "decoys_count": 490}}, "mlp": {"protein_name": "menin", "uniprot_id": "O00255", "roc_auc": 0.823469387755102, "accuracy": 0.9629629629629629, "f1_score": 0.9587037037037036, "cohen_kappa": 0.7313432835820896, "mcc": 0.7592566023652967, "data_info": {"train_count": 431, "test_count": 108, "actives_count": 49, "decoys_count": 490}}}