{"xgb": {"protein_name": "toll_like_receptor_4", "uniprot_id": "O00206", "roc_auc": 1.0, "accuracy": 0.9583333333333334, "f1_score": 0.9558652729384436, "cohen_kappa": 0.8333333333333334, "mcc": 0.8451542547285166, "data_info": {"train_count": 96, "test_count": 24, "actives_count": 20, "decoys_count": 100}}, "rf": {"protein_name": "toll_like_receptor_4", "uniprot_id": "O00206", "roc_auc": 1.0, "accuracy": 1.0, "f1_score": 1.0, "cohen_kappa": 1.0, "mcc": 1.0, "data_info": {"train_count": 96, "test_count": 24, "actives_count": 20, "decoys_count": 100}}, "svc": {"protein_name": "toll_like_receptor_4", "uniprot_id": "O00206", "roc_auc": 1.0, "accuracy": 0.9583333333333334, "f1_score": 0.9601139601139601, "cohen_kappa": 0.8636363636363636, "mcc": 0.8717797887081347, "data_info": {"train_count": 96, "test_count": 24, "actives_count": 20, "decoys_count": 100}}, "ann": {"protein_name": "toll_like_receptor_4", "uniprot_id": "O00206", "roc_auc": 1.0, "accuracy": 0.9583333333333334, "f1_score": 0.9601139601139601, "cohen_kappa": 0.8636363636363636, "mcc": 0.8717797887081347, "data_info": {"train_count": 96, "test_count": 24, "actives_count": 20, "decoys_count": 100}}}