{"xgb": {"protein_name": "cgmp_dependent_3_5_cyclic_phosphodiesterase", "uniprot_id": "O00408", "roc_auc": 0.9964257418611351, "accuracy": 0.9963554807961873, "f1_score": 0.9962476186449754, "cohen_kappa": 0.9263141836973051, "mcc": 0.9281199571841952, "data_info": {"train_count": 14267, "test_count": 3567, "actives_count": 482, "decoys_count": 17352}}, "rf": {"protein_name": "cgmp_dependent_3_5_cyclic_phosphodiesterase", "uniprot_id": "O00408", "roc_auc": 0.9999294751752618, "accuracy": 0.9980375665825624, "f1_score": 0.9980014278818943, "cohen_kappa": 0.9611563035250082, "mcc": 0.9618822371698438, "data_info": {"train_count": 14267, "test_count": 3567, "actives_count": 482, "decoys_count": 17352}}, "svc": {"protein_name": "cgmp_dependent_3_5_cyclic_phosphodiesterase", "uniprot_id": "O00408", "roc_auc": 0.9984004369538079, "accuracy": 0.9988786094757499, "f1_score": 0.9988786094757499, "cohen_kappa": 0.9785904638432729, "mcc": 0.9785904638432729, "data_info": {"train_count": 14267, "test_count": 3567, "actives_count": 482, "decoys_count": 17352}}, "ann": {"protein_name": "cgmp_dependent_3_5_cyclic_phosphodiesterase", "uniprot_id": "O00408", "roc_auc": 0.9904926534140017, "accuracy": 0.9977572189514998, "f1_score": 0.9977340053549316, "cohen_kappa": 0.9562956019922442, "mcc": 0.9565240082658322, "data_info": {"train_count": 14267, "test_count": 3567, "actives_count": 482, "decoys_count": 17352}}}