{"xgb": {"protein_name": "serine_threonine_protein_kinase_plk4", "uniprot_id": "O00444", "roc_auc": 0.9994747899159664, "accuracy": 0.9866666666666667, "f1_score": 0.9862025079543331, "cohen_kappa": 0.9158249158249159, "mcc": 0.9190867733214366, "data_info": {"train_count": 598, "test_count": 150, "actives_count": 68, "decoys_count": 680}}, "rf": {"protein_name": "serine_threonine_protein_kinase_plk4", "uniprot_id": "O00444", "roc_auc": 0.9994747899159664, "accuracy": 0.9933333333333333, "f1_score": 0.9932220865554198, "cohen_kappa": 0.9593054801953337, "mcc": 0.9601007941524791, "data_info": {"train_count": 598, "test_count": 150, "actives_count": 68, "decoys_count": 680}}, "svc": {"protein_name": "serine_threonine_protein_kinase_plk4", "uniprot_id": "O00444", "roc_auc": 0.9994747899159664, "accuracy": 0.9866666666666667, "f1_score": 0.9870617283950617, "cohen_kappa": 0.9259624876604147, "mcc": 0.9285108254302565, "data_info": {"train_count": 598, "test_count": 150, "actives_count": 68, "decoys_count": 680}}, "ann": {"protein_name": "serine_threonine_protein_kinase_plk4", "uniprot_id": "O00444", "roc_auc": 0.946953781512605, "accuracy": 0.9866666666666667, "f1_score": 0.9862025079543331, "cohen_kappa": 0.9158249158249159, "mcc": 0.9190867733214366, "data_info": {"train_count": 598, "test_count": 150, "actives_count": 68, "decoys_count": 680}}}