{"xgb": {"protein_name": "prostaglandin_e_synthase", "uniprot_id": "O14684", "roc_auc": 0.9972896668548841, "accuracy": 0.99137311286844, "f1_score": 0.9911778031302727, "cohen_kappa": 0.9452922205616299, "mcc": 0.9467100058514104, "data_info": {"train_count": 5561, "test_count": 1391, "actives_count": 632, "decoys_count": 6320}}, "rf": {"protein_name": "prostaglandin_e_synthase", "uniprot_id": "O14684", "roc_auc": 0.9958937198067633, "accuracy": 0.98705966930266, "f1_score": 0.9866076718803433, "cohen_kappa": 0.916058173918291, "mcc": 0.919302708695508, "data_info": {"train_count": 5561, "test_count": 1391, "actives_count": 632, "decoys_count": 6320}}, "svc": {"protein_name": "prostaglandin_e_synthase", "uniprot_id": "O14684", "roc_auc": 0.9735805257544388, "accuracy": 0.9755571531272466, "f1_score": 0.9761323811987855, "cohen_kappa": 0.8587083166530236, "mcc": 0.8601652890348115, "data_info": {"train_count": 5561, "test_count": 1391, "actives_count": 632, "decoys_count": 6320}}, "mlp": {"protein_name": "prostaglandin_e_synthase", "uniprot_id": "O14684", "roc_auc": 0.9832047179873267, "accuracy": 0.9892163910855499, "f1_score": 0.9890772164043634, "cohen_kappa": 0.9328683073418552, "mcc": 0.933326426995224, "data_info": {"train_count": 5561, "test_count": 1391, "actives_count": 632, "decoys_count": 6320}}}