{"xgb": {"protein_name": "serine_threonine_protein_kinase_chk1", "uniprot_id": "O14757", "roc_auc": 0.9978136387298282, "accuracy": 0.9901768172888016, "f1_score": 0.9901979465188638, "cohen_kappa": 0.9780161876873374, "mcc": 0.9781012782191569, "data_info": {"train_count": 2032, "test_count": 509, "actives_count": 847, "decoys_count": 1694}}, "rf": {"protein_name": "serine_threonine_protein_kinase_chk1", "uniprot_id": "O14757", "roc_auc": 0.9994447336456707, "accuracy": 0.9921414538310412, "f1_score": 0.9921528069679163, "cohen_kappa": 0.9823872385335386, "mcc": 0.9824253339647077, "data_info": {"train_count": 2032, "test_count": 509, "actives_count": 847, "decoys_count": 1694}}, "svc": {"protein_name": "serine_threonine_protein_kinase_chk1", "uniprot_id": "O14757", "roc_auc": 0.9957313899010932, "accuracy": 0.9882121807465619, "f1_score": 0.9882292104518745, "cohen_kappa": 0.973580857800308, "mcc": 0.9736186117338903, "data_info": {"train_count": 2032, "test_count": 509, "actives_count": 847, "decoys_count": 1694}}, "ann": {"protein_name": "serine_threonine_protein_kinase_chk1", "uniprot_id": "O14757", "roc_auc": 0.9968245705361791, "accuracy": 0.9862475442043221, "f1_score": 0.9862373873387023, "cohen_kappa": 0.9690418885925051, "mcc": 0.9690513656117691, "data_info": {"train_count": 2032, "test_count": 509, "actives_count": 847, "decoys_count": 1694}}}