{"xgb": {"protein_name": "telomerase_reverse_transcriptase", "uniprot_id": "O14746", "roc_auc": 0.9740228328173374, "accuracy": 0.9830985915492958, "f1_score": 0.9823021479841605, "cohen_kappa": 0.8874564091725669, "mcc": 0.893130657194494, "data_info": {"train_count": 1416, "test_count": 355, "actives_count": 161, "decoys_count": 1610}}, "rf": {"protein_name": "telomerase_reverse_transcriptase", "uniprot_id": "O14746", "roc_auc": 0.9609133126934986, "accuracy": 0.9830985915492958, "f1_score": 0.9823021479841605, "cohen_kappa": 0.8874564091725669, "mcc": 0.893130657194494, "data_info": {"train_count": 1416, "test_count": 355, "actives_count": 161, "decoys_count": 1610}}, "svc": {"protein_name": "telomerase_reverse_transcriptase", "uniprot_id": "O14746", "roc_auc": 0.9390479876160991, "accuracy": 0.9802816901408451, "f1_score": 0.9801404338792502, "cohen_kappa": 0.8780727147833767, "mcc": 0.8782059457104184, "data_info": {"train_count": 1416, "test_count": 355, "actives_count": 161, "decoys_count": 1610}}, "ann": {"protein_name": "telomerase_reverse_transcriptase", "uniprot_id": "O14746", "roc_auc": 0.9595588235294117, "accuracy": 0.9774647887323944, "f1_score": 0.9771360941435151, "cohen_kappa": 0.858636137381782, "mcc": 0.8591728515303884, "data_info": {"train_count": 1416, "test_count": 355, "actives_count": 161, "decoys_count": 1610}}}