{"xgb": {"protein_name": "free_fatty_acid_receptor_1", "uniprot_id": "O14842", "roc_auc": 0.9986294896030246, "accuracy": 0.9920948616600791, "f1_score": 0.9919323101141283, "cohen_kappa": 0.9502262443438914, "mcc": 0.9514054938842341, "data_info": {"train_count": 2024, "test_count": 506, "actives_count": 230, "decoys_count": 2300}}, "rf": {"protein_name": "free_fatty_acid_receptor_1", "uniprot_id": "O14842", "roc_auc": 0.9996691871455576, "accuracy": 0.9960474308300395, "f1_score": 0.9960078003461952, "cohen_kappa": 0.975609756097561, "mcc": 0.9759000729485331, "data_info": {"train_count": 2024, "test_count": 506, "actives_count": 230, "decoys_count": 2300}}, "svc": {"protein_name": "free_fatty_acid_receptor_1", "uniprot_id": "O14842", "roc_auc": 1.0, "accuracy": 0.9980237154150198, "f1_score": 0.9980332653645159, "cohen_kappa": 0.9881593110871906, "mcc": 0.9882285892853188, "data_info": {"train_count": 2024, "test_count": 506, "actives_count": 230, "decoys_count": 2300}}, "mlp": {"protein_name": "free_fatty_acid_receptor_1", "uniprot_id": "O14842", "roc_auc": 0.985633270321361, "accuracy": 0.9822134387351779, "f1_score": 0.9813352637480149, "cohen_kappa": 0.8820023837902264, "mcc": 0.8882075095141654, "data_info": {"train_count": 2024, "test_count": 506, "actives_count": 230, "decoys_count": 2300}}}