{"xgb": {"protein_name": "inhibitor_of_nuclear_factor_kappa_b_kinase_subunit_beta", "uniprot_id": "O14920", "roc_auc": 0.9988659793814433, "accuracy": 0.9946488294314382, "f1_score": 0.9943588775725141, "cohen_kappa": 0.8861819566044918, "mcc": 0.891978378215736, "data_info": {"train_count": 5979, "test_count": 1495, "actives_count": 202, "decoys_count": 7272}}, "rf": {"protein_name": "inhibitor_of_nuclear_factor_kappa_b_kinase_subunit_beta", "uniprot_id": "O14920", "roc_auc": 0.9998797250859106, "accuracy": 0.9966555183946488, "f1_score": 0.9965469040120393, "cohen_kappa": 0.9316258861193689, "mcc": 0.9338112360951405, "data_info": {"train_count": 5979, "test_count": 1495, "actives_count": 202, "decoys_count": 7272}}, "svc": {"protein_name": "inhibitor_of_nuclear_factor_kappa_b_kinase_subunit_beta", "uniprot_id": "O14920", "roc_auc": 0.9999312714776634, "accuracy": 0.9979933110367893, "f1_score": 0.9980285410567583, "cohen_kappa": 0.9628248166107174, "mcc": 0.9634908161809433, "data_info": {"train_count": 5979, "test_count": 1495, "actives_count": 202, "decoys_count": 7272}}, "mlp": {"protein_name": "inhibitor_of_nuclear_factor_kappa_b_kinase_subunit_beta", "uniprot_id": "O14920", "roc_auc": 0.9997938144329896, "accuracy": 0.9986622073578595, "f1_score": 0.9986780618635406, "cohen_kappa": 0.9749224188543152, "mcc": 0.975229120601808, "data_info": {"train_count": 5979, "test_count": 1495, "actives_count": 202, "decoys_count": 7272}}}