{"xgb": {"protein_name": "lysine_specific_demethylase_6b", "uniprot_id": "O15054", "roc_auc": 0.890625, "accuracy": 0.9166666666666666, "f1_score": 0.9131652661064426, "cohen_kappa": 0.8, "mcc": 0.816496580927726, "data_info": {"train_count": 48, "test_count": 12, "actives_count": 20, "decoys_count": 40}}, "rf": {"protein_name": "lysine_specific_demethylase_6b", "uniprot_id": "O15054", "roc_auc": 0.96875, "accuracy": 0.9166666666666666, "f1_score": 0.9131652661064426, "cohen_kappa": 0.8, "mcc": 0.816496580927726, "data_info": {"train_count": 48, "test_count": 12, "actives_count": 20, "decoys_count": 40}}, "svc": {"protein_name": "lysine_specific_demethylase_6b", "uniprot_id": "O15054", "roc_auc": 0.9375, "accuracy": 0.9166666666666666, "f1_score": 0.9131652661064426, "cohen_kappa": 0.8, "mcc": 0.816496580927726, "data_info": {"train_count": 48, "test_count": 12, "actives_count": 20, "decoys_count": 40}}, "ann": {"protein_name": "lysine_specific_demethylase_6b", "uniprot_id": "O15054", "roc_auc": 1.0, "accuracy": 0.9166666666666666, "f1_score": 0.9131652661064426, "cohen_kappa": 0.8, "mcc": 0.816496580927726, "data_info": {"train_count": 48, "test_count": 12, "actives_count": 20, "decoys_count": 40}}}