{"xgb": {"protein_name": "1_acyl_sn_glycerol_3_phosphate_acyltransferase_beta", "uniprot_id": "O15120", "roc_auc": 1.0, "accuracy": 0.9826989619377162, "f1_score": 0.978843191069258, "cohen_kappa": 0.5384861066751836, "mcc": 0.6069959274526114, "data_info": {"train_count": 2308, "test_count": 578, "actives_count": 78, "decoys_count": 2808}}, "rf": {"protein_name": "1_acyl_sn_glycerol_3_phosphate_acyltransferase_beta", "uniprot_id": "O15120", "roc_auc": 1.0, "accuracy": 1.0, "f1_score": 1.0, "cohen_kappa": 1.0, "mcc": 1.0, "data_info": {"train_count": 2308, "test_count": 578, "actives_count": 78, "decoys_count": 2808}}, "svc": {"protein_name": "1_acyl_sn_glycerol_3_phosphate_acyltransferase_beta", "uniprot_id": "O15120", "roc_auc": 0.9979982206405694, "accuracy": 0.9965397923875432, "f1_score": 0.9966384792356703, "cohen_kappa": 0.9394002935625917, "mcc": 0.9411299502377342, "data_info": {"train_count": 2308, "test_count": 578, "actives_count": 78, "decoys_count": 2808}}, "mlp": {"protein_name": "1_acyl_sn_glycerol_3_phosphate_acyltransferase_beta", "uniprot_id": "O15120", "roc_auc": 0.9997775800711743, "accuracy": 0.9930795847750865, "f1_score": 0.9934516944032514, "cohen_kappa": 0.8853629512098373, "mcc": 0.8912384921119958, "data_info": {"train_count": 2308, "test_count": 578, "actives_count": 78, "decoys_count": 2808}}}