{"xgb": {"protein_name": "protein_mdm4", "uniprot_id": "O15151", "roc_auc": 0.8888888888888888, "accuracy": 0.8888888888888888, "f1_score": 0.8902255639097745, "cohen_kappa": 0.7567567567567568, "mcc": 0.7592566023652967, "data_info": {"train_count": 105, "test_count": 27, "actives_count": 44, "decoys_count": 88}}, "rf": {"protein_name": "protein_mdm4", "uniprot_id": "O15151", "roc_auc": 0.9938271604938271, "accuracy": 0.9629629629629629, "f1_score": 0.9623741388447271, "cohen_kappa": 0.9142857142857143, "mcc": 0.917662935482247, "data_info": {"train_count": 105, "test_count": 27, "actives_count": 44, "decoys_count": 88}}, "svc": {"protein_name": "protein_mdm4", "uniprot_id": "O15151", "roc_auc": 0.9814814814814815, "accuracy": 0.9629629629629629, "f1_score": 0.9623741388447271, "cohen_kappa": 0.9142857142857143, "mcc": 0.917662935482247, "data_info": {"train_count": 105, "test_count": 27, "actives_count": 44, "decoys_count": 88}}, "ann": {"protein_name": "protein_mdm4", "uniprot_id": "O15151", "roc_auc": 0.9320987654320987, "accuracy": 0.9629629629629629, "f1_score": 0.9623741388447271, "cohen_kappa": 0.9142857142857143, "mcc": 0.917662935482247, "data_info": {"train_count": 105, "test_count": 27, "actives_count": 44, "decoys_count": 88}}}