{"xgb": {"protein_name": "kynurenine_3_monooxygenase", "uniprot_id": "O15229", "roc_auc": 0.9975206611570248, "accuracy": 0.9834710743801653, "f1_score": 0.9827190827190826, "cohen_kappa": 0.8910891089108911, "mcc": 0.8964214570007952, "data_info": {"train_count": 484, "test_count": 121, "actives_count": 55, "decoys_count": 550}}, "rf": {"protein_name": "kynurenine_3_monooxygenase", "uniprot_id": "O15229", "roc_auc": 1.0, "accuracy": 0.9917355371900827, "f1_score": 0.9915574621456974, "cohen_kappa": 0.9478672985781991, "mcc": 0.9491579957524989, "data_info": {"train_count": 484, "test_count": 121, "actives_count": 55, "decoys_count": 550}}, "svc": {"protein_name": "kynurenine_3_monooxygenase", "uniprot_id": "O15229", "roc_auc": 0.996694214876033, "accuracy": 0.9834710743801653, "f1_score": 0.9834710743801653, "cohen_kappa": 0.9, "mcc": 0.9, "data_info": {"train_count": 484, "test_count": 121, "actives_count": 55, "decoys_count": 550}}, "ann": {"protein_name": "kynurenine_3_monooxygenase", "uniprot_id": "O15229", "roc_auc": 0.996694214876033, "accuracy": 0.9834710743801653, "f1_score": 0.9827190827190826, "cohen_kappa": 0.8910891089108911, "mcc": 0.8964214570007952, "data_info": {"train_count": 484, "test_count": 121, "actives_count": 55, "decoys_count": 550}}}