{"xgb": {"protein_name": "histone_deacetylase_3", "uniprot_id": "O15379", "roc_auc": 0.997057407774455, "accuracy": 0.9940134099616859, "f1_score": 0.9936502903462568, "cohen_kappa": 0.8726033816236479, "mcc": 0.8797718908412842, "data_info": {"train_count": 16702, "test_count": 4176, "actives_count": 567, "decoys_count": 20311}}, "rf": {"protein_name": "histone_deacetylase_3", "uniprot_id": "O15379", "roc_auc": 0.9985984025927919, "accuracy": 0.992816091954023, "f1_score": 0.9922795152628368, "cohen_kappa": 0.8433486966981687, "mcc": 0.8538908567937609, "data_info": {"train_count": 16702, "test_count": 4176, "actives_count": 567, "decoys_count": 20311}}, "svc": {"protein_name": "histone_deacetylase_3", "uniprot_id": "O15379", "roc_auc": 0.9853414909859971, "accuracy": 0.9897030651340997, "f1_score": 0.9899350447160088, "cohen_kappa": 0.813278318955836, "mcc": 0.8142076941910881, "data_info": {"train_count": 16702, "test_count": 4176, "actives_count": 567, "decoys_count": 20311}}, "mlp": {"protein_name": "histone_deacetylase_3", "uniprot_id": "O15379", "roc_auc": 0.9811552124830382, "accuracy": 0.9947318007662835, "f1_score": 0.9946856355018973, "cohen_kappa": 0.8981957763303408, "mcc": 0.898349683496275, "data_info": {"train_count": 16702, "test_count": 4176, "actives_count": 567, "decoys_count": 20311}}}