{"xgb": {"protein_name": "branched_chain_amino_acid_aminotransferase_mitochondrial", "uniprot_id": "O15382", "roc_auc": 0.9307048984468339, "accuracy": 0.9705882352941176, "f1_score": 0.9678804855275444, "cohen_kappa": 0.7848101265822784, "mcc": 0.8036375634160796, "data_info": {"train_count": 404, "test_count": 102, "actives_count": 46, "decoys_count": 460}}, "rf": {"protein_name": "branched_chain_amino_acid_aminotransferase_mitochondrial", "uniprot_id": "O15382", "roc_auc": 0.9103942652329748, "accuracy": 0.9803921568627451, "f1_score": 0.9792709637046308, "cohen_kappa": 0.8645418326693227, "mcc": 0.8725843849003544, "data_info": {"train_count": 404, "test_count": 102, "actives_count": 46, "decoys_count": 460}}, "svc": {"protein_name": "branched_chain_amino_acid_aminotransferase_mitochondrial", "uniprot_id": "O15382", "roc_auc": 0.995221027479092, "accuracy": 0.9607843137254902, "f1_score": 0.9607843137254902, "cohen_kappa": 0.7562724014336917, "mcc": 0.7562724014336918, "data_info": {"train_count": 404, "test_count": 102, "actives_count": 46, "decoys_count": 460}}, "mlp": {"protein_name": "branched_chain_amino_acid_aminotransferase_mitochondrial", "uniprot_id": "O15382", "roc_auc": 0.9713261648745519, "accuracy": 0.9803921568627451, "f1_score": 0.9792709637046308, "cohen_kappa": 0.8645418326693227, "mcc": 0.8725843849003544, "data_info": {"train_count": 404, "test_count": 102, "actives_count": 46, "decoys_count": 460}}}