{"xgb": {"protein_name": "branched_chain_amino_acid_aminotransferase_mitochondrial", "uniprot_id": "O15382", "roc_auc": 0.9407630522088353, "accuracy": 0.9736070381231672, "f1_score": 0.9605870331556955, "cohen_kappa": 0.0, "mcc": 0.0, "data_info": {"train_count": 1361, "test_count": 341, "actives_count": 46, "decoys_count": 1656}}, "rf": {"protein_name": "branched_chain_amino_acid_aminotransferase_mitochondrial", "uniprot_id": "O15382", "roc_auc": 0.9504685408299867, "accuracy": 0.9970674486803519, "f1_score": 0.9969834020967547, "cohen_kappa": 0.9396780470546613, "mcc": 0.9413923480070461, "data_info": {"train_count": 1361, "test_count": 341, "actives_count": 46, "decoys_count": 1656}}, "svc": {"protein_name": "branched_chain_amino_acid_aminotransferase_mitochondrial", "uniprot_id": "O15382", "roc_auc": 0.9668674698795181, "accuracy": 0.9970674486803519, "f1_score": 0.9969834020967547, "cohen_kappa": 0.9396780470546613, "mcc": 0.9413923480070461, "data_info": {"train_count": 1361, "test_count": 341, "actives_count": 46, "decoys_count": 1656}}, "mlp": {"protein_name": "branched_chain_amino_acid_aminotransferase_mitochondrial", "uniprot_id": "O15382", "roc_auc": 0.9303882195448461, "accuracy": 0.9882697947214076, "f1_score": 0.9866291714852659, "cohen_kappa": 0.7087959009393681, "mcc": 0.7409060662066407, "data_info": {"train_count": 1361, "test_count": 341, "actives_count": 46, "decoys_count": 1656}}}