{"xgb": {"protein_name": "group_10_secretory_phospholipase_a2", "uniprot_id": "O15496", "roc_auc": 0.9794871794871794, "accuracy": 0.9436619718309859, "f1_score": 0.9304183308808073, "cohen_kappa": 0.4779411764705883, "mcc": 0.5603656501211943, "data_info": {"train_count": 281, "test_count": 71, "actives_count": 32, "decoys_count": 320}}, "rf": {"protein_name": "group_10_secretory_phospholipase_a2", "uniprot_id": "O15496", "roc_auc": 0.9974358974358974, "accuracy": 0.9577464788732394, "f1_score": 0.951180768823467, "cohen_kappa": 0.6467661691542289, "mcc": 0.6913328984437151, "data_info": {"train_count": 281, "test_count": 71, "actives_count": 32, "decoys_count": 320}}, "svc": {"protein_name": "group_10_secretory_phospholipase_a2", "uniprot_id": "O15496", "roc_auc": 0.841025641025641, "accuracy": 0.9436619718309859, "f1_score": 0.9436619718309859, "cohen_kappa": 0.6358974358974359, "mcc": 0.6358974358974359, "data_info": {"train_count": 281, "test_count": 71, "actives_count": 32, "decoys_count": 320}}, "ann": {"protein_name": "group_10_secretory_phospholipase_a2", "uniprot_id": "O15496", "roc_auc": 0.8307692307692308, "accuracy": 0.971830985915493, "f1_score": 0.971830985915493, "cohen_kappa": 0.8179487179487179, "mcc": 0.8179487179487179, "data_info": {"train_count": 281, "test_count": 71, "actives_count": 32, "decoys_count": 320}}}