{"xgb": {"protein_name": "intermediate_conductance_calcium_activated_potassium_channel_protein_4", "uniprot_id": "O15554", "roc_auc": 0.887719298245614, "accuracy": 0.9615384615384616, "f1_score": 0.9564404667497451, "cohen_kappa": 0.6954612005856515, "mcc": 0.7301430451919677, "data_info": {"train_count": 413, "test_count": 104, "actives_count": 47, "decoys_count": 470}}, "rf": {"protein_name": "intermediate_conductance_calcium_activated_potassium_channel_protein_4", "uniprot_id": "O15554", "roc_auc": 0.9912280701754387, "accuracy": 0.9903846153846154, "f1_score": 0.9901269811186656, "cohen_kappa": 0.9359605911330049, "mcc": 0.9378857231185629, "data_info": {"train_count": 413, "test_count": 104, "actives_count": 47, "decoys_count": 470}}, "svc": {"protein_name": "intermediate_conductance_calcium_activated_potassium_channel_protein_4", "uniprot_id": "O15554", "roc_auc": 0.9953216374269006, "accuracy": 0.9711538461538461, "f1_score": 0.9684934236747709, "cohen_kappa": 0.7851239669421487, "mcc": 0.8039020483873396, "data_info": {"train_count": 413, "test_count": 104, "actives_count": 47, "decoys_count": 470}}, "ann": {"protein_name": "intermediate_conductance_calcium_activated_potassium_channel_protein_4", "uniprot_id": "O15554", "roc_auc": 0.9204678362573099, "accuracy": 0.9807692307692307, "f1_score": 0.9796674679487178, "cohen_kappa": 0.8647594278283486, "mcc": 0.8727778197031962, "data_info": {"train_count": 413, "test_count": 104, "actives_count": 47, "decoys_count": 470}}}