{"xgb": {"protein_name": "3_phosphoinositide_dependent_protein_kinase_1", "uniprot_id": "O15530", "roc_auc": 0.9869813351747669, "accuracy": 0.9911041339612768, "f1_score": 0.990274784567069, "cohen_kappa": 0.8046047527110662, "mcc": 0.820418669005545, "data_info": {"train_count": 7640, "test_count": 1911, "actives_count": 263, "decoys_count": 9288}}, "rf": {"protein_name": "3_phosphoinositide_dependent_protein_kinase_1", "uniprot_id": "O15530", "roc_auc": 0.9998476755285659, "accuracy": 0.9963369963369964, "f1_score": 0.9962109398048157, "cohen_kappa": 0.9274223738965781, "mcc": 0.9298746704403185, "data_info": {"train_count": 7640, "test_count": 1911, "actives_count": 263, "decoys_count": 9288}}, "svc": {"protein_name": "3_phosphoinositide_dependent_protein_kinase_1", "uniprot_id": "O15530", "roc_auc": 0.9923330016044845, "accuracy": 0.9963369963369964, "f1_score": 0.9963859248421053, "cohen_kappa": 0.9338960185409388, "mcc": 0.9342710189269718, "data_info": {"train_count": 7640, "test_count": 1911, "actives_count": 263, "decoys_count": 9288}}, "ann": {"protein_name": "3_phosphoinositide_dependent_protein_kinase_1", "uniprot_id": "O15530", "roc_auc": 0.9825943903974652, "accuracy": 0.9973835688121402, "f1_score": 0.9973954429819316, "cohen_kappa": 0.9519252539584309, "mcc": 0.9519692584446722, "data_info": {"train_count": 7640, "test_count": 1911, "actives_count": 263, "decoys_count": 9288}}}