{"xgb": {"protein_name": "mitogen_activated_protein_kinase_kinase_kinase_7", "uniprot_id": "O43318", "roc_auc": 0.956, "accuracy": 0.9, "f1_score": 0.881401617250674, "cohen_kappa": 0.5263157894736843, "mcc": 0.5976143046671968, "data_info": {"train_count": 120, "test_count": 30, "actives_count": 25, "decoys_count": 125}}, "rf": {"protein_name": "mitogen_activated_protein_kinase_kinase_kinase_7", "uniprot_id": "O43318", "roc_auc": 0.96, "accuracy": 0.9, "f1_score": 0.881401617250674, "cohen_kappa": 0.5263157894736843, "mcc": 0.5976143046671968, "data_info": {"train_count": 120, "test_count": 30, "actives_count": 25, "decoys_count": 125}}, "svc": {"protein_name": "mitogen_activated_protein_kinase_kinase_kinase_7", "uniprot_id": "O43318", "roc_auc": 0.952, "accuracy": 0.9666666666666667, "f1_score": 0.9651416122004356, "cohen_kappa": 0.8695652173913043, "mcc": 0.8770580193070292, "data_info": {"train_count": 120, "test_count": 30, "actives_count": 25, "decoys_count": 125}}, "ann": {"protein_name": "mitogen_activated_protein_kinase_kinase_kinase_7", "uniprot_id": "O43318", "roc_auc": 0.7200000000000002, "accuracy": 0.9, "f1_score": 0.881401617250674, "cohen_kappa": 0.5263157894736843, "mcc": 0.5976143046671968, "data_info": {"train_count": 120, "test_count": 30, "actives_count": 25, "decoys_count": 125}}}