{"xgb": {"protein_name": "orexin_receptor_type_1", "uniprot_id": "O43613", "roc_auc": 0.9964678529911473, "accuracy": 0.9873817034700315, "f1_score": 0.9873196145244839, "cohen_kappa": 0.9713847264849251, "mcc": 0.9717826722516899, "data_info": {"train_count": 1267, "test_count": 317, "actives_count": 528, "decoys_count": 1056}}, "rf": {"protein_name": "orexin_receptor_type_1", "uniprot_id": "O43613", "roc_auc": 0.9962666547438075, "accuracy": 0.9905362776025236, "f1_score": 0.9905017575230778, "cohen_kappa": 0.9785892788797083, "mcc": 0.978813657976372, "data_info": {"train_count": 1267, "test_count": 317, "actives_count": 528, "decoys_count": 1056}}, "svc": {"protein_name": "orexin_receptor_type_1", "uniprot_id": "O43613", "roc_auc": 0.9926227309308773, "accuracy": 0.9716088328075709, "f1_score": 0.9717052716948539, "cohen_kappa": 0.9366661486891469, "mcc": 0.9368749481222353, "data_info": {"train_count": 1267, "test_count": 317, "actives_count": 528, "decoys_count": 1056}}, "mlp": {"protein_name": "orexin_receptor_type_1", "uniprot_id": "O43613", "roc_auc": 0.9946794241259054, "accuracy": 0.9810725552050473, "f1_score": 0.9810725552050473, "cohen_kappa": 0.9574801037288742, "mcc": 0.9574801037288742, "data_info": {"train_count": 1267, "test_count": 317, "actives_count": 528, "decoys_count": 1056}}}