{"xgb": {"protein_name": "retinal_rod_rhodopsin_sensitive_cgmp_3_5_cyclic_phosphodiesterase_subunit_delta", "uniprot_id": "O43924", "roc_auc": 1.0, "accuracy": 0.9901960784313726, "f1_score": 0.9899339414910349, "cohen_kappa": 0.9358490566037736, "mcc": 0.9377806908406011, "data_info": {"train_count": 404, "test_count": 102, "actives_count": 46, "decoys_count": 460}}, "rf": {"protein_name": "retinal_rod_rhodopsin_sensitive_cgmp_3_5_cyclic_phosphodiesterase_subunit_delta", "uniprot_id": "O43924", "roc_auc": 1.0, "accuracy": 0.9901960784313726, "f1_score": 0.9899339414910349, "cohen_kappa": 0.9358490566037736, "mcc": 0.9377806908406011, "data_info": {"train_count": 404, "test_count": 102, "actives_count": 46, "decoys_count": 460}}, "svc": {"protein_name": "retinal_rod_rhodopsin_sensitive_cgmp_3_5_cyclic_phosphodiesterase_subunit_delta", "uniprot_id": "O43924", "roc_auc": 1.0, "accuracy": 0.9803921568627451, "f1_score": 0.9812659846547314, "cohen_kappa": 0.8892508143322475, "mcc": 0.8947550001335168, "data_info": {"train_count": 404, "test_count": 102, "actives_count": 46, "decoys_count": 460}}, "mlp": {"protein_name": "retinal_rod_rhodopsin_sensitive_cgmp_3_5_cyclic_phosphodiesterase_subunit_delta", "uniprot_id": "O43924", "roc_auc": 1.0, "accuracy": 0.9803921568627451, "f1_score": 0.9812659846547314, "cohen_kappa": 0.8892508143322475, "mcc": 0.8947550001335168, "data_info": {"train_count": 404, "test_count": 102, "actives_count": 46, "decoys_count": 460}}}