{"xgb": {"protein_name": "aldo_keto_reductase_family_1_member_b10", "uniprot_id": "O60218", "roc_auc": 0.9989583333333333, "accuracy": 0.9716981132075472, "f1_score": 0.9694185947238112, "cohen_kappa": 0.8086642599277978, "mcc": 0.8238858408710996, "data_info": {"train_count": 422, "test_count": 106, "actives_count": 48, "decoys_count": 480}}, "rf": {"protein_name": "aldo_keto_reductase_family_1_member_b10", "uniprot_id": "O60218", "roc_auc": 0.9989583333333334, "accuracy": 0.9811320754716981, "f1_score": 0.9801811147852774, "cohen_kappa": 0.8787185354691076, "mcc": 0.885253336275981, "data_info": {"train_count": 422, "test_count": 106, "actives_count": 48, "decoys_count": 480}}, "svc": {"protein_name": "aldo_keto_reductase_family_1_member_b10", "uniprot_id": "O60218", "roc_auc": 0.9916666666666667, "accuracy": 0.9622641509433962, "f1_score": 0.9637808070777286, "cohen_kappa": 0.7973231357552581, "mcc": 0.8014489869750939, "data_info": {"train_count": 422, "test_count": 106, "actives_count": 48, "decoys_count": 480}}, "mlp": {"protein_name": "aldo_keto_reductase_family_1_member_b10", "uniprot_id": "O60218", "roc_auc": 0.9916666666666667, "accuracy": 0.9622641509433962, "f1_score": 0.9622641509433962, "cohen_kappa": 0.7791666666666667, "mcc": 0.7791666666666667, "data_info": {"train_count": 422, "test_count": 106, "actives_count": 48, "decoys_count": 480}}}