{"xgb": {"protein_name": "lysine_specific_histone_demethylase_1a", "uniprot_id": "O60341", "roc_auc": 0.9951233505450373, "accuracy": 0.96, "f1_score": 0.9598787966236203, "cohen_kappa": 0.909825422017025, "mcc": 0.9099734222024106, "data_info": {"train_count": 496, "test_count": 125, "actives_count": 207, "decoys_count": 414}}, "rf": {"protein_name": "lysine_specific_histone_demethylase_1a", "uniprot_id": "O60341", "roc_auc": 0.9964142283419392, "accuracy": 0.984, "f1_score": 0.9839001161440185, "cohen_kappa": 0.9637155297532656, "mcc": 0.9643505528569568, "data_info": {"train_count": 496, "test_count": 125, "actives_count": 207, "decoys_count": 414}}, "svc": {"protein_name": "lysine_specific_histone_demethylase_1a", "uniprot_id": "O60341", "roc_auc": 0.9753298909925416, "accuracy": 0.944, "f1_score": 0.9447034684904738, "cohen_kappa": 0.8780827643862338, "mcc": 0.8814313264749244, "data_info": {"train_count": 496, "test_count": 125, "actives_count": 207, "decoys_count": 414}}, "ann": {"protein_name": "lysine_specific_histone_demethylase_1a", "uniprot_id": "O60341", "roc_auc": 0.9982788296041308, "accuracy": 0.976, "f1_score": 0.976068449197861, "cohen_kappa": 0.9465278768002281, "mcc": 0.9466782669033607, "data_info": {"train_count": 496, "test_count": 125, "actives_count": 207, "decoys_count": 414}}}