{"xgb": {"protein_name": "protein_o_glcnacase", "uniprot_id": "O60502", "roc_auc": 1.0, "accuracy": 0.9736842105263158, "f1_score": 0.9734158926728584, "cohen_kappa": 0.9404388714733543, "mcc": 0.9421114395319916, "data_info": {"train_count": 148, "test_count": 38, "actives_count": 62, "decoys_count": 124}}, "rf": {"protein_name": "protein_o_glcnacase", "uniprot_id": "O60502", "roc_auc": 1.0, "accuracy": 0.9736842105263158, "f1_score": 0.9734158926728584, "cohen_kappa": 0.9404388714733543, "mcc": 0.9421114395319916, "data_info": {"train_count": 148, "test_count": 38, "actives_count": 62, "decoys_count": 124}}, "svc": {"protein_name": "protein_o_glcnacase", "uniprot_id": "O60502", "roc_auc": 1.0, "accuracy": 1.0, "f1_score": 1.0, "cohen_kappa": 1.0, "mcc": 1.0, "data_info": {"train_count": 148, "test_count": 38, "actives_count": 62, "decoys_count": 124}}, "mlp": {"protein_name": "protein_o_glcnacase", "uniprot_id": "O60502", "roc_auc": 0.9784615384615385, "accuracy": 0.9736842105263158, "f1_score": 0.9734158926728584, "cohen_kappa": 0.9404388714733543, "mcc": 0.9421114395319916, "data_info": {"train_count": 148, "test_count": 38, "actives_count": 62, "decoys_count": 124}}}