{"xgb": {"protein_name": "tyrosine_protein_kinase_jak2", "uniprot_id": "O60674", "roc_auc": 0.999431826396218, "accuracy": 0.9975803664016591, "f1_score": 0.9975741163422107, "cohen_kappa": 0.9852856869864323, "mcc": 0.985305278660261, "data_info": {"train_count": 11572, "test_count": 2893, "actives_count": 1315, "decoys_count": 13150}}, "rf": {"protein_name": "tyrosine_protein_kinase_jak2", "uniprot_id": "O60674", "roc_auc": 0.9997289248073559, "accuracy": 0.9972347044590391, "f1_score": 0.9972299526992398, "cohen_kappa": 0.9832125143075162, "mcc": 0.9832211734416592, "data_info": {"train_count": 11572, "test_count": 2893, "actives_count": 1315, "decoys_count": 13150}}, "svc": {"protein_name": "tyrosine_protein_kinase_jak2", "uniprot_id": "O60674", "roc_auc": 0.9964854197689716, "accuracy": 0.9955063947459385, "f1_score": 0.9955254133034779, "cohen_kappa": 0.9730442978322338, "mcc": 0.9730965966933041, "data_info": {"train_count": 11572, "test_count": 2893, "actives_count": 1315, "decoys_count": 13150}}, "ann": {"protein_name": "tyrosine_protein_kinase_jak2", "uniprot_id": "O60674", "roc_auc": 0.9980641616909309, "accuracy": 0.994123746975458, "f1_score": 0.9941681375736661, "cohen_kappa": 0.964987829994383, "mcc": 0.9651536469746953, "data_info": {"train_count": 11572, "test_count": 2893, "actives_count": 1315, "decoys_count": 13150}}}