{"xgb": {"protein_name": "rho_associated_protein_kinase_2", "uniprot_id": "O75116", "roc_auc": 0.9973278014134525, "accuracy": 0.989345509893455, "f1_score": 0.9890435809672868, "cohen_kappa": 0.9317012318727584, "mcc": 0.93388192758943, "data_info": {"train_count": 5253, "test_count": 1314, "actives_count": 597, "decoys_count": 5970}}, "rf": {"protein_name": "rho_associated_protein_kinase_2", "uniprot_id": "O75116", "roc_auc": 0.9976407299321401, "accuracy": 0.9878234398782344, "f1_score": 0.987478378248328, "cohen_kappa": 0.9219442649974382, "mcc": 0.9241021240201731, "data_info": {"train_count": 5253, "test_count": 1314, "actives_count": 597, "decoys_count": 5970}}, "svc": {"protein_name": "rho_associated_protein_kinase_2", "uniprot_id": "O75116", "roc_auc": 0.9878133680250344, "accuracy": 0.9939117199391172, "f1_score": 0.9939117199391172, "cohen_kappa": 0.9630392742871207, "mcc": 0.9630392742871207, "data_info": {"train_count": 5253, "test_count": 1314, "actives_count": 597, "decoys_count": 5970}}, "ann": {"protein_name": "rho_associated_protein_kinase_2", "uniprot_id": "O75116", "roc_auc": 0.987911817446644, "accuracy": 0.9916286149162862, "f1_score": 0.9915139992977016, "cohen_kappa": 0.9477965024306735, "mcc": 0.9483199276746255, "data_info": {"train_count": 5253, "test_count": 1314, "actives_count": 597, "decoys_count": 5970}}}