{"xgb": {"protein_name": "a_disintegrin_and_metalloproteinase_with_thrombospondin_motifs_4", "uniprot_id": "O75173", "roc_auc": 0.9950308641975308, "accuracy": 0.9927927927927928, "f1_score": 0.992251689668664, "cohen_kappa": 0.8425531914893617, "mcc": 0.8531946884917816, "data_info": {"train_count": 4440, "test_count": 1110, "actives_count": 150, "decoys_count": 5400}}, "rf": {"protein_name": "a_disintegrin_and_metalloproteinase_with_thrombospondin_motifs_4", "uniprot_id": "O75173", "roc_auc": 0.9997222222222223, "accuracy": 0.9963963963963964, "f1_score": 0.9962710267701026, "cohen_kappa": 0.9267326732673268, "mcc": 0.929230130100368, "data_info": {"train_count": 4440, "test_count": 1110, "actives_count": 150, "decoys_count": 5400}}, "svc": {"protein_name": "a_disintegrin_and_metalloproteinase_with_thrombospondin_motifs_4", "uniprot_id": "O75173", "roc_auc": 0.9862962962962963, "accuracy": 0.9963963963963964, "f1_score": 0.9963963963963964, "cohen_kappa": 0.9314814814814815, "mcc": 0.9314814814814815, "data_info": {"train_count": 4440, "test_count": 1110, "actives_count": 150, "decoys_count": 5400}}, "ann": {"protein_name": "a_disintegrin_and_metalloproteinase_with_thrombospondin_motifs_4", "uniprot_id": "O75173", "roc_auc": 0.999753086419753, "accuracy": 0.9981981981981982, "f1_score": 0.9981981981981982, "cohen_kappa": 0.9657407407407408, "mcc": 0.9657407407407408, "data_info": {"train_count": 4440, "test_count": 1110, "actives_count": 150, "decoys_count": 5400}}}