{"xgb": {"protein_name": "transient_receptor_potential_cation_channel_subfamily_a_member_1", "uniprot_id": "O75762", "roc_auc": 0.9833856783919599, "accuracy": 0.9703196347031964, "f1_score": 0.9676786664574077, "cohen_kappa": 0.7905539615978813, "mcc": 0.8084860141254742, "data_info": {"train_count": 1751, "test_count": 438, "actives_count": 199, "decoys_count": 1990}}, "rf": {"protein_name": "transient_receptor_potential_cation_channel_subfamily_a_member_1", "uniprot_id": "O75762", "roc_auc": 0.9955716080402011, "accuracy": 0.9885844748858448, "f1_score": 0.9882395863617965, "cohen_kappa": 0.9271214642262895, "mcc": 0.9295934168202428, "data_info": {"train_count": 1751, "test_count": 438, "actives_count": 199, "decoys_count": 1990}}, "svc": {"protein_name": "transient_receptor_potential_cation_channel_subfamily_a_member_1", "uniprot_id": "O75762", "roc_auc": 0.9805276381909547, "accuracy": 0.9771689497716894, "f1_score": 0.9771689497716894, "cohen_kappa": 0.8624371859296482, "mcc": 0.8624371859296482, "data_info": {"train_count": 1751, "test_count": 438, "actives_count": 199, "decoys_count": 1990}}, "ann": {"protein_name": "transient_receptor_potential_cation_channel_subfamily_a_member_1", "uniprot_id": "O75762", "roc_auc": 0.9939698492462312, "accuracy": 0.9817351598173516, "f1_score": 0.981523883470531, "cohen_kappa": 0.8874180696568564, "mcc": 0.8877697708085052, "data_info": {"train_count": 1751, "test_count": 438, "actives_count": 199, "decoys_count": 1990}}}