{"xgb": {"protein_name": "isocitrate_dehydrogenase_nadp_cytoplasmic", "uniprot_id": "O75874", "roc_auc": 1.0, "accuracy": 0.9974391805377721, "f1_score": 0.997422689827753, "cohen_kappa": 0.9843081312410842, "mcc": 0.9844293390566463, "data_info": {"train_count": 3124, "test_count": 781, "actives_count": 355, "decoys_count": 3550}}, "rf": {"protein_name": "isocitrate_dehydrogenase_nadp_cytoplasmic", "uniprot_id": "O75874", "roc_auc": 1.0, "accuracy": 1.0, "f1_score": 1.0, "cohen_kappa": 1.0, "mcc": 1.0, "data_info": {"train_count": 3124, "test_count": 781, "actives_count": 355, "decoys_count": 3550}}, "svc": {"protein_name": "isocitrate_dehydrogenase_nadp_cytoplasmic", "uniprot_id": "O75874", "roc_auc": 0.9999801626661378, "accuracy": 0.9974391805377721, "f1_score": 0.9974551580686982, "cohen_kappa": 0.9847009735744089, "mcc": 0.9848162334662393, "data_info": {"train_count": 3124, "test_count": 781, "actives_count": 355, "decoys_count": 3550}}, "ann": {"protein_name": "isocitrate_dehydrogenase_nadp_cytoplasmic", "uniprot_id": "O75874", "roc_auc": 1.0, "accuracy": 0.998719590268886, "f1_score": 0.9987236160597683, "cohen_kappa": 0.9923023093072079, "mcc": 0.9923317097736131, "data_info": {"train_count": 3124, "test_count": 781, "actives_count": 355, "decoys_count": 3550}}}