{"xgb": {"protein_name": "sterol_o_acyltransferase_2", "uniprot_id": "O75908", "roc_auc": 1.0, "accuracy": 0.9951219512195122, "f1_score": 0.9950625705807816, "cohen_kappa": 0.9702941602666281, "mcc": 0.9707225555036723, "data_info": {"train_count": 818, "test_count": 205, "actives_count": 93, "decoys_count": 930}}, "rf": {"protein_name": "sterol_o_acyltransferase_2", "uniprot_id": "O75908", "roc_auc": 0.9999999999999999, "accuracy": 0.9951219512195122, "f1_score": 0.9950625705807816, "cohen_kappa": 0.9702941602666281, "mcc": 0.9707225555036723, "data_info": {"train_count": 818, "test_count": 205, "actives_count": 93, "decoys_count": 930}}, "svc": {"protein_name": "sterol_o_acyltransferase_2", "uniprot_id": "O75908", "roc_auc": 0.9934917940011319, "accuracy": 0.9804878048780488, "f1_score": 0.9809228740936057, "cohen_kappa": 0.8892191299648744, "mcc": 0.8905863836599963, "data_info": {"train_count": 818, "test_count": 205, "actives_count": 93, "decoys_count": 930}}, "mlp": {"protein_name": "sterol_o_acyltransferase_2", "uniprot_id": "O75908", "roc_auc": 1.0, "accuracy": 0.9951219512195122, "f1_score": 0.9950625705807816, "cohen_kappa": 0.9702941602666281, "mcc": 0.9707225555036723, "data_info": {"train_count": 818, "test_count": 205, "actives_count": 93, "decoys_count": 930}}}