{"xgb": {"protein_name": "malonyl_coa_decarboxylase_mitochondrial", "uniprot_id": "O95822", "roc_auc": 0.9938056944142577, "accuracy": 0.9893842887473461, "f1_score": 0.989210975874461, "cohen_kappa": 0.9339466524556138, "mcc": 0.9346809908179762, "data_info": {"train_count": 1883, "test_count": 471, "actives_count": 214, "decoys_count": 2140}}, "rf": {"protein_name": "malonyl_coa_decarboxylase_mitochondrial", "uniprot_id": "O95822", "roc_auc": 0.9978808954575094, "accuracy": 0.9893842887473461, "f1_score": 0.9890874671224386, "cohen_kappa": 0.9324886047644985, "mcc": 0.9346209395007147, "data_info": {"train_count": 1883, "test_count": 471, "actives_count": 214, "decoys_count": 2140}}, "svc": {"protein_name": "malonyl_coa_decarboxylase_mitochondrial", "uniprot_id": "O95822", "roc_auc": 0.9863073244946751, "accuracy": 0.9957537154989384, "f1_score": 0.9957537154989384, "cohen_kappa": 0.9744077374483808, "mcc": 0.9744077374483808, "data_info": {"train_count": 1883, "test_count": 471, "actives_count": 214, "decoys_count": 2140}}, "mlp": {"protein_name": "malonyl_coa_decarboxylase_mitochondrial", "uniprot_id": "O95822", "roc_auc": 0.9823951314931536, "accuracy": 0.9893842887473461, "f1_score": 0.989210975874461, "cohen_kappa": 0.9339466524556138, "mcc": 0.9346809908179762, "data_info": {"train_count": 1883, "test_count": 471, "actives_count": 214, "decoys_count": 2140}}}