{"xgb": {"protein_name": "serine_threonine_protein_kinase_pak_4", "uniprot_id": "O96013", "roc_auc": 0.9918367346938776, "accuracy": 0.9722222222222222, "f1_score": 0.9715617300442306, "cohen_kappa": 0.8269230769230769, "mcc": 0.828302688169126, "data_info": {"train_count": 431, "test_count": 108, "actives_count": 49, "decoys_count": 490}}, "rf": {"protein_name": "serine_threonine_protein_kinase_pak_4", "uniprot_id": "O96013", "roc_auc": 1.0, "accuracy": 0.9907407407407407, "f1_score": 0.9905205766814101, "cohen_kappa": 0.9423076923076923, "mcc": 0.9438798074485388, "data_info": {"train_count": 431, "test_count": 108, "actives_count": 49, "decoys_count": 490}}, "svc": {"protein_name": "serine_threonine_protein_kinase_pak_4", "uniprot_id": "O96013", "roc_auc": 1.0, "accuracy": 1.0, "f1_score": 1.0, "cohen_kappa": 1.0, "mcc": 1.0, "data_info": {"train_count": 431, "test_count": 108, "actives_count": 49, "decoys_count": 490}}, "ann": {"protein_name": "serine_threonine_protein_kinase_pak_4", "uniprot_id": "O96013", "roc_auc": 0.9693877551020409, "accuracy": 0.9814814814814815, "f1_score": 0.9814814814814815, "cohen_kappa": 0.889795918367347, "mcc": 0.889795918367347, "data_info": {"train_count": 431, "test_count": 108, "actives_count": 49, "decoys_count": 490}}}