{"xgb": {"protein_name": "purine_nucleoside_phosphorylase", "uniprot_id": "P00491", "roc_auc": 0.9994740302432611, "accuracy": 0.993006993006993, "f1_score": 0.9929660608277766, "cohen_kappa": 0.9571984435797666, "mcc": 0.9572958785618947, "data_info": {"train_count": 1716, "test_count": 429, "actives_count": 195, "decoys_count": 1950}}, "rf": {"protein_name": "purine_nucleoside_phosphorylase", "uniprot_id": "P00491", "roc_auc": 1.0, "accuracy": 1.0, "f1_score": 1.0, "cohen_kappa": 1.0, "mcc": 1.0, "data_info": {"train_count": 1716, "test_count": 429, "actives_count": 195, "decoys_count": 1950}}, "svc": {"protein_name": "purine_nucleoside_phosphorylase", "uniprot_id": "P00491", "roc_auc": 0.9990138067061144, "accuracy": 0.9976689976689976, "f1_score": 0.9976822546979028, "cohen_kappa": 0.9860583016476553, "mcc": 0.986154146165801, "data_info": {"train_count": 1716, "test_count": 429, "actives_count": 195, "decoys_count": 1950}}, "ann": {"protein_name": "purine_nucleoside_phosphorylase", "uniprot_id": "P00491", "roc_auc": 0.9999342537804077, "accuracy": 0.9976689976689976, "f1_score": 0.9976822546979028, "cohen_kappa": 0.9860583016476553, "mcc": 0.986154146165801, "data_info": {"train_count": 1716, "test_count": 429, "actives_count": 195, "decoys_count": 1950}}}