{"xgb": {"protein_name": "coagulation_factor_xiii_a_chain", "uniprot_id": "P00488", "roc_auc": 0.9438423645320196, "accuracy": 0.9685534591194969, "f1_score": 0.9668276557838025, "cohen_kappa": 0.7832015271338969, "mcc": 0.7899129261247613, "data_info": {"train_count": 633, "test_count": 159, "actives_count": 72, "decoys_count": 720}}, "rf": {"protein_name": "coagulation_factor_xiii_a_chain", "uniprot_id": "P00488", "roc_auc": 0.9450738916256157, "accuracy": 0.9811320754716981, "f1_score": 0.9800965934702813, "cohen_kappa": 0.8699209162803382, "mcc": 0.8773754297834222, "data_info": {"train_count": 633, "test_count": 159, "actives_count": 72, "decoys_count": 720}}, "svc": {"protein_name": "coagulation_factor_xiii_a_chain", "uniprot_id": "P00488", "roc_auc": 0.9679802955665024, "accuracy": 0.9874213836477987, "f1_score": 0.9874213836477987, "cohen_kappa": 0.9216748768472907, "mcc": 0.9216748768472907, "data_info": {"train_count": 633, "test_count": 159, "actives_count": 72, "decoys_count": 720}}, "ann": {"protein_name": "coagulation_factor_xiii_a_chain", "uniprot_id": "P00488", "roc_auc": 0.9532019704433498, "accuracy": 0.9685534591194969, "f1_score": 0.9668276557838025, "cohen_kappa": 0.7832015271338969, "mcc": 0.7899129261247613, "data_info": {"train_count": 633, "test_count": 159, "actives_count": 72, "decoys_count": 720}}}