{"xgb": {"protein_name": "coagulation_factor_xiii_a_chain", "uniprot_id": "P00488", "roc_auc": 0.9857700892857143, "accuracy": 0.973384030418251, "f1_score": 0.9602555367517236, "cohen_kappa": 0.0, "mcc": 0.0, "data_info": {"train_count": 2102, "test_count": 526, "actives_count": 72, "decoys_count": 2556}}, "rf": {"protein_name": "coagulation_factor_xiii_a_chain", "uniprot_id": "P00488", "roc_auc": 1.0, "accuracy": 0.9961977186311787, "f1_score": 0.9960551829673304, "cohen_kappa": 0.9211394302848576, "mcc": 0.9240171377892802, "data_info": {"train_count": 2102, "test_count": 526, "actives_count": 72, "decoys_count": 2556}}, "svc": {"protein_name": "coagulation_factor_xiii_a_chain", "uniprot_id": "P00488", "roc_auc": 0.998046875, "accuracy": 0.9980988593155894, "f1_score": 0.9981307084044811, "cohen_kappa": 0.9645409195092356, "mcc": 0.9651478729535007, "data_info": {"train_count": 2102, "test_count": 526, "actives_count": 72, "decoys_count": 2556}}, "mlp": {"protein_name": "coagulation_factor_xiii_a_chain", "uniprot_id": "P00488", "roc_auc": 0.9995814732142857, "accuracy": 0.9961977186311787, "f1_score": 0.9963207409116049, "cohen_kappa": 0.9313853378554657, "mcc": 0.9335855778931035, "data_info": {"train_count": 2102, "test_count": 526, "actives_count": 72, "decoys_count": 2556}}}