{"xgb": {"protein_name": "tyrosine_protein_kinase_abl1", "uniprot_id": "P00519", "roc_auc": 0.9983076157292186, "accuracy": 0.9809782608695652, "f1_score": 0.9810342611406255, "cohen_kappa": 0.9575169866086154, "mcc": 0.9576757321517273, "data_info": {"train_count": 1471, "test_count": 368, "actives_count": 613, "decoys_count": 1226}}, "rf": {"protein_name": "tyrosine_protein_kinase_abl1", "uniprot_id": "P00519", "roc_auc": 0.9988551518168243, "accuracy": 0.9945652173913043, "f1_score": 0.9945539899982035, "cohen_kappa": 0.9877386465864791, "mcc": 0.987812903662486, "data_info": {"train_count": 1471, "test_count": 368, "actives_count": 613, "decoys_count": 1226}}, "svc": {"protein_name": "tyrosine_protein_kinase_abl1", "uniprot_id": "P00519", "roc_auc": 0.9994026879044301, "accuracy": 0.9809782608695652, "f1_score": 0.9810342611406255, "cohen_kappa": 0.9575169866086154, "mcc": 0.9576757321517273, "data_info": {"train_count": 1471, "test_count": 368, "actives_count": 613, "decoys_count": 1226}}, "ann": {"protein_name": "tyrosine_protein_kinase_abl1", "uniprot_id": "P00519", "roc_auc": 0.9984735357557657, "accuracy": 0.9891304347826086, "f1_score": 0.9891079799964071, "cohen_kappa": 0.9754772931729584, "mcc": 0.9755506284542622, "data_info": {"train_count": 1471, "test_count": 368, "actives_count": 613, "decoys_count": 1226}}}