{"xgb": {"protein_name": "prothrombin", "uniprot_id": "P00734", "roc_auc": 0.999494656586931, "accuracy": 0.990791896869245, "f1_score": 0.9907724217380032, "cohen_kappa": 0.9791955617198336, "mcc": 0.9792718582322729, "data_info": {"train_count": 6516, "test_count": 1629, "actives_count": 2715, "decoys_count": 5430}}, "rf": {"protein_name": "prothrombin", "uniprot_id": "P00734", "roc_auc": 0.9978963808593552, "accuracy": 0.988950276243094, "f1_score": 0.9889400076111776, "cohen_kappa": 0.9750922509225092, "mcc": 0.9751071881372654, "data_info": {"train_count": 6516, "test_count": 1629, "actives_count": 2715, "decoys_count": 5430}}, "svc": {"protein_name": "prothrombin", "uniprot_id": "P00734", "roc_auc": 0.994431895648281, "accuracy": 0.9760589318600368, "f1_score": 0.976064430476673, "cohen_kappa": 0.9461573861021629, "mcc": 0.9461582877917741, "data_info": {"train_count": 6516, "test_count": 1629, "actives_count": 2715, "decoys_count": 5430}}, "mlp": {"protein_name": "prothrombin", "uniprot_id": "P00734", "roc_auc": 0.9962675810330034, "accuracy": 0.990791896869245, "f1_score": 0.990785493679753, "cohen_kappa": 0.979253112033195, "mcc": 0.9792615422062061, "data_info": {"train_count": 6516, "test_count": 1629, "actives_count": 2715, "decoys_count": 5430}}}