{"xgb": {"protein_name": "renin", "uniprot_id": "P00797", "roc_auc": 0.999766322050701, "accuracy": 0.9972359328726554, "f1_score": 0.99723049776275, "cohen_kappa": 0.9831967621006535, "mcc": 0.983208093089581, "data_info": {"train_count": 20257, "test_count": 5065, "actives_count": 2302, "decoys_count": 23020}}, "rf": {"protein_name": "renin", "uniprot_id": "P00797", "roc_auc": 0.9999183307369116, "accuracy": 0.998025666337611, "f1_score": 0.99802178411625, "cohen_kappa": 0.9879976872147526, "mcc": 0.9880090735326146, "data_info": {"train_count": 20257, "test_count": 5065, "actives_count": 2302, "decoys_count": 23020}}, "svc": {"protein_name": "renin", "uniprot_id": "P00797", "roc_auc": 0.9986687438039938, "accuracy": 0.9974333662388943, "f1_score": 0.9974420807549179, "cohen_kappa": 0.9845637733363184, "mcc": 0.9845977850120207, "data_info": {"train_count": 20257, "test_count": 5065, "actives_count": 2302, "decoys_count": 23020}}, "ann": {"protein_name": "renin", "uniprot_id": "P00797", "roc_auc": 0.9990870037294057, "accuracy": 0.9984205330700888, "f1_score": 0.9984205330700888, "cohen_kappa": 0.9904357267620262, "mcc": 0.9904357267620262, "data_info": {"train_count": 20257, "test_count": 5065, "actives_count": 2302, "decoys_count": 23020}}}