{"xgb": {"protein_name": "coagulation_factor_ix", "uniprot_id": "P00740", "roc_auc": 0.9987187435420541, "accuracy": 0.9951749095295537, "f1_score": 0.9949455072162838, "cohen_kappa": 0.8999894440004222, "mcc": 0.9045243890664678, "data_info": {"train_count": 6630, "test_count": 1658, "actives_count": 224, "decoys_count": 8064}}, "rf": {"protein_name": "coagulation_factor_ix", "uniprot_id": "P00740", "roc_auc": 1.0, "accuracy": 0.9987937273823885, "f1_score": 0.9987803934294084, "cohen_kappa": 0.9766534773364124, "mcc": 0.9769197536248102, "data_info": {"train_count": 6630, "test_count": 1658, "actives_count": 224, "decoys_count": 8064}}, "svc": {"protein_name": "coagulation_factor_ix", "uniprot_id": "P00740", "roc_auc": 0.9998208996349108, "accuracy": 0.9981905910735827, "f1_score": 0.9982189329807403, "cohen_kappa": 0.9668121221826335, "mcc": 0.9673450028912761, "data_info": {"train_count": 6630, "test_count": 1658, "actives_count": 224, "decoys_count": 8064}}, "ann": {"protein_name": "coagulation_factor_ix", "uniprot_id": "P00740", "roc_auc": 1.0, "accuracy": 1.0, "f1_score": 1.0, "cohen_kappa": 1.0, "mcc": 1.0, "data_info": {"train_count": 6630, "test_count": 1658, "actives_count": 224, "decoys_count": 8064}}}