{"xgb": {"protein_name": "tissue_type_plasminogen_activator", "uniprot_id": "P00750", "roc_auc": 0.9978213507625273, "accuracy": 0.9880952380952381, "f1_score": 0.9877087198515768, "cohen_kappa": 0.9221140472878999, "mcc": 0.9249237108906561, "data_info": {"train_count": 668, "test_count": 168, "actives_count": 76, "decoys_count": 760}}, "rf": {"protein_name": "tissue_type_plasminogen_activator", "uniprot_id": "P00750", "roc_auc": 0.9978213507625272, "accuracy": 0.9880952380952381, "f1_score": 0.9877087198515768, "cohen_kappa": 0.9221140472878999, "mcc": 0.9249237108906561, "data_info": {"train_count": 668, "test_count": 168, "actives_count": 76, "decoys_count": 760}}, "svc": {"protein_name": "tissue_type_plasminogen_activator", "uniprot_id": "P00750", "roc_auc": 0.9302832244008716, "accuracy": 0.9702380952380952, "f1_score": 0.970669335952255, "cohen_kappa": 0.8223350253807107, "mcc": 0.8228546550161419, "data_info": {"train_count": 668, "test_count": 168, "actives_count": 76, "decoys_count": 760}}, "mlp": {"protein_name": "tissue_type_plasminogen_activator", "uniprot_id": "P00750", "roc_auc": 0.939433551198257, "accuracy": 0.9880952380952381, "f1_score": 0.9877087198515768, "cohen_kappa": 0.9221140472878999, "mcc": 0.9249237108906561, "data_info": {"train_count": 668, "test_count": 168, "actives_count": 76, "decoys_count": 760}}}