{"xgb": {"protein_name": "kininogen_1", "uniprot_id": "P01042", "roc_auc": 0.9990196078431373, "accuracy": 0.9725400457665904, "f1_score": 0.9590012052222758, "cohen_kappa": 0.0, "mcc": 0.0, "data_info": {"train_count": 1746, "test_count": 437, "actives_count": 59, "decoys_count": 2124}}, "rf": {"protein_name": "kininogen_1", "uniprot_id": "P01042", "roc_auc": 1.0, "accuracy": 0.9977116704805492, "f1_score": 0.9976632686810778, "cohen_kappa": 0.9553489322570757, "mcc": 0.9563027067721056, "data_info": {"train_count": 1746, "test_count": 437, "actives_count": 59, "decoys_count": 2124}}, "svc": {"protein_name": "kininogen_1", "uniprot_id": "P01042", "roc_auc": 0.9992156862745099, "accuracy": 0.9954233409610984, "f1_score": 0.995593969305165, "cohen_kappa": 0.920732813350263, "mcc": 0.9236391306660189, "data_info": {"train_count": 1746, "test_count": 437, "actives_count": 59, "decoys_count": 2124}}, "mlp": {"protein_name": "kininogen_1", "uniprot_id": "P01042", "roc_auc": 1.0, "accuracy": 0.9977116704805492, "f1_score": 0.9976632686810778, "cohen_kappa": 0.9553489322570757, "mcc": 0.9563027067721056, "data_info": {"train_count": 1746, "test_count": 437, "actives_count": 59, "decoys_count": 2124}}}