{"xgb": {"protein_name": "acetylcholine_receptor_subunit_alpha", "uniprot_id": "P02708", "roc_auc": 0.765625, "accuracy": 0.972972972972973, "f1_score": 0.9596445760829322, "cohen_kappa": 0.0, "mcc": 0.0, "data_info": {"train_count": 592, "test_count": 148, "actives_count": 20, "decoys_count": 720}}, "rf": {"protein_name": "acetylcholine_receptor_subunit_alpha", "uniprot_id": "P02708", "roc_auc": 0.9123263888888888, "accuracy": 0.9797297297297297, "f1_score": 0.9737531345778768, "cohen_kappa": 0.39344262295081966, "mcc": 0.4948716593053935, "data_info": {"train_count": 592, "test_count": 148, "actives_count": 20, "decoys_count": 720}}, "svc": {"protein_name": "acetylcholine_receptor_subunit_alpha", "uniprot_id": "P02708", "roc_auc": 0.953125, "accuracy": 0.9797297297297297, "f1_score": 0.9783169229536011, "cohen_kappa": 0.5612648221343873, "mcc": 0.5673649067577046, "data_info": {"train_count": 592, "test_count": 148, "actives_count": 20, "decoys_count": 720}}, "mlp": {"protein_name": "acetylcholine_receptor_subunit_alpha", "uniprot_id": "P02708", "roc_auc": 0.9895833333333334, "accuracy": 0.9797297297297297, "f1_score": 0.9737531345778768, "cohen_kappa": 0.39344262295081966, "mcc": 0.4948716593053935, "data_info": {"train_count": 592, "test_count": 148, "actives_count": 20, "decoys_count": 720}}}