{"xgb": {"protein_name": "raf_proto_oncogene_serine_threonine_protein_kinase", "uniprot_id": "P04049", "roc_auc": 0.9989564698867025, "accuracy": 0.9894366197183099, "f1_score": 0.9893432732016173, "cohen_kappa": 0.935376213592233, "mcc": 0.9355933085779148, "data_info": {"train_count": 1135, "test_count": 284, "actives_count": 129, "decoys_count": 1290}}, "rf": {"protein_name": "raf_proto_oncogene_serine_threonine_protein_kinase", "uniprot_id": "P04049", "roc_auc": 0.9998509242695289, "accuracy": 0.9964788732394366, "f1_score": 0.9964477577338725, "cohen_kappa": 0.9784587378640777, "mcc": 0.9786858320349578, "data_info": {"train_count": 1135, "test_count": 284, "actives_count": 129, "decoys_count": 1290}}, "svc": {"protein_name": "raf_proto_oncogene_serine_threonine_protein_kinase", "uniprot_id": "P04049", "roc_auc": 0.9995527728085868, "accuracy": 0.9894366197183099, "f1_score": 0.9895260185402578, "cohen_kappa": 0.9375732708089097, "mcc": 0.9377763263957009, "data_info": {"train_count": 1135, "test_count": 284, "actives_count": 129, "decoys_count": 1290}}, "mlp": {"protein_name": "raf_proto_oncogene_serine_threonine_protein_kinase", "uniprot_id": "P04049", "roc_auc": 1.0, "accuracy": 0.9929577464788732, "f1_score": 0.9928304964924682, "cohen_kappa": 0.9561457689932057, "mcc": 0.9570665239997409, "data_info": {"train_count": 1135, "test_count": 284, "actives_count": 129, "decoys_count": 1290}}}