{"xgb": {"protein_name": "high_affinity_nerve_growth_factor_receptor", "uniprot_id": "P04629", "roc_auc": 0.9896127968417124, "accuracy": 0.9800796812749004, "f1_score": 0.9793254518159247, "cohen_kappa": 0.8701651385637988, "mcc": 0.8737813272873866, "data_info": {"train_count": 4012, "test_count": 1004, "actives_count": 456, "decoys_count": 4560}}, "rf": {"protein_name": "high_affinity_nerve_growth_factor_receptor", "uniprot_id": "P04629", "roc_auc": 0.992393149019655, "accuracy": 0.9850597609561753, "f1_score": 0.9844496567717297, "cohen_kappa": 0.902103538833563, "mcc": 0.9064576126669991, "data_info": {"train_count": 4012, "test_count": 1004, "actives_count": 456, "decoys_count": 4560}}, "svc": {"protein_name": "high_affinity_nerve_growth_factor_receptor", "uniprot_id": "P04629", "roc_auc": 0.9893359652395797, "accuracy": 0.9880478087649402, "f1_score": 0.9879265769854824, "cohen_kappa": 0.926030525915102, "mcc": 0.9263121410131462, "data_info": {"train_count": 4012, "test_count": 1004, "actives_count": 456, "decoys_count": 4560}}, "ann": {"protein_name": "high_affinity_nerve_growth_factor_receptor", "uniprot_id": "P04629", "roc_auc": 0.9888304466617719, "accuracy": 0.9860557768924303, "f1_score": 0.9857656327397263, "cohen_kappa": 0.9119243060342127, "mcc": 0.91308145922656, "data_info": {"train_count": 4012, "test_count": 1004, "actives_count": 456, "decoys_count": 4560}}}