{"xgb": {"protein_name": "thymidylate_synthase", "uniprot_id": "P04818", "roc_auc": 0.9999102011494253, "accuracy": 0.9936908517350158, "f1_score": 0.9936409755287188, "cohen_kappa": 0.9614472484037702, "mcc": 0.9616259248415674, "data_info": {"train_count": 2534, "test_count": 634, "actives_count": 288, "decoys_count": 2880}}, "rf": {"protein_name": "thymidylate_synthase", "uniprot_id": "P04818", "roc_auc": 0.9982339559386975, "accuracy": 0.9968454258675079, "f1_score": 0.9968204877643596, "cohen_kappa": 0.9807236242018851, "mcc": 0.980905882983037, "data_info": {"train_count": 2534, "test_count": 634, "actives_count": 288, "decoys_count": 2880}}, "svc": {"protein_name": "thymidylate_synthase", "uniprot_id": "P04818", "roc_auc": 0.9991319444444444, "accuracy": 0.9936908517350158, "f1_score": 0.9936908517350158, "cohen_kappa": 0.9620450191570882, "mcc": 0.9620450191570882, "data_info": {"train_count": 2534, "test_count": 634, "actives_count": 288, "decoys_count": 2880}}, "ann": {"protein_name": "thymidylate_synthase", "uniprot_id": "P04818", "roc_auc": 0.9993414750957853, "accuracy": 0.9936908517350158, "f1_score": 0.9935891038545682, "cohen_kappa": 0.9608303472136415, "mcc": 0.9615682790583931, "data_info": {"train_count": 2534, "test_count": 634, "actives_count": 288, "decoys_count": 2880}}}