{"xgb": {"protein_name": "aldehyde_dehydrogenase_mitochondrial", "uniprot_id": "P05091", "roc_auc": 0.922683454652764, "accuracy": 0.9853658536585366, "f1_score": 0.9827863576561077, "cohen_kappa": 0.6335165198967092, "mcc": 0.6808897230840348, "data_info": {"train_count": 2456, "test_count": 615, "actives_count": 83, "decoys_count": 2988}}, "rf": {"protein_name": "aldehyde_dehydrogenase_mitochondrial", "uniprot_id": "P05091", "roc_auc": 0.9254377336218769, "accuracy": 0.9951219512195122, "f1_score": 0.9948920192476158, "cohen_kappa": 0.9007477540480929, "mcc": 0.9052174412991075, "data_info": {"train_count": 2456, "test_count": 615, "actives_count": 83, "decoys_count": 2988}}, "svc": {"protein_name": "aldehyde_dehydrogenase_mitochondrial", "uniprot_id": "P05091", "roc_auc": 0.951898485146567, "accuracy": 0.9951219512195122, "f1_score": 0.995050079003866, "cohen_kappa": 0.9065870082527467, "mcc": 0.9070268206768923, "data_info": {"train_count": 2456, "test_count": 615, "actives_count": 83, "decoys_count": 2988}}, "mlp": {"protein_name": "aldehyde_dehydrogenase_mitochondrial", "uniprot_id": "P05091", "roc_auc": 0.9809167814282904, "accuracy": 0.9951219512195122, "f1_score": 0.9948920192476158, "cohen_kappa": 0.9007477540480929, "mcc": 0.9052174412991075, "data_info": {"train_count": 2456, "test_count": 615, "actives_count": 83, "decoys_count": 2988}}}