{"xgb": {"protein_name": "protein_kinase_c_gamma_type", "uniprot_id": "P05129", "roc_auc": 0.9871794871794872, "accuracy": 0.9767441860465116, "f1_score": 0.9752302451743134, "cohen_kappa": 0.8447653429602888, "mcc": 0.8551315688243534, "data_info": {"train_count": 343, "test_count": 86, "actives_count": 39, "decoys_count": 390}}, "rf": {"protein_name": "protein_kinase_c_gamma_type", "uniprot_id": "P05129", "roc_auc": 1.0, "accuracy": 0.9767441860465116, "f1_score": 0.9752302451743134, "cohen_kappa": 0.8447653429602888, "mcc": 0.8551315688243534, "data_info": {"train_count": 343, "test_count": 86, "actives_count": 39, "decoys_count": 390}}, "svc": {"protein_name": "protein_kinase_c_gamma_type", "uniprot_id": "P05129", "roc_auc": 1.0, "accuracy": 0.9883720930232558, "f1_score": 0.9886765809099334, "cohen_kappa": 0.9347496206373292, "mcc": 0.936745898038992, "data_info": {"train_count": 343, "test_count": 86, "actives_count": 39, "decoys_count": 390}}, "ann": {"protein_name": "protein_kinase_c_gamma_type", "uniprot_id": "P05129", "roc_auc": 1.0, "accuracy": 0.9883720930232558, "f1_score": 0.9880215276749125, "cohen_kappa": 0.9269949066213922, "mcc": 0.9294751479372171, "data_info": {"train_count": 343, "test_count": 86, "actives_count": 39, "decoys_count": 390}}}