{"xgb": {"protein_name": "plasminogen_activator_inhibitor_1", "uniprot_id": "P05121", "roc_auc": 0.9875776397515528, "accuracy": 0.9671052631578947, "f1_score": 0.9638224060848392, "cohen_kappa": 0.7657213316892725, "mcc": 0.7876418096950036, "data_info": {"train_count": 607, "test_count": 152, "actives_count": 69, "decoys_count": 690}}, "rf": {"protein_name": "plasminogen_activator_inhibitor_1", "uniprot_id": "P05121", "roc_auc": 0.9981884057971013, "accuracy": 0.9802631578947368, "f1_score": 0.9791850594227505, "cohen_kappa": 0.8694158075601375, "mcc": 0.8769247176846608, "data_info": {"train_count": 607, "test_count": 152, "actives_count": 69, "decoys_count": 690}}, "svc": {"protein_name": "plasminogen_activator_inhibitor_1", "uniprot_id": "P05121", "roc_auc": 0.9860248447204969, "accuracy": 0.9736842105263158, "f1_score": 0.9751354489164087, "cohen_kappa": 0.8605504587155963, "mcc": 0.869041710370641, "data_info": {"train_count": 607, "test_count": 152, "actives_count": 69, "decoys_count": 690}}, "mlp": {"protein_name": "plasminogen_activator_inhibitor_1", "uniprot_id": "P05121", "roc_auc": 0.9994824016563146, "accuracy": 0.9868421052631579, "f1_score": 0.9863833629452715, "cohen_kappa": 0.915929203539823, "mcc": 0.9191833109797378, "data_info": {"train_count": 607, "test_count": 152, "actives_count": 69, "decoys_count": 690}}}