{"xgb": {"protein_name": "insulin_receptor", "uniprot_id": "P06213", "roc_auc": 0.9975024975024975, "accuracy": 0.9872611464968153, "f1_score": 0.9868154227230662, "cohen_kappa": 0.9161772557394554, "mcc": 0.9194129632783818, "data_info": {"train_count": 624, "test_count": 157, "actives_count": 71, "decoys_count": 710}}, "rf": {"protein_name": "insulin_receptor", "uniprot_id": "P06213", "roc_auc": 1.0, "accuracy": 0.9936305732484076, "f1_score": 0.993523717463441, "cohen_kappa": 0.9594838709677419, "mcc": 0.9602723654635782, "data_info": {"train_count": 624, "test_count": 157, "actives_count": 71, "decoys_count": 710}}, "svc": {"protein_name": "insulin_receptor", "uniprot_id": "P06213", "roc_auc": 1.0, "accuracy": 1.0, "f1_score": 1.0, "cohen_kappa": 1.0, "mcc": 1.0, "data_info": {"train_count": 624, "test_count": 157, "actives_count": 71, "decoys_count": 710}}, "ann": {"protein_name": "insulin_receptor", "uniprot_id": "P06213", "roc_auc": 0.962037962037962, "accuracy": 0.9808917197452229, "f1_score": 0.9798444008551341, "cohen_kappa": 0.8697815869505114, "mcc": 0.8772510881294284, "data_info": {"train_count": 624, "test_count": 157, "actives_count": 71, "decoys_count": 710}}}