{"xgb": {"protein_name": "tyrosine_protein_kinase_fyn", "uniprot_id": "P06241", "roc_auc": 0.8, "accuracy": 0.9056603773584906, "f1_score": 0.8608257052120306, "cohen_kappa": 0.0, "mcc": 0.0, "data_info": {"train_count": 211, "test_count": 53, "actives_count": 24, "decoys_count": 240}}, "rf": {"protein_name": "tyrosine_protein_kinase_fyn", "uniprot_id": "P06241", "roc_auc": 0.9624999999999999, "accuracy": 0.9056603773584906, "f1_score": 0.8608257052120306, "cohen_kappa": 0.0, "mcc": 0.0, "data_info": {"train_count": 211, "test_count": 53, "actives_count": 24, "decoys_count": 240}}, "svc": {"protein_name": "tyrosine_protein_kinase_fyn", "uniprot_id": "P06241", "roc_auc": 0.9791666666666667, "accuracy": 0.9245283018867925, "f1_score": 0.9158644589911435, "cohen_kappa": 0.46192893401015234, "mcc": 0.47961211179220425, "data_info": {"train_count": 211, "test_count": 53, "actives_count": 24, "decoys_count": 240}}, "mlp": {"protein_name": "tyrosine_protein_kinase_fyn", "uniprot_id": "P06241", "roc_auc": 0.9083333333333333, "accuracy": 0.8679245283018868, "f1_score": 0.8612678034969419, "cohen_kappa": 0.15102974828375293, "mcc": 0.15215291717243423, "data_info": {"train_count": 211, "test_count": 53, "actives_count": 24, "decoys_count": 240}}}