{"xgb": {"protein_name": "progesterone_receptor", "uniprot_id": "P06401", "roc_auc": 0.9981165203511573, "accuracy": 0.9876632801161103, "f1_score": 0.9874550000792, "cohen_kappa": 0.9227114662584379, "mcc": 0.9234848570339748, "data_info": {"train_count": 5508, "test_count": 1378, "actives_count": 626, "decoys_count": 6260}}, "rf": {"protein_name": "progesterone_receptor", "uniprot_id": "P06401", "roc_auc": 0.9981803671189146, "accuracy": 0.988388969521045, "f1_score": 0.9880768274116531, "cohen_kappa": 0.9258786114342192, "mcc": 0.9278320510582648, "data_info": {"train_count": 5508, "test_count": 1378, "actives_count": 626, "decoys_count": 6260}}, "svc": {"protein_name": "progesterone_receptor", "uniprot_id": "P06401", "roc_auc": 0.9820654429369512, "accuracy": 0.9876632801161103, "f1_score": 0.9877290295639792, "cohen_kappa": 0.9260155258121364, "mcc": 0.9260944608187321, "data_info": {"train_count": 5508, "test_count": 1378, "actives_count": 626, "decoys_count": 6260}}, "mlp": {"protein_name": "progesterone_receptor", "uniprot_id": "P06401", "roc_auc": 0.9950263367916999, "accuracy": 0.9854862119013063, "f1_score": 0.9855380100572699, "cohen_kappa": 0.9126482539159319, "mcc": 0.9126830749342117, "data_info": {"train_count": 5508, "test_count": 1378, "actives_count": 626, "decoys_count": 6260}}}