{"xgb": {"protein_name": "glycogen_phosphorylase_liver_form", "uniprot_id": "P06737", "roc_auc": 0.9992361136371904, "accuracy": 0.9987760097919217, "f1_score": 0.9987722581235422, "cohen_kappa": 0.992524818152706, "mcc": 0.9925525496363384, "data_info": {"train_count": 3264, "test_count": 817, "actives_count": 371, "decoys_count": 3710}}, "rf": {"protein_name": "glycogen_phosphorylase_liver_form", "uniprot_id": "P06737", "roc_auc": 1.0, "accuracy": 0.9987760097919217, "f1_score": 0.9987722581235422, "cohen_kappa": 0.992524818152706, "mcc": 0.9925525496363384, "data_info": {"train_count": 3264, "test_count": 817, "actives_count": 371, "decoys_count": 3710}}, "svc": {"protein_name": "glycogen_phosphorylase_liver_form", "uniprot_id": "P06737", "roc_auc": 0.9991087992433887, "accuracy": 0.9975520195838433, "f1_score": 0.9975666898707937, "cohen_kappa": 0.9853192215773301, "mcc": 0.9854254193321526, "data_info": {"train_count": 3264, "test_count": 817, "actives_count": 371, "decoys_count": 3710}}, "mlp": {"protein_name": "glycogen_phosphorylase_liver_form", "uniprot_id": "P06737", "roc_auc": 0.9998908733767414, "accuracy": 0.996328029375765, "f1_score": 0.9963167743706265, "cohen_kappa": 0.977574454458118, "mcc": 0.9776017682234641, "data_info": {"train_count": 3264, "test_count": 817, "actives_count": 371, "decoys_count": 3710}}}