{"xgb": {"protein_name": "kallikrein_1", "uniprot_id": "P06870", "roc_auc": 0.9993333333333333, "accuracy": 0.9781021897810219, "f1_score": 0.976667889394008, "cohen_kappa": 0.8455467869222097, "mcc": 0.8558164961018221, "data_info": {"train_count": 545, "test_count": 137, "actives_count": 62, "decoys_count": 620}}, "rf": {"protein_name": "kallikrein_1", "uniprot_id": "P06870", "roc_auc": 1.0, "accuracy": 0.9781021897810219, "f1_score": 0.976667889394008, "cohen_kappa": 0.8455467869222097, "mcc": 0.8558164961018221, "data_info": {"train_count": 545, "test_count": 137, "actives_count": 62, "decoys_count": 620}}, "svc": {"protein_name": "kallikrein_1", "uniprot_id": "P06870", "roc_auc": 0.9953333333333333, "accuracy": 0.9854014598540146, "f1_score": 0.9847958205622439, "cohen_kappa": 0.9012256669069936, "mcc": 0.905654445002773, "data_info": {"train_count": 545, "test_count": 137, "actives_count": 62, "decoys_count": 620}}, "ann": {"protein_name": "kallikrein_1", "uniprot_id": "P06870", "roc_auc": 0.8966666666666667, "accuracy": 0.9635036496350365, "f1_score": 0.9611131489900135, "cohen_kappa": 0.7425779782036828, "mcc": 0.7515970650209779, "data_info": {"train_count": 545, "test_count": 137, "actives_count": 62, "decoys_count": 620}}}