{"xgb": {"protein_name": "kallikrein_1", "uniprot_id": "P06870", "roc_auc": 0.9759389671361502, "accuracy": 0.9726027397260274, "f1_score": 0.9590943683409437, "cohen_kappa": 0.0, "mcc": 0.0, "data_info": {"train_count": 1748, "test_count": 438, "actives_count": 62, "decoys_count": 2124}}, "rf": {"protein_name": "kallikrein_1", "uniprot_id": "P06870", "roc_auc": 0.9894366197183098, "accuracy": 0.9885844748858448, "f1_score": 0.987115732939388, "cohen_kappa": 0.731420161883738, "mcc": 0.7593195146247876, "data_info": {"train_count": 1748, "test_count": 438, "actives_count": 62, "decoys_count": 2124}}, "svc": {"protein_name": "kallikrein_1", "uniprot_id": "P06870", "roc_auc": 0.9866979655712051, "accuracy": 0.9885844748858448, "f1_score": 0.988806078264089, "cohen_kappa": 0.7941342357586012, "mcc": 0.7948082122887166, "data_info": {"train_count": 1748, "test_count": 438, "actives_count": 62, "decoys_count": 2124}}, "mlp": {"protein_name": "kallikrein_1", "uniprot_id": "P06870", "roc_auc": 0.9475743348982786, "accuracy": 0.9840182648401826, "f1_score": 0.9836802037722727, "cohen_kappa": 0.6874617737003058, "mcc": 0.6881480178804772, "data_info": {"train_count": 1748, "test_count": 438, "actives_count": 62, "decoys_count": 2124}}}