{"xgb": {"protein_name": "epoxide_hydrolase_1", "uniprot_id": "P07099", "roc_auc": 0.9964781595216378, "accuracy": 0.9918633034987795, "f1_score": 0.9913157131767721, "cohen_kappa": 0.8235006893382353, "mcc": 0.8318347003010297, "data_info": {"train_count": 4913, "test_count": 1229, "actives_count": 166, "decoys_count": 5976}}, "rf": {"protein_name": "epoxide_hydrolase_1", "uniprot_id": "P07099", "roc_auc": 0.9997086247086248, "accuracy": 0.9951179820992677, "f1_score": 0.9949645727910078, "cohen_kappa": 0.900732324592106, "mcc": 0.9027112450266279, "data_info": {"train_count": 4913, "test_count": 1229, "actives_count": 166, "decoys_count": 5976}}, "svc": {"protein_name": "epoxide_hydrolase_1", "uniprot_id": "P07099", "roc_auc": 0.9920188507145029, "accuracy": 0.9894222945484134, "f1_score": 0.9900369821904341, "cohen_kappa": 0.8212923503685559, "mcc": 0.827651125269162, "data_info": {"train_count": 4913, "test_count": 1229, "actives_count": 166, "decoys_count": 5976}}, "mlp": {"protein_name": "epoxide_hydrolase_1", "uniprot_id": "P07099", "roc_auc": 0.9989611837437924, "accuracy": 0.9959316517493898, "f1_score": 0.9958373343408955, "cohen_kappa": 0.9185520961734728, "mcc": 0.9196508865452655, "data_info": {"train_count": 4913, "test_count": 1229, "actives_count": 166, "decoys_count": 5976}}}