{"xgb": {"protein_name": "macrophage_colony_stimulating_factor_1_receptor", "uniprot_id": "P07333", "roc_auc": 0.9963902354570637, "accuracy": 0.9942722371967655, "f1_score": 0.9940254000151967, "cohen_kappa": 0.8814406827452675, "mcc": 0.8850857943575504, "data_info": {"train_count": 11869, "test_count": 2968, "actives_count": 401, "decoys_count": 14436}}, "rf": {"protein_name": "macrophage_colony_stimulating_factor_1_receptor", "uniprot_id": "P07333", "roc_auc": 0.9965373961218837, "accuracy": 0.9956199460916442, "f1_score": 0.9954624290792661, "cohen_kappa": 0.9105178203677248, "mcc": 0.9131390342961373, "data_info": {"train_count": 11869, "test_count": 2968, "actives_count": 401, "decoys_count": 14436}}, "svc": {"protein_name": "macrophage_colony_stimulating_factor_1_receptor", "uniprot_id": "P07333", "roc_auc": 0.9961932998614959, "accuracy": 0.9966307277628033, "f1_score": 0.9966307277628033, "cohen_kappa": 0.9357686980609419, "mcc": 0.9357686980609419, "data_info": {"train_count": 11869, "test_count": 2968, "actives_count": 401, "decoys_count": 14436}}, "mlp": {"protein_name": "macrophage_colony_stimulating_factor_1_receptor", "uniprot_id": "P07333", "roc_auc": 0.9968944771468145, "accuracy": 0.9976415094339622, "f1_score": 0.9976195882555429, "cohen_kappa": 0.954203184792001, "mcc": 0.9543870304380506, "data_info": {"train_count": 11869, "test_count": 2968, "actives_count": 401, "decoys_count": 14436}}}