{"xgb": {"protein_name": "calpain_1_catalytic_subunit", "uniprot_id": "P07384", "roc_auc": 0.997191111111111, "accuracy": 0.9903030303030304, "f1_score": 0.9901203267737132, "cohen_kappa": 0.9391424619640387, "mcc": 0.9401222496766528, "data_info": {"train_count": 3300, "test_count": 825, "actives_count": 375, "decoys_count": 3750}}, "rf": {"protein_name": "calpain_1_catalytic_subunit", "uniprot_id": "P07384", "roc_auc": 0.99984, "accuracy": 0.9987878787878788, "f1_score": 0.998784215038256, "cohen_kappa": 0.9926224010731053, "mcc": 0.9926494158813242, "data_info": {"train_count": 3300, "test_count": 825, "actives_count": 375, "decoys_count": 3750}}, "svc": {"protein_name": "calpain_1_catalytic_subunit", "uniprot_id": "P07384", "roc_auc": 0.9971733333333334, "accuracy": 0.9939393939393939, "f1_score": 0.9939574406216627, "cohen_kappa": 0.9635520212060967, "mcc": 0.9635776229394785, "data_info": {"train_count": 3300, "test_count": 825, "actives_count": 375, "decoys_count": 3750}}, "ann": {"protein_name": "calpain_1_catalytic_subunit", "uniprot_id": "P07384", "roc_auc": 0.9954666666666667, "accuracy": 0.9927272727272727, "f1_score": 0.9927702646590991, "cohen_kappa": 0.9565217391304348, "mcc": 0.9566222088265398, "data_info": {"train_count": 3300, "test_count": 825, "actives_count": 375, "decoys_count": 3750}}}