{"xgb": {"protein_name": "cathepsin_d", "uniprot_id": "P07339", "roc_auc": 0.9974263179742633, "accuracy": 0.9817629179331308, "f1_score": 0.9817207095071627, "cohen_kappa": 0.9588424169133898, "mcc": 0.9589326645362402, "data_info": {"train_count": 1312, "test_count": 329, "actives_count": 547, "decoys_count": 1094}}, "rf": {"protein_name": "cathepsin_d", "uniprot_id": "P07339", "roc_auc": 0.9981735159817352, "accuracy": 0.9817629179331308, "f1_score": 0.9817207095071627, "cohen_kappa": 0.9588424169133898, "mcc": 0.9589326645362402, "data_info": {"train_count": 1312, "test_count": 329, "actives_count": 547, "decoys_count": 1094}}, "svc": {"protein_name": "cathepsin_d", "uniprot_id": "P07339", "roc_auc": 0.9882523868825238, "accuracy": 0.9787234042553191, "f1_score": 0.9787471974187061, "cohen_kappa": 0.9523079790428461, "mcc": 0.9523300823836329, "data_info": {"train_count": 1312, "test_count": 329, "actives_count": 547, "decoys_count": 1094}}, "mlp": {"protein_name": "cathepsin_d", "uniprot_id": "P07339", "roc_auc": 0.9904109589041096, "accuracy": 0.9726443768996961, "f1_score": 0.9726749681097651, "cohen_kappa": 0.9386816873408023, "mcc": 0.9387034744114581, "data_info": {"train_count": 1312, "test_count": 329, "actives_count": 547, "decoys_count": 1094}}}