{"xgb": {"protein_name": "trypsin_1", "uniprot_id": "P07477", "roc_auc": 0.9994191635955775, "accuracy": 0.9915611814345991, "f1_score": 0.9915611814345991, "cohen_kappa": 0.9810126582278481, "mcc": 0.9810126582278481, "data_info": {"train_count": 1893, "test_count": 474, "actives_count": 789, "decoys_count": 1578}}, "rf": {"protein_name": "trypsin_1", "uniprot_id": "P07477", "roc_auc": 0.9997596539016183, "accuracy": 0.9936708860759493, "f1_score": 0.9936658391634695, "cohen_kappa": 0.9857369255150554, "mcc": 0.985748066463984, "data_info": {"train_count": 1893, "test_count": 474, "actives_count": 789, "decoys_count": 1578}}, "svc": {"protein_name": "trypsin_1", "uniprot_id": "P07477", "roc_auc": 0.9919684345457459, "accuracy": 0.9831223628691983, "f1_score": 0.9831987246905985, "cohen_kappa": 0.9623824451410659, "mcc": 0.9627656938604465, "data_info": {"train_count": 1893, "test_count": 474, "actives_count": 789, "decoys_count": 1578}}, "mlp": {"protein_name": "trypsin_1", "uniprot_id": "P07477", "roc_auc": 0.9893045986220158, "accuracy": 0.9683544303797469, "f1_score": 0.9684747126950767, "cohen_kappa": 0.9293563579277865, "mcc": 0.929614130432309, "data_info": {"train_count": 1893, "test_count": 474, "actives_count": 789, "decoys_count": 1578}}}