{"xgb": {"protein_name": "beta_2_adrenergic_receptor", "uniprot_id": "P07550", "roc_auc": 0.9954516490518776, "accuracy": 0.9935483870967742, "f1_score": 0.9931767946755804, "cohen_kappa": 0.8628835022482881, "mcc": 0.8692688751408334, "data_info": {"train_count": 10537, "test_count": 2635, "actives_count": 356, "decoys_count": 12816}}, "rf": {"protein_name": "beta_2_adrenergic_receptor", "uniprot_id": "P07550", "roc_auc": 0.9954379161081935, "accuracy": 0.9958254269449716, "f1_score": 0.9956878389082262, "cohen_kappa": 0.9151619635241811, "mcc": 0.9173746591717897, "data_info": {"train_count": 10537, "test_count": 2635, "actives_count": 356, "decoys_count": 12816}}, "svc": {"protein_name": "beta_2_adrenergic_receptor", "uniprot_id": "P07550", "roc_auc": 0.9941992045879018, "accuracy": 0.9935483870967742, "f1_score": 0.9936549600477795, "cohen_kappa": 0.8810393224858121, "mcc": 0.8815790981353684, "data_info": {"train_count": 10537, "test_count": 2635, "actives_count": 356, "decoys_count": 12816}}, "ann": {"protein_name": "beta_2_adrenergic_receptor", "uniprot_id": "P07550", "roc_auc": 0.9964019687548065, "accuracy": 0.996584440227704, "f1_score": 0.9965485801760571, "cohen_kappa": 0.9334985936978596, "mcc": 0.9337280304103136, "data_info": {"train_count": 10537, "test_count": 2635, "actives_count": 356, "decoys_count": 12816}}}