{"xgb": {"protein_name": "cathepsin_l1", "uniprot_id": "P07711", "roc_auc": 0.9965083189664126, "accuracy": 0.9918032786885246, "f1_score": 0.991730291715001, "cohen_kappa": 0.9494505773271718, "mcc": 0.9496734588672603, "data_info": {"train_count": 6828, "test_count": 1708, "actives_count": 776, "decoys_count": 7760}}, "rf": {"protein_name": "cathepsin_l1", "uniprot_id": "P07711", "roc_auc": 0.991863822362545, "accuracy": 0.9894613583138173, "f1_score": 0.9892015974010192, "cohen_kappa": 0.9330286540815838, "mcc": 0.9346863091802089, "data_info": {"train_count": 6828, "test_count": 1708, "actives_count": 776, "decoys_count": 7760}}, "svc": {"protein_name": "cathepsin_l1", "uniprot_id": "P07711", "roc_auc": 0.992850466319091, "accuracy": 0.977751756440281, "f1_score": 0.9782401249768153, "cohen_kappa": 0.871170588211942, "mcc": 0.8724550929995439, "data_info": {"train_count": 6828, "test_count": 1708, "actives_count": 776, "decoys_count": 7760}}, "mlp": {"protein_name": "cathepsin_l1", "uniprot_id": "P07711", "roc_auc": 0.9974949629229586, "accuracy": 0.9912177985948478, "f1_score": 0.9911791259668823, "cohen_kappa": 0.9463158688782908, "mcc": 0.9463704189751846, "data_info": {"train_count": 6828, "test_count": 1708, "actives_count": 776, "decoys_count": 7760}}}