{"xgb": {"protein_name": "tyrosine_protein_kinase_yes", "uniprot_id": "P07947", "roc_auc": 1.0, "accuracy": 0.9823008849557522, "f1_score": 0.9814026926858784, "cohen_kappa": 0.87940234791889, "mcc": 0.8858678822273132, "data_info": {"train_count": 448, "test_count": 113, "actives_count": 51, "decoys_count": 510}}, "rf": {"protein_name": "tyrosine_protein_kinase_yes", "uniprot_id": "P07947", "roc_auc": 1.0, "accuracy": 0.9823008849557522, "f1_score": 0.9814026926858784, "cohen_kappa": 0.87940234791889, "mcc": 0.8858678822273132, "data_info": {"train_count": 448, "test_count": 113, "actives_count": 51, "decoys_count": 510}}, "svc": {"protein_name": "tyrosine_protein_kinase_yes", "uniprot_id": "P07947", "roc_auc": 0.996116504854369, "accuracy": 0.9911504424778761, "f1_score": 0.9909389351279957, "cohen_kappa": 0.9425521098118963, "mcc": 0.9441113037381524, "data_info": {"train_count": 448, "test_count": 113, "actives_count": 51, "decoys_count": 510}}, "ann": {"protein_name": "tyrosine_protein_kinase_yes", "uniprot_id": "P07947", "roc_auc": 0.9543689320388349, "accuracy": 0.9734513274336283, "f1_score": 0.972816805383987, "cohen_kappa": 0.8276563294356889, "mcc": 0.8290254598089062, "data_info": {"train_count": 448, "test_count": 113, "actives_count": 51, "decoys_count": 510}}}