{"xgb": {"protein_name": "insulin_like_growth_factor_1_receptor", "uniprot_id": "P08069", "roc_auc": 0.9940851915380217, "accuracy": 0.9924502402196294, "f1_score": 0.9924111194121404, "cohen_kappa": 0.9537087582786717, "mcc": 0.9537847720876411, "data_info": {"train_count": 5825, "test_count": 1457, "actives_count": 662, "decoys_count": 6620}}, "rf": {"protein_name": "insulin_like_growth_factor_1_receptor", "uniprot_id": "P08069", "roc_auc": 0.9982418524871355, "accuracy": 0.9945092656142759, "f1_score": 0.9944711669008118, "cohen_kappa": 0.9662172345432835, "mcc": 0.9663551040225625, "data_info": {"train_count": 5825, "test_count": 1457, "actives_count": 662, "decoys_count": 6620}}, "svc": {"protein_name": "insulin_like_growth_factor_1_receptor", "uniprot_id": "P08069", "roc_auc": 0.9972012578616352, "accuracy": 0.9938229238160604, "f1_score": 0.9938334127507402, "cohen_kappa": 0.9626402805753961, "mcc": 0.9626485745335598, "data_info": {"train_count": 5825, "test_count": 1457, "actives_count": 662, "decoys_count": 6620}}, "mlp": {"protein_name": "insulin_like_growth_factor_1_receptor", "uniprot_id": "P08069", "roc_auc": 0.9975385934819898, "accuracy": 0.9951956074124915, "f1_score": 0.9952198758324502, "cohen_kappa": 0.9711386358555545, "mcc": 0.9712129345551119, "data_info": {"train_count": 5825, "test_count": 1457, "actives_count": 662, "decoys_count": 6620}}}