{"xgb": {"protein_name": "neutrophil_elastase", "uniprot_id": "P08246", "roc_auc": 0.9986468698994366, "accuracy": 0.9902006532897807, "f1_score": 0.9899480784441578, "cohen_kappa": 0.9377471790977263, "mcc": 0.9395695567996523, "data_info": {"train_count": 8571, "test_count": 2143, "actives_count": 974, "decoys_count": 9740}}, "rf": {"protein_name": "neutrophil_elastase", "uniprot_id": "P08246", "roc_auc": 0.9986481861738535, "accuracy": 0.9836677554829678, "f1_score": 0.9829814917902763, "cohen_kappa": 0.8931356331861553, "mcc": 0.8977040665695913, "data_info": {"train_count": 8571, "test_count": 2143, "actives_count": 974, "decoys_count": 9740}}, "svc": {"protein_name": "neutrophil_elastase", "uniprot_id": "P08246", "roc_auc": 0.9730729742536725, "accuracy": 0.9692020531964536, "f1_score": 0.9702422201319555, "cohen_kappa": 0.8266300244172706, "mcc": 0.8295659835017497, "data_info": {"train_count": 8571, "test_count": 2143, "actives_count": 974, "decoys_count": 9740}}, "ann": {"protein_name": "neutrophil_elastase", "uniprot_id": "P08246", "roc_auc": 0.9932580424366872, "accuracy": 0.9888007466168922, "f1_score": 0.9886401750403039, "cohen_kappa": 0.930373474990659, "mcc": 0.930937777206127, "data_info": {"train_count": 8571, "test_count": 2143, "actives_count": 974, "decoys_count": 9740}}}