{"xgb": {"protein_name": "cathepsin_g", "uniprot_id": "P08311", "roc_auc": 0.9879201680672269, "accuracy": 0.9466666666666667, "f1_score": 0.9399694789622847, "cohen_kappa": 0.6098829648894668, "mcc": 0.6377936641876266, "data_info": {"train_count": 598, "test_count": 150, "actives_count": 68, "decoys_count": 680}}, "rf": {"protein_name": "cathepsin_g", "uniprot_id": "P08311", "roc_auc": 0.9929096638655462, "accuracy": 0.9733333333333334, "f1_score": 0.9713043478260869, "cohen_kappa": 0.8192771084337349, "mcc": 0.8329931278350429, "data_info": {"train_count": 598, "test_count": 150, "actives_count": 68, "decoys_count": 680}}, "svc": {"protein_name": "cathepsin_g", "uniprot_id": "P08311", "roc_auc": 0.9327731092436975, "accuracy": 0.9533333333333334, "f1_score": 0.9540518301734742, "cohen_kappa": 0.732824427480916, "mcc": 0.733358797622569, "data_info": {"train_count": 598, "test_count": 150, "actives_count": 68, "decoys_count": 680}}, "mlp": {"protein_name": "cathepsin_g", "uniprot_id": "P08311", "roc_auc": 0.9648109243697479, "accuracy": 0.9733333333333334, "f1_score": 0.9724050159086657, "cohen_kappa": 0.8316498316498316, "mcc": 0.8346118860676282, "data_info": {"train_count": 598, "test_count": 150, "actives_count": 68, "decoys_count": 680}}}