{"xgb": {"protein_name": "beta_1_adrenergic_receptor", "uniprot_id": "P08588", "roc_auc": 0.9992635024549918, "accuracy": 0.9937888198757764, "f1_score": 0.9933936228371195, "cohen_kappa": 0.8664393031615817, "mcc": 0.8742722271367339, "data_info": {"train_count": 7725, "test_count": 1932, "actives_count": 261, "decoys_count": 9396}}, "rf": {"protein_name": "beta_1_adrenergic_receptor", "uniprot_id": "P08588", "roc_auc": 0.9998414484451719, "accuracy": 0.9968944099378882, "f1_score": 0.9968018147710261, "cohen_kappa": 0.9371884346959123, "mcc": 0.9390426644746046, "data_info": {"train_count": 7725, "test_count": 1932, "actives_count": 261, "decoys_count": 9396}}, "svc": {"protein_name": "beta_1_adrenergic_receptor", "uniprot_id": "P08588", "roc_auc": 0.9978211947626842, "accuracy": 0.9963768115942029, "f1_score": 0.9963244461339686, "cohen_kappa": 0.9288345366141152, "mcc": 0.9292668478001178, "data_info": {"train_count": 7725, "test_count": 1932, "actives_count": 261, "decoys_count": 9396}}, "ann": {"protein_name": "beta_1_adrenergic_receptor", "uniprot_id": "P08588", "roc_auc": 0.978171031096563, "accuracy": 0.9968944099378882, "f1_score": 0.9968339482907703, "cohen_kappa": 0.9384085692425401, "mcc": 0.9392006503005146, "data_info": {"train_count": 7725, "test_count": 1932, "actives_count": 261, "decoys_count": 9396}}}