{"xgb": {"protein_name": "cytochrome_p450_3a4", "uniprot_id": "P08684", "roc_auc": 0.9734133790737564, "accuracy": 0.9743589743589743, "f1_score": 0.972513573737564, "cohen_kappa": 0.8285295554469956, "mcc": 0.8409851643790085, "data_info": {"train_count": 466, "test_count": 117, "actives_count": 53, "decoys_count": 530}}, "rf": {"protein_name": "cytochrome_p450_3a4", "uniprot_id": "P08684", "roc_auc": 0.9905660377358491, "accuracy": 0.9743589743589743, "f1_score": 0.972513573737564, "cohen_kappa": 0.8285295554469956, "mcc": 0.8409851643790085, "data_info": {"train_count": 466, "test_count": 117, "actives_count": 53, "decoys_count": 530}}, "svc": {"protein_name": "cytochrome_p450_3a4", "uniprot_id": "P08684", "roc_auc": 0.9193825042881647, "accuracy": 0.9487179487179487, "f1_score": 0.9521696252465484, "cohen_kappa": 0.7411504424778761, "mcc": 0.7524386076878425, "data_info": {"train_count": 466, "test_count": 117, "actives_count": 53, "decoys_count": 530}}, "ann": {"protein_name": "cytochrome_p450_3a4", "uniprot_id": "P08684", "roc_auc": 0.8876500857632934, "accuracy": 0.9572649572649573, "f1_score": 0.9563477732491816, "cohen_kappa": 0.7384890478319177, "mcc": 0.7395012003344984, "data_info": {"train_count": 466, "test_count": 117, "actives_count": 53, "decoys_count": 530}}}