{"xgb": {"protein_name": "cytochrome_p450_3a4", "uniprot_id": "P08684", "roc_auc": 0.9734133790737564, "accuracy": 0.9743589743589743, "f1_score": 0.972513573737564, "cohen_kappa": 0.8285295554469956, "mcc": 0.8409851643790085, "data_info": {"train_count": 466, "test_count": 117, "actives_count": 53, "decoys_count": 530}}, "rf": {"protein_name": "cytochrome_p450_3a4", "uniprot_id": "P08684", "roc_auc": 0.9888507718696398, "accuracy": 0.9743589743589743, "f1_score": 0.972513573737564, "cohen_kappa": 0.8285295554469956, "mcc": 0.8409851643790085, "data_info": {"train_count": 466, "test_count": 117, "actives_count": 53, "decoys_count": 530}}, "svc": {"protein_name": "cytochrome_p450_3a4", "uniprot_id": "P08684", "roc_auc": 0.9193825042881647, "accuracy": 0.9487179487179487, "f1_score": 0.9521696252465484, "cohen_kappa": 0.7411504424778761, "mcc": 0.7524386076878425, "data_info": {"train_count": 466, "test_count": 117, "actives_count": 53, "decoys_count": 530}}, "mlp": {"protein_name": "cytochrome_p450_3a4", "uniprot_id": "P08684", "roc_auc": 0.8584905660377359, "accuracy": 0.9487179487179487, "f1_score": 0.9463934819075007, "cohen_kappa": 0.6722689075630253, "mcc": 0.6763166647282444, "data_info": {"train_count": 466, "test_count": 117, "actives_count": 53, "decoys_count": 530}}}