{"xgb": {"protein_name": "5_hydroxytryptamine_receptor_1a", "uniprot_id": "P08908", "roc_auc": 0.9963719803542458, "accuracy": 0.9842890809112333, "f1_score": 0.9842797518019982, "cohen_kappa": 0.964594730650172, "mcc": 0.9646007764641156, "data_info": {"train_count": 5090, "test_count": 1273, "actives_count": 2121, "decoys_count": 4242}}, "rf": {"protein_name": "5_hydroxytryptamine_receptor_1a", "uniprot_id": "P08908", "roc_auc": 0.9964817098917704, "accuracy": 0.97643362136685, "f1_score": 0.9764054694395561, "cohen_kappa": 0.9468292465597032, "mcc": 0.9468530413094627, "data_info": {"train_count": 5090, "test_count": 1273, "actives_count": 2121, "decoys_count": 4242}}, "svc": {"protein_name": "5_hydroxytryptamine_receptor_1a", "uniprot_id": "P08908", "roc_auc": 0.990968842367269, "accuracy": 0.9725058915946583, "f1_score": 0.9725300225259876, "cohen_kappa": 0.9382233332917376, "mcc": 0.9382364867735933, "data_info": {"train_count": 5090, "test_count": 1273, "actives_count": 2121, "decoys_count": 4242}}, "mlp": {"protein_name": "5_hydroxytryptamine_receptor_1a", "uniprot_id": "P08908", "roc_auc": 0.99658866146632, "accuracy": 0.9787902592301649, "f1_score": 0.9787965010565477, "cohen_kappa": 0.9522874828041428, "mcc": 0.9522889696851979, "data_info": {"train_count": 5090, "test_count": 1273, "actives_count": 2121, "decoys_count": 4242}}}