{"xgb": {"protein_name": "proto_oncogene_tyrosine_protein_kinase_ros", "uniprot_id": "P08922", "roc_auc": 0.9086538461538461, "accuracy": 0.9767441860465116, "f1_score": 0.9752302451743134, "cohen_kappa": 0.8447653429602888, "mcc": 0.8551315688243534, "data_info": {"train_count": 343, "test_count": 86, "actives_count": 39, "decoys_count": 390}}, "rf": {"protein_name": "proto_oncogene_tyrosine_protein_kinase_ros", "uniprot_id": "P08922", "roc_auc": 0.9935897435897436, "accuracy": 0.9767441860465116, "f1_score": 0.9752302451743134, "cohen_kappa": 0.8447653429602888, "mcc": 0.8551315688243534, "data_info": {"train_count": 343, "test_count": 86, "actives_count": 39, "decoys_count": 390}}, "svc": {"protein_name": "proto_oncogene_tyrosine_protein_kinase_ros", "uniprot_id": "P08922", "roc_auc": 0.9967948717948718, "accuracy": 0.9767441860465116, "f1_score": 0.9752302451743134, "cohen_kappa": 0.8447653429602888, "mcc": 0.8551315688243534, "data_info": {"train_count": 343, "test_count": 86, "actives_count": 39, "decoys_count": 390}}, "ann": {"protein_name": "proto_oncogene_tyrosine_protein_kinase_ros", "uniprot_id": "P08922", "roc_auc": 0.9919871794871795, "accuracy": 0.9883720930232558, "f1_score": 0.9880215276749125, "cohen_kappa": 0.9269949066213922, "mcc": 0.9294751479372171, "data_info": {"train_count": 343, "test_count": 86, "actives_count": 39, "decoys_count": 390}}}