{"xgb": {"protein_name": "alpha_2a_adrenergic_receptor", "uniprot_id": "P08913", "roc_auc": 0.9827477503295695, "accuracy": 0.9896373056994818, "f1_score": 0.9884352791470422, "cohen_kappa": 0.7577193802719476, "mcc": 0.7809879671776243, "data_info": {"train_count": 10804, "test_count": 2702, "actives_count": 366, "decoys_count": 13140}}, "rf": {"protein_name": "alpha_2a_adrenergic_receptor", "uniprot_id": "P08913", "roc_auc": 0.9801398521235742, "accuracy": 0.9922279792746114, "f1_score": 0.9915905881844869, "cohen_kappa": 0.8281368314564542, "mcc": 0.8406449295915435, "data_info": {"train_count": 10804, "test_count": 2702, "actives_count": 366, "decoys_count": 13140}}, "svc": {"protein_name": "alpha_2a_adrenergic_receptor", "uniprot_id": "P08913", "roc_auc": 0.9710942751293529, "accuracy": 0.9844559585492227, "f1_score": 0.9855921764642807, "cohen_kappa": 0.7479757489617802, "mcc": 0.7572484960496834, "data_info": {"train_count": 10804, "test_count": 2702, "actives_count": 366, "decoys_count": 13140}}, "mlp": {"protein_name": "alpha_2a_adrenergic_receptor", "uniprot_id": "P08913", "roc_auc": 0.9654303683363119, "accuracy": 0.9922279792746114, "f1_score": 0.9919793341526696, "cohen_kappa": 0.8427458914170107, "mcc": 0.8446663263798967, "data_info": {"train_count": 10804, "test_count": 2702, "actives_count": 366, "decoys_count": 13140}}}