{"xgb": {"protein_name": "muscarinic_acetylcholine_receptor_m5", "uniprot_id": "P08912", "roc_auc": 0.9673725490196079, "accuracy": 0.9857142857142858, "f1_score": 0.9851487541387728, "cohen_kappa": 0.9053254437869822, "mcc": 0.9094102633174023, "data_info": {"train_count": 1117, "test_count": 280, "actives_count": 127, "decoys_count": 1270}}, "rf": {"protein_name": "muscarinic_acetylcholine_receptor_m5", "uniprot_id": "P08912", "roc_auc": 0.9909803921568628, "accuracy": 0.9857142857142858, "f1_score": 0.9851487541387728, "cohen_kappa": 0.9053254437869822, "mcc": 0.9094102633174023, "data_info": {"train_count": 1117, "test_count": 280, "actives_count": 127, "decoys_count": 1270}}, "svc": {"protein_name": "muscarinic_acetylcholine_receptor_m5", "uniprot_id": "P08912", "roc_auc": 0.9893333333333333, "accuracy": 0.975, "f1_score": 0.976012601260126, "cohen_kappa": 0.8589928057553957, "mcc": 0.8633832221182516, "data_info": {"train_count": 1117, "test_count": 280, "actives_count": 127, "decoys_count": 1270}}, "mlp": {"protein_name": "muscarinic_acetylcholine_receptor_m5", "uniprot_id": "P08912", "roc_auc": 0.9893333333333334, "accuracy": 0.9857142857142858, "f1_score": 0.9857142857142858, "cohen_kappa": 0.912156862745098, "mcc": 0.912156862745098, "data_info": {"train_count": 1117, "test_count": 280, "actives_count": 127, "decoys_count": 1270}}}