{"xgb": {"protein_name": "matrilysin", "uniprot_id": "P09237", "roc_auc": 0.9997710622710623, "accuracy": 0.9934497816593887, "f1_score": 0.9934142542164445, "cohen_kappa": 0.9602545559733874, "mcc": 0.9603388400927534, "data_info": {"train_count": 1830, "test_count": 458, "actives_count": 208, "decoys_count": 2080}}, "rf": {"protein_name": "matrilysin", "uniprot_id": "P09237", "roc_auc": 1.0, "accuracy": 0.9978165938864629, "f1_score": 0.9978281237297467, "cohen_kappa": 0.9870321082734017, "mcc": 0.9871151114695754, "data_info": {"train_count": 1830, "test_count": 458, "actives_count": 208, "decoys_count": 2080}}, "svc": {"protein_name": "matrilysin", "uniprot_id": "P09237", "roc_auc": 1.0, "accuracy": 1.0, "f1_score": 1.0, "cohen_kappa": 1.0, "mcc": 1.0, "data_info": {"train_count": 1830, "test_count": 458, "actives_count": 208, "decoys_count": 2080}}, "mlp": {"protein_name": "matrilysin", "uniprot_id": "P09237", "roc_auc": 1.0, "accuracy": 1.0, "f1_score": 1.0, "cohen_kappa": 1.0, "mcc": 1.0, "data_info": {"train_count": 1830, "test_count": 458, "actives_count": 208, "decoys_count": 2080}}}