{"xgb": {"protein_name": "poly_adp_ribose_polymerase_1", "uniprot_id": "P09874", "roc_auc": 0.9994892427095816, "accuracy": 0.9955169515270383, "f1_score": 0.9954787955426063, "cohen_kappa": 0.9723829476889386, "mcc": 0.9725916005184818, "data_info": {"train_count": 14273, "test_count": 3569, "actives_count": 1622, "decoys_count": 16220}}, "rf": {"protein_name": "poly_adp_ribose_polymerase_1", "uniprot_id": "P09874", "roc_auc": 0.9994431128611919, "accuracy": 0.9913140935836369, "f1_score": 0.9911564829807277, "cohen_kappa": 0.945490913838506, "mcc": 0.9464057678008678, "data_info": {"train_count": 14273, "test_count": 3569, "actives_count": 1622, "decoys_count": 16220}}, "svc": {"protein_name": "poly_adp_ribose_polymerase_1", "uniprot_id": "P09874", "roc_auc": 0.997673533831726, "accuracy": 0.9915942841131969, "f1_score": 0.9916403513658106, "cohen_kappa": 0.9496408494690818, "mcc": 0.9497264906000308, "data_info": {"train_count": 14273, "test_count": 3569, "actives_count": 1622, "decoys_count": 16220}}, "mlp": {"protein_name": "poly_adp_ribose_polymerase_1", "uniprot_id": "P09874", "roc_auc": 0.9985694991344708, "accuracy": 0.9946763799383581, "f1_score": 0.994672675934974, "cohen_kappa": 0.9677065717895514, "mcc": 0.9677079695596205, "data_info": {"train_count": 14273, "test_count": 3569, "actives_count": 1622, "decoys_count": 16220}}}