{"xgb": {"protein_name": "complement_c1s_subcomponent", "uniprot_id": "P09871", "roc_auc": 0.9998765432098766, "accuracy": 0.9981981981981982, "f1_score": 0.9981679660457292, "cohen_kappa": 0.9645933014354067, "mcc": 0.9651984941383177, "data_info": {"train_count": 2220, "test_count": 555, "actives_count": 75, "decoys_count": 2700}}, "rf": {"protein_name": "complement_c1s_subcomponent", "uniprot_id": "P09871", "roc_auc": 0.9998765432098765, "accuracy": 0.9981981981981982, "f1_score": 0.9981679660457292, "cohen_kappa": 0.9645933014354067, "mcc": 0.9651984941383177, "data_info": {"train_count": 2220, "test_count": 555, "actives_count": 75, "decoys_count": 2700}}, "svc": {"protein_name": "complement_c1s_subcomponent", "uniprot_id": "P09871", "roc_auc": 1.0, "accuracy": 0.9981981981981982, "f1_score": 0.9981679660457292, "cohen_kappa": 0.9645933014354067, "mcc": 0.9651984941383177, "data_info": {"train_count": 2220, "test_count": 555, "actives_count": 75, "decoys_count": 2700}}, "mlp": {"protein_name": "complement_c1s_subcomponent", "uniprot_id": "P09871", "roc_auc": 0.9965432098765432, "accuracy": 0.9981981981981982, "f1_score": 0.9981679660457292, "cohen_kappa": 0.9645933014354067, "mcc": 0.9651984941383177, "data_info": {"train_count": 2220, "test_count": 555, "actives_count": 75, "decoys_count": 2700}}}