{"xgb": {"protein_name": "cytochrome_p450_2d6", "uniprot_id": "P10635", "roc_auc": 0.9365079365079365, "accuracy": 0.8627450980392157, "f1_score": 0.840205399359398, "cohen_kappa": 0.3959390862944163, "mcc": 0.4388954081911851, "data_info": {"train_count": 201, "test_count": 51, "actives_count": 42, "decoys_count": 210}}, "rf": {"protein_name": "cytochrome_p450_2d6", "uniprot_id": "P10635", "roc_auc": 0.9722222222222222, "accuracy": 0.8823529411764706, "f1_score": 0.8568627450980393, "cohen_kappa": 0.4516129032258065, "mcc": 0.5400617248673217, "data_info": {"train_count": 201, "test_count": 51, "actives_count": 42, "decoys_count": 210}}, "svc": {"protein_name": "cytochrome_p450_2d6", "uniprot_id": "P10635", "roc_auc": 0.9285714285714285, "accuracy": 0.8823529411764706, "f1_score": 0.8823529411764706, "cohen_kappa": 0.5952380952380952, "mcc": 0.5952380952380952, "data_info": {"train_count": 201, "test_count": 51, "actives_count": 42, "decoys_count": 210}}, "ann": {"protein_name": "cytochrome_p450_2d6", "uniprot_id": "P10635", "roc_auc": 0.828042328042328, "accuracy": 0.8431372549019608, "f1_score": 0.8431372549019608, "cohen_kappa": 0.46031746031746035, "mcc": 0.4603174603174603, "data_info": {"train_count": 201, "test_count": 51, "actives_count": 42, "decoys_count": 210}}}