{"xgb": {"protein_name": "lysosomal_protective_protein", "uniprot_id": "P10619", "roc_auc": 0.9857039667730091, "accuracy": 0.9992774566473989, "f1_score": 0.9992726417728963, "cohen_kappa": 0.9859303838646715, "mcc": 0.9860279828350084, "data_info": {"train_count": 5535, "test_count": 1384, "actives_count": 187, "decoys_count": 6732}}, "rf": {"protein_name": "lysosomal_protective_protein", "uniprot_id": "P10619", "roc_auc": 0.9856939344689901, "accuracy": 0.9992774566473989, "f1_score": 0.9992726417728963, "cohen_kappa": 0.9859303838646715, "mcc": 0.9860279828350084, "data_info": {"train_count": 5535, "test_count": 1384, "actives_count": 187, "decoys_count": 6732}}, "svc": {"protein_name": "lysosomal_protective_protein", "uniprot_id": "P10619", "roc_auc": 0.9803366841228757, "accuracy": 0.9992774566473989, "f1_score": 0.9992726417728963, "cohen_kappa": 0.9859303838646715, "mcc": 0.9860279828350084, "data_info": {"train_count": 5535, "test_count": 1384, "actives_count": 187, "decoys_count": 6732}}, "mlp": {"protein_name": "lysosomal_protective_protein", "uniprot_id": "P10619", "roc_auc": 0.9956459800557796, "accuracy": 0.9985549132947977, "f1_score": 0.9985353786575033, "cohen_kappa": 0.9714809701415649, "mcc": 0.9718762810666375, "data_info": {"train_count": 5535, "test_count": 1384, "actives_count": 187, "decoys_count": 6732}}}