{"xgb": {"protein_name": "glycogen_phosphorylase_muscle_form", "uniprot_id": "P11217", "roc_auc": 0.9988132911392406, "accuracy": 0.9827586206896551, "f1_score": 0.9829924864407623, "cohen_kappa": 0.8995767602924202, "mcc": 0.9000811884805463, "data_info": {"train_count": 695, "test_count": 174, "actives_count": 79, "decoys_count": 790}}, "rf": {"protein_name": "glycogen_phosphorylase_muscle_form", "uniprot_id": "P11217", "roc_auc": 0.9764636075949367, "accuracy": 0.9942528735632183, "f1_score": 0.9941692428437253, "cohen_kappa": 0.9645909645909646, "mcc": 0.9651962357908912, "data_info": {"train_count": 695, "test_count": 174, "actives_count": 79, "decoys_count": 790}}, "svc": {"protein_name": "glycogen_phosphorylase_muscle_form", "uniprot_id": "P11217", "roc_auc": 0.9659810126582279, "accuracy": 0.9770114942528736, "f1_score": 0.9776144149731055, "cohen_kappa": 0.8696629213483146, "mcc": 0.8715155268465197, "data_info": {"train_count": 695, "test_count": 174, "actives_count": 79, "decoys_count": 790}}, "mlp": {"protein_name": "glycogen_phosphorylase_muscle_form", "uniprot_id": "P11217", "roc_auc": 0.990506329113924, "accuracy": 0.9712643678160919, "f1_score": 0.9723581842123211, "cohen_kappa": 0.8412987960598322, "mcc": 0.8451389520506046, "data_info": {"train_count": 695, "test_count": 174, "actives_count": 79, "decoys_count": 790}}}