{"xgb": {"protein_name": "serine_threonine_protein_kinase_pim_1", "uniprot_id": "P11309", "roc_auc": 0.9998289850461344, "accuracy": 0.9947347104090725, "f1_score": 0.9946748763864595, "cohen_kappa": 0.9673654767678431, "mcc": 0.9677345072627318, "data_info": {"train_count": 9873, "test_count": 2469, "actives_count": 1122, "decoys_count": 11220}}, "rf": {"protein_name": "serine_threonine_protein_kinase_pim_1", "uniprot_id": "P11309", "roc_auc": 0.9998677616926503, "accuracy": 0.9951397326852977, "f1_score": 0.9950896504787216, "cohen_kappa": 0.9699375982953681, "mcc": 0.970242109401096, "data_info": {"train_count": 9873, "test_count": 2469, "actives_count": 1122, "decoys_count": 11220}}, "svc": {"protein_name": "serine_threonine_protein_kinase_pim_1", "uniprot_id": "P11309", "roc_auc": 0.999552577155584, "accuracy": 0.9963547995139733, "f1_score": 0.9963728846301192, "cohen_kappa": 0.9781260305257096, "mcc": 0.978198261441103, "data_info": {"train_count": 9873, "test_count": 2469, "actives_count": 1122, "decoys_count": 11220}}, "ann": {"protein_name": "serine_threonine_protein_kinase_pim_1", "uniprot_id": "P11309", "roc_auc": 0.9996718899140948, "accuracy": 0.9947347104090725, "f1_score": 0.9947399872947503, "cohen_kappa": 0.9681508184813963, "mcc": 0.9681537240077823, "data_info": {"train_count": 9873, "test_count": 2469, "actives_count": 1122, "decoys_count": 11220}}}