{"xgb": {"protein_name": "fibroblast_growth_factor_receptor_1", "uniprot_id": "P11362", "roc_auc": 0.9962603550295859, "accuracy": 0.9846153846153847, "f1_score": 0.9840961177859574, "cohen_kappa": 0.9007383100902379, "mcc": 0.9037235999527959, "data_info": {"train_count": 2860, "test_count": 715, "actives_count": 325, "decoys_count": 3250}}, "rf": {"protein_name": "fibroblast_growth_factor_receptor_1", "uniprot_id": "P11362", "roc_auc": 0.9983550295857988, "accuracy": 0.9902097902097902, "f1_score": 0.9899574240925688, "cohen_kappa": 0.9377526273241714, "mcc": 0.9395746957150379, "data_info": {"train_count": 2860, "test_count": 715, "actives_count": 325, "decoys_count": 3250}}, "svc": {"protein_name": "fibroblast_growth_factor_receptor_1", "uniprot_id": "P11362", "roc_auc": 0.9972781065088757, "accuracy": 0.9874125874125874, "f1_score": 0.98753999318054, "cohen_kappa": 0.9253956292388847, "mcc": 0.9256819052602999, "data_info": {"train_count": 2860, "test_count": 715, "actives_count": 325, "decoys_count": 3250}}, "ann": {"protein_name": "fibroblast_growth_factor_receptor_1", "uniprot_id": "P11362", "roc_auc": 0.9953372781065088, "accuracy": 0.9874125874125874, "f1_score": 0.9873686365830155, "cohen_kappa": 0.9233152594887684, "mcc": 0.9233487773694937, "data_info": {"train_count": 2860, "test_count": 715, "actives_count": 325, "decoys_count": 3250}}}