{"xgb": {"protein_name": "steroid_hormone_receptor_err1", "uniprot_id": "P11474", "roc_auc": 0.9942528735632183, "accuracy": 0.921875, "f1_score": 0.8955873671782764, "cohen_kappa": 0.2660550458715596, "mcc": 0.3917131009286688, "data_info": {"train_count": 255, "test_count": 64, "actives_count": 29, "decoys_count": 290}}, "rf": {"protein_name": "steroid_hormone_receptor_err1", "uniprot_id": "P11474", "roc_auc": 1.0, "accuracy": 1.0, "f1_score": 1.0, "cohen_kappa": 1.0, "mcc": 1.0, "data_info": {"train_count": 255, "test_count": 64, "actives_count": 29, "decoys_count": 290}}, "svc": {"protein_name": "steroid_hormone_receptor_err1", "uniprot_id": "P11474", "roc_auc": 0.9885057471264368, "accuracy": 0.96875, "f1_score": 0.9707080200501252, "cohen_kappa": 0.84, "mcc": 0.8509629433967631, "data_info": {"train_count": 255, "test_count": 64, "actives_count": 29, "decoys_count": 290}}, "ann": {"protein_name": "steroid_hormone_receptor_err1", "uniprot_id": "P11474", "roc_auc": 0.8994252873563219, "accuracy": 0.953125, "f1_score": 0.9459033613445378, "cohen_kappa": 0.6444444444444444, "mcc": 0.6894996998299374, "data_info": {"train_count": 255, "test_count": 64, "actives_count": 29, "decoys_count": 290}}}