{"xgb": {"protein_name": "aromatase", "uniprot_id": "P11511", "roc_auc": 0.9980092615993561, "accuracy": 0.9891696750902527, "f1_score": 0.9889080422046551, "cohen_kappa": 0.9314459086617638, "mcc": 0.933038246066017, "data_info": {"train_count": 9970, "test_count": 2493, "actives_count": 1133, "decoys_count": 11330}}, "rf": {"protein_name": "aromatase", "uniprot_id": "P11511", "roc_auc": 0.9984738968315376, "accuracy": 0.9851584436421982, "f1_score": 0.9846650192115038, "cohen_kappa": 0.9044684145387886, "mcc": 0.9073796019837995, "data_info": {"train_count": 9970, "test_count": 2493, "actives_count": 1133, "decoys_count": 11330}}, "svc": {"protein_name": "aromatase", "uniprot_id": "P11511", "roc_auc": 0.9855438176296993, "accuracy": 0.9851584436421982, "f1_score": 0.9852310838735089, "cohen_kappa": 0.9112178632650567, "mcc": 0.9112834516389823, "data_info": {"train_count": 9970, "test_count": 2493, "actives_count": 1133, "decoys_count": 11330}}, "mlp": {"protein_name": "aromatase", "uniprot_id": "P11511", "roc_auc": 0.9920584312825876, "accuracy": 0.9871640593662254, "f1_score": 0.9871640593662254, "cohen_kappa": 0.9224545182374189, "mcc": 0.9224545182374189, "data_info": {"train_count": 9970, "test_count": 2493, "actives_count": 1133, "decoys_count": 11330}}}