{"xgb": {"protein_name": "cholesteryl_ester_transfer_protein", "uniprot_id": "P11597", "roc_auc": 0.9998500576701268, "accuracy": 0.9970819304152637, "f1_score": 0.997013694568813, "cohen_kappa": 0.9417374639725965, "mcc": 0.9428839527327025, "data_info": {"train_count": 17819, "test_count": 4455, "actives_count": 602, "decoys_count": 21672}}, "rf": {"protein_name": "cholesteryl_ester_transfer_protein", "uniprot_id": "P11597", "roc_auc": 0.9997231833910034, "accuracy": 0.9982042648709315, "f1_score": 0.9981818635576128, "cohen_kappa": 0.9648905044773473, "mcc": 0.9652251967322718, "data_info": {"train_count": 17819, "test_count": 4455, "actives_count": 602, "decoys_count": 21672}}, "svc": {"protein_name": "cholesteryl_ester_transfer_protein", "uniprot_id": "P11597", "roc_auc": 0.9943060361399462, "accuracy": 0.9948372615039281, "f1_score": 0.9949846329769529, "cohen_kappa": 0.9071559633027523, "mcc": 0.9088235294117647, "data_info": {"train_count": 17819, "test_count": 4455, "actives_count": 602, "decoys_count": 21672}}, "mlp": {"protein_name": "cholesteryl_ester_transfer_protein", "uniprot_id": "P11597", "roc_auc": 0.9989888504421376, "accuracy": 0.997979797979798, "f1_score": 0.9979756881076097, "cohen_kappa": 0.9613051723389163, "mcc": 0.9613140573529687, "data_info": {"train_count": 17819, "test_count": 4455, "actives_count": 602, "decoys_count": 21672}}}