{"xgb": {"protein_name": "cytochrome_p450_2c9", "uniprot_id": "P11712", "roc_auc": 0.7767295597484278, "accuracy": 0.9754601226993865, "f1_score": 0.9633426056472203, "cohen_kappa": 0.0, "mcc": 0.0, "data_info": {"train_count": 651, "test_count": 163, "actives_count": 22, "decoys_count": 792}}, "rf": {"protein_name": "cytochrome_p450_2c9", "uniprot_id": "P11712", "roc_auc": 0.7727987421383649, "accuracy": 0.9754601226993865, "f1_score": 0.9633426056472203, "cohen_kappa": 0.0, "mcc": 0.0, "data_info": {"train_count": 651, "test_count": 163, "actives_count": 22, "decoys_count": 792}}, "svc": {"protein_name": "cytochrome_p450_2c9", "uniprot_id": "P11712", "roc_auc": 0.75, "accuracy": 0.9570552147239264, "f1_score": 0.959373299873774, "cohen_kappa": 0.20042046250875956, "mcc": 0.20174089072739212, "data_info": {"train_count": 651, "test_count": 163, "actives_count": 22, "decoys_count": 792}}, "mlp": {"protein_name": "cytochrome_p450_2c9", "uniprot_id": "P11712", "roc_auc": 0.5581761006289307, "accuracy": 0.9815950920245399, "f1_score": 0.976159623874778, "cohen_kappa": 0.3940520446096655, "mcc": 0.4953487361146391, "data_info": {"train_count": 651, "test_count": 163, "actives_count": 22, "decoys_count": 792}}}