{"xgb": {"protein_name": "cyclin_dependent_kinase_4", "uniprot_id": "P11802", "roc_auc": 0.99926045348992, "accuracy": 0.9952540480178671, "f1_score": 0.9950319087337844, "cohen_kappa": 0.9015447199164421, "mcc": 0.905946281408737, "data_info": {"train_count": 14326, "test_count": 3582, "actives_count": 484, "decoys_count": 17424}}, "rf": {"protein_name": "cyclin_dependent_kinase_4", "uniprot_id": "P11802", "roc_auc": 0.999102190536763, "accuracy": 0.9980457844779452, "f1_score": 0.9980101885804381, "cohen_kappa": 0.9615649918604972, "mcc": 0.962276015597653, "data_info": {"train_count": 14326, "test_count": 3582, "actives_count": 484, "decoys_count": 17424}}, "svc": {"protein_name": "cyclin_dependent_kinase_4", "uniprot_id": "P11802", "roc_auc": 0.9989587185138072, "accuracy": 0.9963707426018984, "f1_score": 0.996465244562558, "cohen_kappa": 0.9347228179960132, "mcc": 0.9361519404057214, "data_info": {"train_count": 14326, "test_count": 3582, "actives_count": 484, "decoys_count": 17424}}, "mlp": {"protein_name": "cyclin_dependent_kinase_4", "uniprot_id": "P11802", "roc_auc": 0.9967489535416882, "accuracy": 0.9991624790619765, "f1_score": 0.9991560818361004, "cohen_kappa": 0.9838630718728507, "mcc": 0.9839911960891189, "data_info": {"train_count": 14326, "test_count": 3582, "actives_count": 484, "decoys_count": 17424}}}