{"xgb": {"protein_name": "c_c_motif_chemokine_5", "uniprot_id": "P13501", "roc_auc": 0.9927272727272727, "accuracy": 0.9666666666666667, "f1_score": 0.9627976190476191, "cohen_kappa": 0.7333333333333334, "mcc": 0.760885910252682, "data_info": {"train_count": 237, "test_count": 60, "actives_count": 27, "decoys_count": 270}}, "rf": {"protein_name": "c_c_motif_chemokine_5", "uniprot_id": "P13501", "roc_auc": 1.0, "accuracy": 0.9833333333333333, "f1_score": 0.9824824824824823, "cohen_kappa": 0.88, "mcc": 0.8864052604279183, "data_info": {"train_count": 237, "test_count": 60, "actives_count": 27, "decoys_count": 270}}, "svc": {"protein_name": "c_c_motif_chemokine_5", "uniprot_id": "P13501", "roc_auc": 1.0, "accuracy": 1.0, "f1_score": 1.0, "cohen_kappa": 1.0, "mcc": 1.0, "data_info": {"train_count": 237, "test_count": 60, "actives_count": 27, "decoys_count": 270}}, "mlp": {"protein_name": "c_c_motif_chemokine_5", "uniprot_id": "P13501", "roc_auc": 1.0, "accuracy": 0.9833333333333333, "f1_score": 0.9824824824824823, "cohen_kappa": 0.88, "mcc": 0.8864052604279183, "data_info": {"train_count": 237, "test_count": 60, "actives_count": 27, "decoys_count": 270}}}