{"xgb": {"protein_name": "beta_3_adrenergic_receptor", "uniprot_id": "P13945", "roc_auc": 0.991950482822241, "accuracy": 0.9950186799501868, "f1_score": 0.9947695854191995, "cohen_kappa": 0.8949107624858905, "mcc": 0.8998936574579379, "data_info": {"train_count": 6423, "test_count": 1606, "actives_count": 217, "decoys_count": 7812}}, "rf": {"protein_name": "beta_3_adrenergic_receptor", "uniprot_id": "P13945", "roc_auc": 0.9998214524840423, "accuracy": 0.99813200498132, "f1_score": 0.9980991415265793, "cohen_kappa": 0.9628979346670979, "mcc": 0.9635613646418454, "data_info": {"train_count": 6423, "test_count": 1606, "actives_count": 217, "decoys_count": 7812}}, "svc": {"protein_name": "beta_3_adrenergic_receptor", "uniprot_id": "P13945", "roc_auc": 0.9961165915279204, "accuracy": 0.99813200498132, "f1_score": 0.9981424417056728, "cohen_kappa": 0.9645573717430005, "mcc": 0.9646246931004284, "data_info": {"train_count": 6423, "test_count": 1606, "actives_count": 217, "decoys_count": 7812}}, "mlp": {"protein_name": "beta_3_adrenergic_receptor", "uniprot_id": "P13945", "roc_auc": 0.9992709309765061, "accuracy": 0.9993773349937733, "f1_score": 0.9993737718211235, "cohen_kappa": 0.9879155442519827, "mcc": 0.9879876868177635, "data_info": {"train_count": 6423, "test_count": 1606, "actives_count": 217, "decoys_count": 7812}}}