{"xgb": {"protein_name": "estradiol_17_beta_dehydrogenase_1", "uniprot_id": "P14061", "roc_auc": 0.9859777472946197, "accuracy": 0.9924924924924925, "f1_score": 0.9920773993031485, "cohen_kappa": 0.8415643733942335, "mcc": 0.8473027666444289, "data_info": {"train_count": 7992, "test_count": 1998, "actives_count": 270, "decoys_count": 9720}}, "rf": {"protein_name": "estradiol_17_beta_dehydrogenase_1", "uniprot_id": "P14061", "roc_auc": 0.9874780902301479, "accuracy": 0.996996996996997, "f1_score": 0.9969109869408972, "cohen_kappa": 0.9396411092985318, "mcc": 0.9413574486632833, "data_info": {"train_count": 7992, "test_count": 1998, "actives_count": 270, "decoys_count": 9720}}, "svc": {"protein_name": "estradiol_17_beta_dehydrogenase_1", "uniprot_id": "P14061", "roc_auc": 0.9953798963572625, "accuracy": 0.9964964964964965, "f1_score": 0.9965424884343804, "cohen_kappa": 0.9351364888554972, "mcc": 0.935498018687826, "data_info": {"train_count": 7992, "test_count": 1998, "actives_count": 270, "decoys_count": 9720}}, "mlp": {"protein_name": "estradiol_17_beta_dehydrogenase_1", "uniprot_id": "P14061", "roc_auc": 0.9967802164304223, "accuracy": 0.9984984984984985, "f1_score": 0.9984916751810196, "cohen_kappa": 0.97119127952245, "mcc": 0.9712360622195978, "data_info": {"train_count": 7992, "test_count": 1998, "actives_count": 270, "decoys_count": 9720}}}