{"xgb": {"protein_name": "macrophage_migration_inhibitory_factor", "uniprot_id": "P14174", "roc_auc": 0.9695238095238095, "accuracy": 0.9512195121951219, "f1_score": 0.9420969274627811, "cohen_kappa": 0.5784061696658098, "mcc": 0.6378648833438434, "data_info": {"train_count": 325, "test_count": 82, "actives_count": 37, "decoys_count": 370}}, "rf": {"protein_name": "macrophage_migration_inhibitory_factor", "uniprot_id": "P14174", "roc_auc": 0.9485714285714285, "accuracy": 0.9390243902439024, "f1_score": 0.9230701984439199, "cohen_kappa": 0.4225352112676056, "mcc": 0.5175491695067657, "data_info": {"train_count": 325, "test_count": 82, "actives_count": 37, "decoys_count": 370}}, "svc": {"protein_name": "macrophage_migration_inhibitory_factor", "uniprot_id": "P14174", "roc_auc": 0.8742857142857143, "accuracy": 0.9634146341463414, "f1_score": 0.9645113766573907, "cohen_kappa": 0.7799642218246869, "mcc": 0.782070643634251, "data_info": {"train_count": 325, "test_count": 82, "actives_count": 37, "decoys_count": 370}}, "ann": {"protein_name": "macrophage_migration_inhibitory_factor", "uniprot_id": "P14174", "roc_auc": 0.7485714285714286, "accuracy": 0.9390243902439024, "f1_score": 0.9230701984439199, "cohen_kappa": 0.4225352112676056, "mcc": 0.5175491695067657, "data_info": {"train_count": 325, "test_count": 82, "actives_count": 37, "decoys_count": 370}}}