{"xgb": {"protein_name": "d2_dopamine_receptor", "uniprot_id": "P14416", "roc_auc": 0.9972354947279969, "accuracy": 0.9774489076814659, "f1_score": 0.9774125806186429, "cohen_kappa": 0.9490986214209968, "mcc": 0.9491418501683262, "data_info": {"train_count": 5676, "test_count": 1419, "actives_count": 2365, "decoys_count": 4730}}, "rf": {"protein_name": "d2_dopamine_receptor", "uniprot_id": "P14416", "roc_auc": 0.9965661581645653, "accuracy": 0.9739252995066948, "f1_score": 0.9738326117595429, "cohen_kappa": 0.940926024481107, "mcc": 0.9411287654357003, "data_info": {"train_count": 5676, "test_count": 1419, "actives_count": 2365, "decoys_count": 4730}}, "svc": {"protein_name": "d2_dopamine_receptor", "uniprot_id": "P14416", "roc_auc": 0.9894962208743613, "accuracy": 0.9696969696969697, "f1_score": 0.9697975335389242, "cohen_kappa": 0.9322834645669291, "mcc": 0.9324788957145991, "data_info": {"train_count": 5676, "test_count": 1419, "actives_count": 2365, "decoys_count": 4730}}, "ann": {"protein_name": "d2_dopamine_receptor", "uniprot_id": "P14416", "roc_auc": 0.9932909904393261, "accuracy": 0.9774489076814659, "f1_score": 0.9773751042172758, "cohen_kappa": 0.948936170212766, "mcc": 0.949110196864354, "data_info": {"train_count": 5676, "test_count": 1419, "actives_count": 2365, "decoys_count": 4730}}}