{"xgb": {"protein_name": "gamma_aminobutyric_acid_receptor_subunit_alpha_1", "uniprot_id": "P14867", "roc_auc": 0.9626088197516769, "accuracy": 0.9815354713313897, "f1_score": 0.9768813739973703, "cohen_kappa": 0.47959754052543313, "mcc": 0.5616415017345034, "data_info": {"train_count": 4114, "test_count": 1029, "actives_count": 139, "decoys_count": 5004}}, "rf": {"protein_name": "gamma_aminobutyric_acid_receptor_subunit_alpha_1", "uniprot_id": "P14867", "roc_auc": 0.9872627372627373, "accuracy": 0.989310009718173, "f1_score": 0.988032662974115, "cohen_kappa": 0.7504244482173175, "mcc": 0.7749474035448274, "data_info": {"train_count": 4114, "test_count": 1029, "actives_count": 139, "decoys_count": 5004}}, "svc": {"protein_name": "gamma_aminobutyric_acid_receptor_subunit_alpha_1", "uniprot_id": "P14867", "roc_auc": 0.96282289139432, "accuracy": 0.9786200194363459, "f1_score": 0.9786200194363459, "cohen_kappa": 0.5961538461538461, "mcc": 0.5961538461538461, "data_info": {"train_count": 4114, "test_count": 1029, "actives_count": 139, "decoys_count": 5004}}, "ann": {"protein_name": "gamma_aminobutyric_acid_receptor_subunit_alpha_1", "uniprot_id": "P14867", "roc_auc": 0.9399172256315114, "accuracy": 0.9834791059280855, "f1_score": 0.983619897892085, "cohen_kappa": 0.6932613231864491, "mcc": 0.6933742019574983, "data_info": {"train_count": 4114, "test_count": 1029, "actives_count": 139, "decoys_count": 5004}}}