{"xgb": {"protein_name": "indoleamine_2_3_dioxygenase_1", "uniprot_id": "P14902", "roc_auc": 0.9852579852579852, "accuracy": 0.9781420765027322, "f1_score": 0.9767643541171477, "cohen_kappa": 0.8504443763407907, "mcc": 0.860117851968473, "data_info": {"train_count": 1460, "test_count": 366, "actives_count": 166, "decoys_count": 1660}}, "rf": {"protein_name": "indoleamine_2_3_dioxygenase_1", "uniprot_id": "P14902", "roc_auc": 0.9880334880334881, "accuracy": 0.9808743169398907, "f1_score": 0.9798392074404025, "cohen_kappa": 0.8711137941442801, "mcc": 0.8784405238891789, "data_info": {"train_count": 1460, "test_count": 366, "actives_count": 166, "decoys_count": 1660}}, "svc": {"protein_name": "indoleamine_2_3_dioxygenase_1", "uniprot_id": "P14902", "roc_auc": 0.9715169715169715, "accuracy": 0.9754098360655737, "f1_score": 0.975574855906588, "cohen_kappa": 0.8521411257743066, "mcc": 0.8522561473269809, "data_info": {"train_count": 1460, "test_count": 366, "actives_count": 166, "decoys_count": 1660}}, "ann": {"protein_name": "indoleamine_2_3_dioxygenase_1", "uniprot_id": "P14902", "roc_auc": 0.9713349713349714, "accuracy": 0.9590163934426229, "f1_score": 0.9611947002021107, "cohen_kappa": 0.7775346462436178, "mcc": 0.7845551492364631, "data_info": {"train_count": 1460, "test_count": 366, "actives_count": 166, "decoys_count": 1660}}}