{"xgb": {"protein_name": "carboxypeptidase_b", "uniprot_id": "P15086", "roc_auc": 1.0, "accuracy": 0.9733333333333334, "f1_score": 0.9713043478260869, "cohen_kappa": 0.8192771084337349, "mcc": 0.8329931278350429, "data_info": {"train_count": 299, "test_count": 75, "actives_count": 34, "decoys_count": 340}}, "rf": {"protein_name": "carboxypeptidase_b", "uniprot_id": "P15086", "roc_auc": 1.0, "accuracy": 0.9866666666666667, "f1_score": 0.9862025079543331, "cohen_kappa": 0.9158249158249159, "mcc": 0.9190867733214366, "data_info": {"train_count": 299, "test_count": 75, "actives_count": 34, "decoys_count": 340}}, "svc": {"protein_name": "carboxypeptidase_b", "uniprot_id": "P15086", "roc_auc": 0.9831932773109243, "accuracy": 0.9466666666666667, "f1_score": 0.9466666666666667, "cohen_kappa": 0.6848739495798319, "mcc": 0.6848739495798319, "data_info": {"train_count": 299, "test_count": 75, "actives_count": 34, "decoys_count": 340}}, "ann": {"protein_name": "carboxypeptidase_b", "uniprot_id": "P15086", "roc_auc": 0.9789915966386554, "accuracy": 0.9733333333333334, "f1_score": 0.9733333333333334, "cohen_kappa": 0.842436974789916, "mcc": 0.842436974789916, "data_info": {"train_count": 299, "test_count": 75, "actives_count": 34, "decoys_count": 340}}}