{"xgb": {"protein_name": "aminopeptidase_n", "uniprot_id": "P15144", "roc_auc": 0.9971803597472046, "accuracy": 0.9726688102893891, "f1_score": 0.9591925513041246, "cohen_kappa": 0.0, "mcc": 0.0, "data_info": {"train_count": 2486, "test_count": 622, "actives_count": 84, "decoys_count": 3024}}, "rf": {"protein_name": "aminopeptidase_n", "uniprot_id": "P15144", "roc_auc": 1.0, "accuracy": 0.9983922829581994, "f1_score": 0.9983685874063734, "cohen_kappa": 0.9688719847863076, "mcc": 0.9693417220475532, "data_info": {"train_count": 2486, "test_count": 622, "actives_count": 84, "decoys_count": 3024}}, "svc": {"protein_name": "aminopeptidase_n", "uniprot_id": "P15144", "roc_auc": 0.9592610597958192, "accuracy": 0.977491961414791, "f1_score": 0.9795606821785057, "cohen_kappa": 0.6554562000474796, "mcc": 0.6685414568853172, "data_info": {"train_count": 2486, "test_count": 622, "actives_count": 84, "decoys_count": 3024}}, "mlp": {"protein_name": "aminopeptidase_n", "uniprot_id": "P15144", "roc_auc": 0.9896937287311619, "accuracy": 0.9871382636655949, "f1_score": 0.9863020035986023, "cohen_kappa": 0.7268635415523108, "mcc": 0.7337381787483483, "data_info": {"train_count": 2486, "test_count": 622, "actives_count": 84, "decoys_count": 3024}}}