{"xgb": {"protein_name": "15_hydroxyprostaglandin_dehydrogenase_nad_", "uniprot_id": "P15428", "roc_auc": 0.9999746630181413, "accuracy": 0.9967453213995118, "f1_score": 0.9966430485273385, "cohen_kappa": 0.9338215497280706, "mcc": 0.9358731676133182, "data_info": {"train_count": 4913, "test_count": 1229, "actives_count": 166, "decoys_count": 5976}}, "rf": {"protein_name": "15_hydroxyprostaglandin_dehydrogenase_nad_", "uniprot_id": "P15428", "roc_auc": 1.0, "accuracy": 0.9983726606997559, "f1_score": 0.9983479132806249, "cohen_kappa": 0.9679154157420702, "mcc": 0.9684139967206004, "data_info": {"train_count": 4913, "test_count": 1229, "actives_count": 166, "decoys_count": 5976}}, "svc": {"protein_name": "15_hydroxyprostaglandin_dehydrogenase_nad_", "uniprot_id": "P15428", "roc_auc": 1.0, "accuracy": 1.0, "f1_score": 1.0, "cohen_kappa": 1.0, "mcc": 1.0, "data_info": {"train_count": 4913, "test_count": 1229, "actives_count": 166, "decoys_count": 5976}}, "mlp": {"protein_name": "15_hydroxyprostaglandin_dehydrogenase_nad_", "uniprot_id": "P15428", "roc_auc": 0.9993919124353907, "accuracy": 0.9991863303498779, "f1_score": 0.9991922323588633, "cohen_kappa": 0.9846564875965992, "mcc": 0.984772413641492, "data_info": {"train_count": 4913, "test_count": 1229, "actives_count": 166, "decoys_count": 5976}}}