{"xgb": {"protein_name": "cytochrome_p450_11b1_mitochondrial", "uniprot_id": "P15538", "roc_auc": 0.9982906895999145, "accuracy": 0.9827586206896551, "f1_score": 0.9827804379528515, "cohen_kappa": 0.961372475891097, "mcc": 0.9614011661762657, "data_info": {"train_count": 1159, "test_count": 290, "actives_count": 483, "decoys_count": 966}}, "rf": {"protein_name": "cytochrome_p450_11b1_mitochondrial", "uniprot_id": "P15538", "roc_auc": 0.9986111852999305, "accuracy": 0.9827586206896551, "f1_score": 0.9827804379528515, "cohen_kappa": 0.961372475891097, "mcc": 0.9614011661762657, "data_info": {"train_count": 1159, "test_count": 290, "actives_count": 483, "decoys_count": 966}}, "svc": {"protein_name": "cytochrome_p450_11b1_mitochondrial", "uniprot_id": "P15538", "roc_auc": 0.9977565300998879, "accuracy": 0.9862068965517241, "f1_score": 0.9862068965517241, "cohen_kappa": 0.969018748998451, "mcc": 0.969018748998451, "data_info": {"train_count": 1159, "test_count": 290, "actives_count": 483, "decoys_count": 966}}, "mlp": {"protein_name": "cytochrome_p450_11b1_mitochondrial", "uniprot_id": "P15538", "roc_auc": 0.9919341915495967, "accuracy": 0.9620689655172414, "f1_score": 0.9619173414409904, "cohen_kappa": 0.9141411422727028, "mcc": 0.9143918624307478, "data_info": {"train_count": 1159, "test_count": 290, "actives_count": 483, "decoys_count": 966}}}