{"xgb": {"protein_name": "nad_p_h_dehydrogenase_quinone_1", "uniprot_id": "P15559", "roc_auc": 0.995576199955762, "accuracy": 0.9739336492890995, "f1_score": 0.9610725806910442, "cohen_kappa": 0.0, "mcc": 0.0, "data_info": {"train_count": 1687, "test_count": 422, "actives_count": 57, "decoys_count": 2052}}, "rf": {"protein_name": "nad_p_h_dehydrogenase_quinone_1", "uniprot_id": "P15559", "roc_auc": 1.0, "accuracy": 1.0, "f1_score": 1.0, "cohen_kappa": 1.0, "mcc": 1.0, "data_info": {"train_count": 1687, "test_count": 422, "actives_count": 57, "decoys_count": 2052}}, "svc": {"protein_name": "nad_p_h_dehydrogenase_quinone_1", "uniprot_id": "P15559", "roc_auc": 0.9984516699845167, "accuracy": 0.990521327014218, "f1_score": 0.991227280465858, "cohen_kappa": 0.841383198646871, "mcc": 0.8521715022587664, "data_info": {"train_count": 1687, "test_count": 422, "actives_count": 57, "decoys_count": 2052}}, "mlp": {"protein_name": "nad_p_h_dehydrogenase_quinone_1", "uniprot_id": "P15559", "roc_auc": 1.0, "accuracy": 0.9976303317535545, "f1_score": 0.9976804031209396, "cohen_kappa": 0.9553060792205041, "mcc": 0.9562616452333342, "data_info": {"train_count": 1687, "test_count": 422, "actives_count": 57, "decoys_count": 2052}}}