{"xgb": {"protein_name": "chymotrypsinogen_b", "uniprot_id": "P17538", "roc_auc": 0.9973544973544973, "accuracy": 0.9803921568627451, "f1_score": 0.9799307958477508, "cohen_kappa": 0.9294605809128631, "mcc": 0.9317816558956105, "data_info": {"train_count": 201, "test_count": 51, "actives_count": 42, "decoys_count": 210}}, "rf": {"protein_name": "chymotrypsinogen_b", "uniprot_id": "P17538", "roc_auc": 0.9973544973544973, "accuracy": 0.9607843137254902, "f1_score": 0.9587893296853626, "cohen_kappa": 0.8521739130434782, "mcc": 0.8616404368553292, "data_info": {"train_count": 201, "test_count": 51, "actives_count": 42, "decoys_count": 210}}, "svc": {"protein_name": "chymotrypsinogen_b", "uniprot_id": "P17538", "roc_auc": 0.9947089947089947, "accuracy": 0.9411764705882353, "f1_score": 0.9423700995934201, "cohen_kappa": 0.8060836501901141, "mcc": 0.8077729237846089, "data_info": {"train_count": 201, "test_count": 51, "actives_count": 42, "decoys_count": 210}}, "mlp": {"protein_name": "chymotrypsinogen_b", "uniprot_id": "P17538", "roc_auc": 0.9312169312169312, "accuracy": 0.8431372549019608, "f1_score": 0.853475935828877, "cohen_kappa": 0.5405405405405406, "mcc": 0.5553948742635308, "data_info": {"train_count": 201, "test_count": 51, "actives_count": 42, "decoys_count": 210}}}