{"xgb": {"protein_name": "chymotrypsinogen_b", "uniprot_id": "P17538", "roc_auc": 0.9273927392739273, "accuracy": 0.9742765273311897, "f1_score": 0.9615823706232914, "cohen_kappa": 0.0, "mcc": 0.0, "data_info": {"train_count": 1243, "test_count": 311, "actives_count": 42, "decoys_count": 1512}}, "rf": {"protein_name": "chymotrypsinogen_b", "uniprot_id": "P17538", "roc_auc": 0.9942244224422443, "accuracy": 0.9935691318327974, "f1_score": 0.9931203611923698, "cohen_kappa": 0.8539220291216534, "mcc": 0.863181306107306, "data_info": {"train_count": 1243, "test_count": 311, "actives_count": 42, "decoys_count": 1512}}, "svc": {"protein_name": "chymotrypsinogen_b", "uniprot_id": "P17538", "roc_auc": 0.985973597359736, "accuracy": 0.9678456591639871, "f1_score": 0.9720695703010818, "cohen_kappa": 0.5300695074040496, "mcc": 0.55248569635728, "data_info": {"train_count": 1243, "test_count": 311, "actives_count": 42, "decoys_count": 1512}}, "mlp": {"protein_name": "chymotrypsinogen_b", "uniprot_id": "P17538", "roc_auc": 0.3411716171617162, "accuracy": 0.9742765273311897, "f1_score": 0.9615823706232914, "cohen_kappa": 0.0, "mcc": 0.0, "data_info": {"train_count": 1243, "test_count": 311, "actives_count": 42, "decoys_count": 1512}}}