{"xgb": {"protein_name": "calpain_2_catalytic_subunit", "uniprot_id": "P17655", "roc_auc": 0.9271912568306011, "accuracy": 0.9872340425531915, "f1_score": 0.9852599479848696, "cohen_kappa": 0.6783575705731395, "mcc": 0.7164276714464898, "data_info": {"train_count": 3759, "test_count": 940, "actives_count": 127, "decoys_count": 4572}}, "rf": {"protein_name": "calpain_2_catalytic_subunit", "uniprot_id": "P17655", "roc_auc": 0.9774644808743169, "accuracy": 0.9946808510638298, "f1_score": 0.9943925895865139, "cohen_kappa": 0.8861985472154964, "mcc": 0.8919933710028587, "data_info": {"train_count": 3759, "test_count": 940, "actives_count": 127, "decoys_count": 4572}}, "svc": {"protein_name": "calpain_2_catalytic_subunit", "uniprot_id": "P17655", "roc_auc": 0.9962841530054645, "accuracy": 0.9957446808510638, "f1_score": 0.9955643074539205, "cohen_kappa": 0.9108793552974639, "mcc": 0.9145183716104657, "data_info": {"train_count": 3759, "test_count": 940, "actives_count": 127, "decoys_count": 4572}}, "mlp": {"protein_name": "calpain_2_catalytic_subunit", "uniprot_id": "P17655", "roc_auc": 0.9981639344262295, "accuracy": 0.997872340425532, "f1_score": 0.9978291755706278, "cohen_kappa": 0.9572435751648851, "mcc": 0.9581197508269802, "data_info": {"train_count": 3759, "test_count": 940, "actives_count": 127, "decoys_count": 4572}}}