{"xgb": {"protein_name": "tyrosine_protein_phosphatase_non_receptor_type_2", "uniprot_id": "P17706", "roc_auc": 0.9762163765822786, "accuracy": 0.9971264367816092, "f1_score": 0.9971059005214914, "cohen_kappa": 0.9825476429287864, "mcc": 0.9826973116423735, "data_info": {"train_count": 1390, "test_count": 348, "actives_count": 158, "decoys_count": 1580}}, "rf": {"protein_name": "tyrosine_protein_phosphatase_non_receptor_type_2", "uniprot_id": "P17706", "roc_auc": 0.9766119462025316, "accuracy": 0.9971264367816092, "f1_score": 0.9971059005214914, "cohen_kappa": 0.9825476429287864, "mcc": 0.9826973116423735, "data_info": {"train_count": 1390, "test_count": 348, "actives_count": 158, "decoys_count": 1580}}, "svc": {"protein_name": "tyrosine_protein_phosphatase_non_receptor_type_2", "uniprot_id": "P17706", "roc_auc": 0.9854628164556962, "accuracy": 0.985632183908046, "f1_score": 0.9859195879600954, "cohen_kappa": 0.9174416397798444, "mcc": 0.9185692868521241, "data_info": {"train_count": 1390, "test_count": 348, "actives_count": 158, "decoys_count": 1580}}, "mlp": {"protein_name": "tyrosine_protein_phosphatase_non_receptor_type_2", "uniprot_id": "P17706", "roc_auc": 0.996934335443038, "accuracy": 0.9885057471264368, "f1_score": 0.9886616576271748, "cohen_kappa": 0.93305117352828, "mcc": 0.9335743721408575, "data_info": {"train_count": 1390, "test_count": 348, "actives_count": 158, "decoys_count": 1580}}}