{"xgb": {"protein_name": "galectin_34", "uniprot_id": "P17931", "roc_auc": 1.0, "accuracy": 0.9693251533742331, "f1_score": 0.9542266307360051, "cohen_kappa": 0.0, "mcc": 0.0, "data_info": {"train_count": 652, "test_count": 163, "actives_count": 23, "decoys_count": 792}}, "rf": {"protein_name": "galectin_34", "uniprot_id": "P17931", "roc_auc": 1.0, "accuracy": 1.0, "f1_score": 1.0, "cohen_kappa": 1.0, "mcc": 1.0, "data_info": {"train_count": 652, "test_count": 163, "actives_count": 23, "decoys_count": 792}}, "svc": {"protein_name": "galectin_34", "uniprot_id": "P17931", "roc_auc": 0.989873417721519, "accuracy": 0.9877300613496932, "f1_score": 0.988713479999479, "cohen_kappa": 0.8271474019088016, "mcc": 0.8397881417153031, "data_info": {"train_count": 652, "test_count": 163, "actives_count": 23, "decoys_count": 792}}, "mlp": {"protein_name": "galectin_34", "uniprot_id": "P17931", "roc_auc": 0.9848101265822785, "accuracy": 0.9877300613496932, "f1_score": 0.9862349037311416, "cohen_kappa": 0.7441130298273155, "mcc": 0.7697402159170326, "data_info": {"train_count": 652, "test_count": 163, "actives_count": 23, "decoys_count": 792}}}