{"xgb": {"protein_name": "alpha_2b_adrenergic_receptor", "uniprot_id": "P18089", "roc_auc": 0.9343669665809767, "accuracy": 0.981651376146789, "f1_score": 0.9769314526327657, "cohen_kappa": 0.469447684943079, "mcc": 0.5538211174281237, "data_info": {"train_count": 4795, "test_count": 1199, "actives_count": 162, "decoys_count": 5832}}, "rf": {"protein_name": "alpha_2b_adrenergic_receptor", "uniprot_id": "P18089", "roc_auc": 0.9490145672664952, "accuracy": 0.9908256880733946, "f1_score": 0.989895154411675, "cohen_kappa": 0.7879684259601627, "mcc": 0.8063014503661015, "data_info": {"train_count": 4795, "test_count": 1199, "actives_count": 162, "decoys_count": 5832}}, "svc": {"protein_name": "alpha_2b_adrenergic_receptor", "uniprot_id": "P18089", "roc_auc": 0.8931956940874036, "accuracy": 0.9749791492910759, "f1_score": 0.9768898262491966, "cohen_kappa": 0.5926756352765321, "mcc": 0.6007024173701154, "data_info": {"train_count": 4795, "test_count": 1199, "actives_count": 162, "decoys_count": 5832}}, "ann": {"protein_name": "alpha_2b_adrenergic_receptor", "uniprot_id": "P18089", "roc_auc": 0.8868091259640103, "accuracy": 0.987489574645538, "f1_score": 0.9871899710332276, "cohen_kappa": 0.7476958040486512, "mcc": 0.7486495533584934, "data_info": {"train_count": 4795, "test_count": 1199, "actives_count": 162, "decoys_count": 5832}}}