{"xgb": {"protein_name": "gamma_aminobutyric_acid_receptor_subunit_gamma_2", "uniprot_id": "P18507", "roc_auc": 0.9430594900849857, "accuracy": 0.9724517906336089, "f1_score": 0.9588700617141451, "cohen_kappa": 0.0, "mcc": 0.0, "data_info": {"train_count": 1450, "test_count": 363, "actives_count": 49, "decoys_count": 1764}}, "rf": {"protein_name": "gamma_aminobutyric_acid_receptor_subunit_gamma_2", "uniprot_id": "P18507", "roc_auc": 0.9422096317280453, "accuracy": 0.977961432506887, "f1_score": 0.9752686920420593, "cohen_kappa": 0.48945147679324896, "mcc": 0.5062233218282567, "data_info": {"train_count": 1450, "test_count": 363, "actives_count": 49, "decoys_count": 1764}}, "svc": {"protein_name": "gamma_aminobutyric_acid_receptor_subunit_gamma_2", "uniprot_id": "P18507", "roc_auc": 0.7127478753541077, "accuracy": 0.9696969696969697, "f1_score": 0.9689209522456005, "cohen_kappa": 0.4055381866904868, "mcc": 0.4061316814218844, "data_info": {"train_count": 1450, "test_count": 363, "actives_count": 49, "decoys_count": 1764}}, "mlp": {"protein_name": "gamma_aminobutyric_acid_receptor_subunit_gamma_2", "uniprot_id": "P18507", "roc_auc": 0.775070821529745, "accuracy": 0.9752066115702479, "f1_score": 0.9711615580430312, "cohen_kappa": 0.3887745556594949, "mcc": 0.41333452198636145, "data_info": {"train_count": 1450, "test_count": 363, "actives_count": 49, "decoys_count": 1764}}}