{"xgb": {"protein_name": "gamma_aminobutyric_acid_receptor_subunit_gamma_2", "uniprot_id": "P18507", "roc_auc": 0.9346938775510204, "accuracy": 0.9537037037037037, "f1_score": 0.9465634789017875, "cohen_kappa": 0.644736842105263, "mcc": 0.6897304947150052, "data_info": {"train_count": 431, "test_count": 108, "actives_count": 49, "decoys_count": 490}}, "rf": {"protein_name": "gamma_aminobutyric_acid_receptor_subunit_gamma_2", "uniprot_id": "P18507", "roc_auc": 0.9622448979591837, "accuracy": 0.9259259259259259, "f1_score": 0.9221848110736999, "cohen_kappa": 0.5156950672645739, "mcc": 0.5195170441705195, "data_info": {"train_count": 431, "test_count": 108, "actives_count": 49, "decoys_count": 490}}, "svc": {"protein_name": "gamma_aminobutyric_acid_receptor_subunit_gamma_2", "uniprot_id": "P18507", "roc_auc": 0.7755102040816326, "accuracy": 0.9259259259259259, "f1_score": 0.928911104168836, "cohen_kappa": 0.5955056179775281, "mcc": 0.598573985674729, "data_info": {"train_count": 431, "test_count": 108, "actives_count": 49, "decoys_count": 490}}, "ann": {"protein_name": "gamma_aminobutyric_acid_receptor_subunit_gamma_2", "uniprot_id": "P18507", "roc_auc": 0.7540816326530612, "accuracy": 0.9444444444444444, "f1_score": 0.941638608305275, "cohen_kappa": 0.6367713004484306, "mcc": 0.6414906110627284, "data_info": {"train_count": 431, "test_count": 108, "actives_count": 49, "decoys_count": 490}}}