{"xgb": {"protein_name": "alpha_2c_adrenergic_receptor", "uniprot_id": "P18825", "roc_auc": 0.9918048310176816, "accuracy": 0.9890214797136038, "f1_score": 0.9876648852157751, "cohen_kappa": 0.7420075065990608, "mcc": 0.7680069048666565, "data_info": {"train_count": 8376, "test_count": 2095, "actives_count": 283, "decoys_count": 10188}}, "rf": {"protein_name": "alpha_2c_adrenergic_receptor", "uniprot_id": "P18825", "roc_auc": 0.9840185596474013, "accuracy": 0.9937947494033413, "f1_score": 0.9934052656496177, "cohen_kappa": 0.8681618170288364, "mcc": 0.875806512045479, "data_info": {"train_count": 8376, "test_count": 2095, "actives_count": 283, "decoys_count": 10188}}, "svc": {"protein_name": "alpha_2c_adrenergic_receptor", "uniprot_id": "P18825", "roc_auc": 0.9810099340598799, "accuracy": 0.9914081145584726, "f1_score": 0.9914800735807365, "cohen_kappa": 0.8404106748372789, "mcc": 0.8405428307666071, "data_info": {"train_count": 8376, "test_count": 2095, "actives_count": 283, "decoys_count": 10188}}, "ann": {"protein_name": "alpha_2c_adrenergic_receptor", "uniprot_id": "P18825", "roc_auc": 0.9835321866983455, "accuracy": 0.9942720763723151, "f1_score": 0.9940615384221835, "cohen_kappa": 0.8838713253635373, "mcc": 0.886532130885443, "data_info": {"train_count": 8376, "test_count": 2095, "actives_count": 283, "decoys_count": 10188}}}