{"xgb": {"protein_name": "arachidonate_5_lipoxygenase_activating_protein", "uniprot_id": "P20292", "roc_auc": 0.9963216370598205, "accuracy": 0.9908536585365854, "f1_score": 0.9906329954639574, "cohen_kappa": 0.9417582995738412, "mcc": 0.9433596417812627, "data_info": {"train_count": 3933, "test_count": 984, "actives_count": 447, "decoys_count": 4470}}, "rf": {"protein_name": "arachidonate_5_lipoxygenase_activating_protein", "uniprot_id": "P20292", "roc_auc": 0.9961835415228172, "accuracy": 0.9867886178861789, "f1_score": 0.9863157978879743, "cohen_kappa": 0.9140507417759621, "mcc": 0.9174457353032683, "data_info": {"train_count": 3933, "test_count": 984, "actives_count": 447, "decoys_count": 4470}}, "svc": {"protein_name": "arachidonate_5_lipoxygenase_activating_protein", "uniprot_id": "P20292", "roc_auc": 0.9858263762475676, "accuracy": 0.983739837398374, "f1_score": 0.9839003120351275, "cohen_kappa": 0.9031341134777954, "mcc": 0.9033990458632442, "data_info": {"train_count": 3933, "test_count": 984, "actives_count": 447, "decoys_count": 4470}}, "mlp": {"protein_name": "arachidonate_5_lipoxygenase_activating_protein", "uniprot_id": "P20292", "roc_auc": 0.9834285355596007, "accuracy": 0.9857723577235772, "f1_score": 0.9856994583795269, "cohen_kappa": 0.9126431533690978, "mcc": 0.9127142288084313, "data_info": {"train_count": 3933, "test_count": 984, "actives_count": 447, "decoys_count": 4470}}}