{"xgb": {"protein_name": "muscarinic_acetylcholine_receptor_m3", "uniprot_id": "P20309", "roc_auc": 0.9871477169876096, "accuracy": 0.9873031995937024, "f1_score": 0.986980904307989, "cohen_kappa": 0.9193311821648578, "mcc": 0.9210638167086863, "data_info": {"train_count": 7876, "test_count": 1969, "actives_count": 895, "decoys_count": 8950}}, "rf": {"protein_name": "muscarinic_acetylcholine_receptor_m3", "uniprot_id": "P20309", "roc_auc": 0.986464217721045, "accuracy": 0.98933468765871, "f1_score": 0.9890334841646585, "cohen_kappa": 0.9318785019168387, "mcc": 0.9340482655308815, "data_info": {"train_count": 7876, "test_count": 1969, "actives_count": 895, "decoys_count": 8950}}, "svc": {"protein_name": "muscarinic_acetylcholine_receptor_m3", "uniprot_id": "P20309", "roc_auc": 0.972792671889142, "accuracy": 0.973082783138649, "f1_score": 0.9732493401914889, "cohen_kappa": 0.8391724137931035, "mcc": 0.839269020115532, "data_info": {"train_count": 7876, "test_count": 1969, "actives_count": 895, "decoys_count": 8950}}, "mlp": {"protein_name": "muscarinic_acetylcholine_receptor_m3", "uniprot_id": "P20309", "roc_auc": 0.986383071689398, "accuracy": 0.9883189436262062, "f1_score": 0.9881829743584979, "cohen_kappa": 0.9276936267505002, "mcc": 0.9280651773184942, "data_info": {"train_count": 7876, "test_count": 1969, "actives_count": 895, "decoys_count": 8950}}}