{"xgb": {"protein_name": "inosine_5_monophosphate_dehydrogenase_1", "uniprot_id": "P20839", "roc_auc": 0.9999999999999999, "accuracy": 0.9953703703703703, "f1_score": 0.995316906258382, "cohen_kappa": 0.9718162839248434, "mcc": 0.972202481469071, "data_info": {"train_count": 862, "test_count": 216, "actives_count": 98, "decoys_count": 980}}, "rf": {"protein_name": "inosine_5_monophosphate_dehydrogenase_1", "uniprot_id": "P20839", "roc_auc": 1.0, "accuracy": 1.0, "f1_score": 1.0, "cohen_kappa": 1.0, "mcc": 1.0, "data_info": {"train_count": 862, "test_count": 216, "actives_count": 98, "decoys_count": 980}}, "svc": {"protein_name": "inosine_5_monophosphate_dehydrogenase_1", "uniprot_id": "P20839", "roc_auc": 1.0, "accuracy": 0.9861111111111112, "f1_score": 0.9865420511083213, "cohen_kappa": 0.9225621414913958, "mcc": 0.9253407727407993, "data_info": {"train_count": 862, "test_count": 216, "actives_count": 98, "decoys_count": 980}}, "mlp": {"protein_name": "inosine_5_monophosphate_dehydrogenase_1", "uniprot_id": "P20839", "roc_auc": 0.9760204081632653, "accuracy": 0.9861111111111112, "f1_score": 0.9859507187751462, "cohen_kappa": 0.9154488517745303, "mcc": 0.9158126490315524, "data_info": {"train_count": 862, "test_count": 216, "actives_count": 98, "decoys_count": 980}}}