{"xgb": {"protein_name": "sphingosine_1_phosphate_receptor_1", "uniprot_id": "P21453", "roc_auc": 0.9999190155530631, "accuracy": 0.9953757225433526, "f1_score": 0.995335082159119, "cohen_kappa": 0.9714889602122672, "mcc": 0.9717111404762994, "data_info": {"train_count": 6916, "test_count": 1730, "actives_count": 786, "decoys_count": 7860}}, "rf": {"protein_name": "sphingosine_1_phosphate_receptor_1", "uniprot_id": "P21453", "roc_auc": 0.9998926956078085, "accuracy": 0.9971098265895953, "f1_score": 0.9970887363700411, "cohen_kappa": 0.9822324285907954, "mcc": 0.9823875041130506, "data_info": {"train_count": 6916, "test_count": 1730, "actives_count": 786, "decoys_count": 7860}}, "svc": {"protein_name": "sphingosine_1_phosphate_receptor_1", "uniprot_id": "P21453", "roc_auc": 0.998238588279121, "accuracy": 0.9947976878612717, "f1_score": 0.9948198216713771, "cohen_kappa": 0.968745608928679, "mcc": 0.9687981857929052, "data_info": {"train_count": 6916, "test_count": 1730, "actives_count": 786, "decoys_count": 7860}}, "ann": {"protein_name": "sphingosine_1_phosphate_receptor_1", "uniprot_id": "P21453", "roc_auc": 0.9996882098792927, "accuracy": 0.9959537572254336, "f1_score": 0.9959822470867725, "cohen_kappa": 0.9758284398066275, "mcc": 0.9759739166536975, "data_info": {"train_count": 6916, "test_count": 1730, "actives_count": 786, "decoys_count": 7860}}}