{"xgb": {"protein_name": "cannabinoid_receptor_1", "uniprot_id": "P21554", "roc_auc": 0.9948358262514885, "accuracy": 0.9901138406231276, "f1_score": 0.989921418704806, "cohen_kappa": 0.937798081212484, "mcc": 0.9388410301853101, "data_info": {"train_count": 13349, "test_count": 3338, "actives_count": 1517, "decoys_count": 15170}}, "rf": {"protein_name": "cannabinoid_receptor_1", "uniprot_id": "P21554", "roc_auc": 0.9950772342473125, "accuracy": 0.9904134212103056, "f1_score": 0.9901873442753915, "cohen_kappa": 0.9392141129605919, "mcc": 0.9407428825597605, "data_info": {"train_count": 13349, "test_count": 3338, "actives_count": 1517, "decoys_count": 15170}}, "svc": {"protein_name": "cannabinoid_receptor_1", "uniprot_id": "P21554", "roc_auc": 0.9829676872135319, "accuracy": 0.9808268424206111, "f1_score": 0.9811539908586181, "cohen_kappa": 0.8878441477169519, "mcc": 0.8886304504686787, "data_info": {"train_count": 13349, "test_count": 3338, "actives_count": 1517, "decoys_count": 15170}}, "ann": {"protein_name": "cannabinoid_receptor_1", "uniprot_id": "P21554", "roc_auc": 0.9899348089668933, "accuracy": 0.9913121629718394, "f1_score": 0.9912926972883418, "cohen_kappa": 0.9471320262979966, "mcc": 0.9471461914785145, "data_info": {"train_count": 13349, "test_count": 3338, "actives_count": 1517, "decoys_count": 15170}}}