{"xgb": {"protein_name": "d1a_dopamine_receptor", "uniprot_id": "P21728", "roc_auc": 0.9958851614524438, "accuracy": 0.9945442875481386, "f1_score": 0.9942448038821154, "cohen_kappa": 0.8846579279710839, "mcc": 0.8906019559871761, "data_info": {"train_count": 12461, "test_count": 3116, "actives_count": 421, "decoys_count": 15156}}, "rf": {"protein_name": "d1a_dopamine_receptor", "uniprot_id": "P21728", "roc_auc": 0.9963111728860409, "accuracy": 0.9942233632862645, "f1_score": 0.9938853132140593, "cohen_kappa": 0.8770841003523905, "mcc": 0.8837857678036942, "data_info": {"train_count": 12461, "test_count": 3116, "actives_count": 421, "decoys_count": 15156}}, "svc": {"protein_name": "d1a_dopamine_receptor", "uniprot_id": "P21728", "roc_auc": 0.9972279809021234, "accuracy": 0.995186136071887, "f1_score": 0.9952537143342932, "cohen_kappa": 0.9108212685741325, "mcc": 0.9112239588832353, "data_info": {"train_count": 12461, "test_count": 3116, "actives_count": 421, "decoys_count": 15156}}, "mlp": {"protein_name": "d1a_dopamine_receptor", "uniprot_id": "P21728", "roc_auc": 0.9820564769443398, "accuracy": 0.995186136071887, "f1_score": 0.9951435638482276, "cohen_kappa": 0.9066193570041476, "mcc": 0.9067775117876443, "data_info": {"train_count": 12461, "test_count": 3116, "actives_count": 421, "decoys_count": 15156}}}