{"xgb": {"protein_name": "thromboxane_a2_receptor", "uniprot_id": "P21731", "roc_auc": 0.993852341281241, "accuracy": 0.9953775038520801, "f1_score": 0.9953597066213493, "cohen_kappa": 0.9718189581554227, "mcc": 0.9718618382460597, "data_info": {"train_count": 2596, "test_count": 649, "actives_count": 295, "decoys_count": 2950}}, "rf": {"protein_name": "thromboxane_a2_receptor", "uniprot_id": "P21731", "roc_auc": 0.9960499856363114, "accuracy": 0.9969183359013868, "f1_score": 0.996894376992399, "cohen_kappa": 0.9810671256454389, "mcc": 0.9812430065166516, "data_info": {"train_count": 2596, "test_count": 649, "actives_count": 295, "decoys_count": 2950}}, "svc": {"protein_name": "thromboxane_a2_receptor", "uniprot_id": "P21731", "roc_auc": 0.9842861246768171, "accuracy": 0.9907550077041603, "f1_score": 0.9908242012656273, "cohen_kappa": 0.9449081803005008, "mcc": 0.9450675483289156, "data_info": {"train_count": 2596, "test_count": 649, "actives_count": 295, "decoys_count": 2950}}, "ann": {"protein_name": "thromboxane_a2_receptor", "uniprot_id": "P21731", "roc_auc": 0.9855788566503879, "accuracy": 0.9938366718027735, "f1_score": 0.9938366718027735, "cohen_kappa": 0.9627118644067797, "mcc": 0.9627118644067797, "data_info": {"train_count": 2596, "test_count": 649, "actives_count": 295, "decoys_count": 2950}}}