{"xgb": {"protein_name": "fibroblast_growth_factor_receptor_2", "uniprot_id": "P21802", "roc_auc": 0.9999421898485374, "accuracy": 0.998256320836966, "f1_score": 0.9982280400364555, "cohen_kappa": 0.96577243293247, "mcc": 0.9663386444051799, "data_info": {"train_count": 4588, "test_count": 1147, "actives_count": 155, "decoys_count": 5580}}, "rf": {"protein_name": "fibroblast_growth_factor_receptor_2", "uniprot_id": "P21802", "roc_auc": 1.0, "accuracy": 1.0, "f1_score": 1.0, "cohen_kappa": 1.0, "mcc": 1.0, "data_info": {"train_count": 4588, "test_count": 1147, "actives_count": 155, "decoys_count": 5580}}, "svc": {"protein_name": "fibroblast_growth_factor_receptor_2", "uniprot_id": "P21802", "roc_auc": 1.0, "accuracy": 0.997384481255449, "f1_score": 0.9974430792734964, "cohen_kappa": 0.9525032092426188, "mcc": 0.9535794279923389, "data_info": {"train_count": 4588, "test_count": 1147, "actives_count": 155, "decoys_count": 5580}}, "ann": {"protein_name": "fibroblast_growth_factor_receptor_2", "uniprot_id": "P21802", "roc_auc": 1.0, "accuracy": 0.999128160418483, "f1_score": 0.9991348843881339, "cohen_kappa": 0.9836788707543008, "mcc": 0.9838099127597996, "data_info": {"train_count": 4588, "test_count": 1147, "actives_count": 155, "decoys_count": 5580}}}