{"xgb": {"protein_name": "protein_glutamine_gamma_glutamyltransferase_2", "uniprot_id": "P21980", "roc_auc": 0.9900665642601126, "accuracy": 0.9884393063583815, "f1_score": 0.9880771308151655, "cohen_kappa": 0.9247580732847668, "mcc": 0.9273869291354485, "data_info": {"train_count": 1381, "test_count": 346, "actives_count": 157, "decoys_count": 1570}}, "rf": {"protein_name": "protein_glutamine_gamma_glutamyltransferase_2", "uniprot_id": "P21980", "roc_auc": 0.9995903737839221, "accuracy": 0.9913294797687862, "f1_score": 0.9911295890702273, "cohen_kappa": 0.9444265981368455, "mcc": 0.945888369881743, "data_info": {"train_count": 1381, "test_count": 346, "actives_count": 157, "decoys_count": 1570}}, "svc": {"protein_name": "protein_glutamine_gamma_glutamyltransferase_2", "uniprot_id": "P21980", "roc_auc": 0.9972350230414747, "accuracy": 0.9826589595375722, "f1_score": 0.9831290429270079, "cohen_kappa": 0.8995451466176329, "mcc": 0.9015691729498605, "data_info": {"train_count": 1381, "test_count": 346, "actives_count": 157, "decoys_count": 1570}}, "ann": {"protein_name": "protein_glutamine_gamma_glutamyltransferase_2", "uniprot_id": "P21980", "roc_auc": 0.9750128008192523, "accuracy": 0.9913294797687862, "f1_score": 0.9912652803905966, "cohen_kappa": 0.946066715161592, "mcc": 0.9462196365705603, "data_info": {"train_count": 1381, "test_count": 346, "actives_count": 157, "decoys_count": 1570}}}