{"xgb": {"protein_name": "d1b_dopamine_receptor", "uniprot_id": "P21918", "roc_auc": 0.9777777777777777, "accuracy": 0.9753694581280788, "f1_score": 0.9743489384794739, "cohen_kappa": 0.8352005195648644, "mcc": 0.8393136637452973, "data_info": {"train_count": 809, "test_count": 203, "actives_count": 92, "decoys_count": 920}}, "rf": {"protein_name": "d1b_dopamine_receptor", "uniprot_id": "P21918", "roc_auc": 0.9942942942942943, "accuracy": 0.9950738916256158, "f1_score": 0.9950101576089122, "cohen_kappa": 0.9687355613737871, "mcc": 0.9692093613564511, "data_info": {"train_count": 809, "test_count": 203, "actives_count": 92, "decoys_count": 920}}, "svc": {"protein_name": "d1b_dopamine_receptor", "uniprot_id": "P21918", "roc_auc": 0.9972972972972973, "accuracy": 0.9802955665024631, "f1_score": 0.9811731136773533, "cohen_kappa": 0.8891921397379913, "mcc": 0.8947018500547546, "data_info": {"train_count": 809, "test_count": 203, "actives_count": 92, "decoys_count": 920}}, "mlp": {"protein_name": "d1b_dopamine_receptor", "uniprot_id": "P21918", "roc_auc": 0.9792792792792793, "accuracy": 0.9507389162561576, "f1_score": 0.9546728752291717, "cohen_kappa": 0.7461230615307655, "mcc": 0.7620050147578094, "data_info": {"train_count": 809, "test_count": 203, "actives_count": 92, "decoys_count": 920}}}