{"xgb": {"protein_name": "potassium_voltage_gated_channel_subfamily_a_member_3", "uniprot_id": "P22001", "roc_auc": 0.9985347985347985, "accuracy": 0.9852941176470589, "f1_score": 0.9853722648479681, "cohen_kappa": 0.967157691378894, "mcc": 0.9676797101884509, "data_info": {"train_count": 542, "test_count": 136, "actives_count": 226, "decoys_count": 452}}, "rf": {"protein_name": "potassium_voltage_gated_channel_subfamily_a_member_3", "uniprot_id": "P22001", "roc_auc": 0.9985347985347984, "accuracy": 0.9779411764705882, "f1_score": 0.9777397072528918, "cohen_kappa": 0.9493293591654247, "mcc": 0.9505504191208272, "data_info": {"train_count": 542, "test_count": 136, "actives_count": 226, "decoys_count": 452}}, "svc": {"protein_name": "potassium_voltage_gated_channel_subfamily_a_member_3", "uniprot_id": "P22001", "roc_auc": 0.987057387057387, "accuracy": 0.9558823529411765, "f1_score": 0.9558823529411765, "cohen_kappa": 0.9003663003663004, "mcc": 0.9003663003663004, "data_info": {"train_count": 542, "test_count": 136, "actives_count": 226, "decoys_count": 452}}, "mlp": {"protein_name": "potassium_voltage_gated_channel_subfamily_a_member_3", "uniprot_id": "P22001", "roc_auc": 0.9821733821733821, "accuracy": 0.9779411764705882, "f1_score": 0.9778775205053473, "cohen_kappa": 0.9499017681728881, "mcc": 0.9500342455840521, "data_info": {"train_count": 542, "test_count": 136, "actives_count": 226, "decoys_count": 452}}}