{"xgb": {"protein_name": "ectonucleotide_pyrophosphatase_phosphodiesterase_family_member_1", "uniprot_id": "P22413", "roc_auc": 1.0, "accuracy": 0.9591836734693877, "f1_score": 0.9528246081041112, "cohen_kappa": 0.6474820143884892, "mcc": 0.6918984060216639, "data_info": {"train_count": 193, "test_count": 49, "actives_count": 22, "decoys_count": 220}}, "rf": {"protein_name": "ectonucleotide_pyrophosphatase_phosphodiesterase_family_member_1", "uniprot_id": "P22413", "roc_auc": 0.9944444444444445, "accuracy": 0.9795918367346939, "f1_score": 0.9782462435523661, "cohen_kappa": 0.8463949843260188, "mcc": 0.8565603610802411, "data_info": {"train_count": 193, "test_count": 49, "actives_count": 22, "decoys_count": 220}}, "svc": {"protein_name": "ectonucleotide_pyrophosphatase_phosphodiesterase_family_member_1", "uniprot_id": "P22413", "roc_auc": 0.7722222222222223, "accuracy": 0.9183673469387755, "f1_score": 0.9256029684601113, "cohen_kappa": 0.5565610859728507, "mcc": 0.5707671975494472, "data_info": {"train_count": 193, "test_count": 49, "actives_count": 22, "decoys_count": 220}}, "ann": {"protein_name": "ectonucleotide_pyrophosphatase_phosphodiesterase_family_member_1", "uniprot_id": "P22413", "roc_auc": 0.75, "accuracy": 0.9795918367346939, "f1_score": 0.9782462435523661, "cohen_kappa": 0.8463949843260188, "mcc": 0.8565603610802411, "data_info": {"train_count": 193, "test_count": 49, "actives_count": 22, "decoys_count": 220}}}