{"xgb": {"protein_name": "potassium_voltage_gated_channel_subfamily_a_member_5", "uniprot_id": "P22460", "roc_auc": 0.995687650615144, "accuracy": 0.9754601226993865, "f1_score": 0.9754027962785772, "cohen_kappa": 0.9446166914419197, "mcc": 0.9447072492451296, "data_info": {"train_count": 1300, "test_count": 326, "actives_count": 542, "decoys_count": 1084}}, "rf": {"protein_name": "potassium_voltage_gated_channel_subfamily_a_member_5", "uniprot_id": "P22460", "roc_auc": 0.9955185388745614, "accuracy": 0.9754601226993865, "f1_score": 0.9755148623246783, "cohen_kappa": 0.9451201548756365, "mcc": 0.9452091208866888, "data_info": {"train_count": 1300, "test_count": 326, "actives_count": 542, "decoys_count": 1084}}, "svc": {"protein_name": "potassium_voltage_gated_channel_subfamily_a_member_5", "uniprot_id": "P22460", "roc_auc": 0.9856255020504799, "accuracy": 0.9785276073619632, "f1_score": 0.9785518361787798, "cohen_kappa": 0.951870755473067, "mcc": 0.9518932556221809, "data_info": {"train_count": 1300, "test_count": 326, "actives_count": 542, "decoys_count": 1084}}, "ann": {"protein_name": "potassium_voltage_gated_channel_subfamily_a_member_5", "uniprot_id": "P22460", "roc_auc": 0.9874857311968883, "accuracy": 0.9785276073619632, "f1_score": 0.9785028127139676, "cohen_kappa": 0.9516504936649858, "mcc": 0.9516731949807494, "data_info": {"train_count": 1300, "test_count": 326, "actives_count": 542, "decoys_count": 1084}}}