{"xgb": {"protein_name": "carbonic_anhydrase_4", "uniprot_id": "P22748", "roc_auc": 0.9963074729108573, "accuracy": 0.9889406286379511, "f1_score": 0.9877477748476414, "cohen_kappa": 0.747872028177282, "mcc": 0.7676601953608999, "data_info": {"train_count": 6869, "test_count": 1718, "actives_count": 235, "decoys_count": 8352}}, "rf": {"protein_name": "carbonic_anhydrase_4", "uniprot_id": "P22748", "roc_auc": 0.9865286425506449, "accuracy": 0.9947613504074505, "f1_score": 0.9945560749867618, "cohen_kappa": 0.893882201144771, "mcc": 0.8969424987033306, "data_info": {"train_count": 6869, "test_count": 1718, "actives_count": 235, "decoys_count": 8352}}, "svc": {"protein_name": "carbonic_anhydrase_4", "uniprot_id": "P22748", "roc_auc": 0.9929332671225027, "accuracy": 0.9877764842840512, "f1_score": 0.9882940179818811, "cohen_kappa": 0.7898654551808492, "mcc": 0.7930881267894865, "data_info": {"train_count": 6869, "test_count": 1718, "actives_count": 235, "decoys_count": 8352}}, "ann": {"protein_name": "carbonic_anhydrase_4", "uniprot_id": "P22748", "roc_auc": 0.9852426244954607, "accuracy": 0.9918509895227008, "f1_score": 0.9914816959413345, "cohen_kappa": 0.8330672811315778, "mcc": 0.8368834991279237, "data_info": {"train_count": 6869, "test_count": 1718, "actives_count": 235, "decoys_count": 8352}}}