{"xgb": {"protein_name": "neutrophil_collagenase", "uniprot_id": "P22894", "roc_auc": 0.9998528931023212, "accuracy": 0.9958398335933437, "f1_score": 0.9958071168928067, "cohen_kappa": 0.97446054033953, "mcc": 0.9746393536009839, "data_info": {"train_count": 7691, "test_count": 1923, "actives_count": 874, "decoys_count": 8740}}, "rf": {"protein_name": "neutrophil_collagenase", "uniprot_id": "P22894", "roc_auc": 0.9990585158548544, "accuracy": 0.9947997919916797, "f1_score": 0.994730734499673, "cohen_kappa": 0.9677386884090795, "mcc": 0.9682426893150261, "data_info": {"train_count": 7691, "test_count": 1923, "actives_count": 874, "decoys_count": 8740}}, "svc": {"protein_name": "neutrophil_collagenase", "uniprot_id": "P22894", "roc_auc": 0.9978064727034979, "accuracy": 0.9958398335933437, "f1_score": 0.9958504615878031, "cohen_kappa": 0.9749831692538857, "mcc": 0.9750022381021002, "data_info": {"train_count": 7691, "test_count": 1923, "actives_count": 874, "decoys_count": 8740}}, "ann": {"protein_name": "neutrophil_collagenase", "uniprot_id": "P22894", "roc_auc": 0.995060477280157, "accuracy": 0.9947997919916797, "f1_score": 0.9947727045332846, "cohen_kappa": 0.9682415426385779, "mcc": 0.9683196775392162, "data_info": {"train_count": 7691, "test_count": 1923, "actives_count": 874, "decoys_count": 8740}}}