{"xgb": {"protein_name": "carbonic_anhydrase_6", "uniprot_id": "P23280", "roc_auc": 0.9686224489795918, "accuracy": 0.9768518518518519, "f1_score": 0.9753441818933003, "cohen_kappa": 0.8448275862068966, "mcc": 0.8551861104941365, "data_info": {"train_count": 862, "test_count": 216, "actives_count": 98, "decoys_count": 980}}, "rf": {"protein_name": "carbonic_anhydrase_6", "uniprot_id": "P23280", "roc_auc": 0.9807397959183674, "accuracy": 0.9675925925925926, "f1_score": 0.9644397188256837, "cohen_kappa": 0.7711864406779662, "mcc": 0.7922033873296375, "data_info": {"train_count": 862, "test_count": 216, "actives_count": 98, "decoys_count": 980}}, "svc": {"protein_name": "carbonic_anhydrase_6", "uniprot_id": "P23280", "roc_auc": 0.9561224489795919, "accuracy": 0.9490740740740741, "f1_score": 0.9457572001652607, "cohen_kappa": 0.6586206896551724, "mcc": 0.6666961106301228, "data_info": {"train_count": 862, "test_count": 216, "actives_count": 98, "decoys_count": 980}}, "mlp": {"protein_name": "carbonic_anhydrase_6", "uniprot_id": "P23280", "roc_auc": 0.9571428571428571, "accuracy": 0.9629629629629629, "f1_score": 0.9587037037037036, "cohen_kappa": 0.7313432835820896, "mcc": 0.7592566023652967, "data_info": {"train_count": 862, "test_count": 216, "actives_count": 98, "decoys_count": 980}}}