{"xgb": {"protein_name": "prostaglandin_g_h_synthase_1", "uniprot_id": "P23219", "roc_auc": 0.9982002249718785, "accuracy": 0.9914040114613181, "f1_score": 0.9912093217522524, "cohen_kappa": 0.9453106636370759, "mcc": 0.9467275186540877, "data_info": {"train_count": 2789, "test_count": 698, "actives_count": 317, "decoys_count": 3170}}, "rf": {"protein_name": "prostaglandin_g_h_synthase_1", "uniprot_id": "P23219", "roc_auc": 0.9996500437445319, "accuracy": 0.9856733524355301, "f1_score": 0.9851117879903172, "cohen_kappa": 0.906043882083726, "mcc": 0.9100697215017868, "data_info": {"train_count": 2789, "test_count": 698, "actives_count": 317, "decoys_count": 3170}}, "svc": {"protein_name": "prostaglandin_g_h_synthase_1", "uniprot_id": "P23219", "roc_auc": 0.9954755655543056, "accuracy": 0.9842406876790831, "f1_score": 0.9844052780630811, "cohen_kappa": 0.9060519296184812, "mcc": 0.9063494864059135, "data_info": {"train_count": 2789, "test_count": 698, "actives_count": 317, "decoys_count": 3170}}, "ann": {"protein_name": "prostaglandin_g_h_synthase_1", "uniprot_id": "P23219", "roc_auc": 0.9972503437070366, "accuracy": 0.9899713467048711, "f1_score": 0.9899351772739466, "cohen_kappa": 0.9384929127118004, "mcc": 0.9385291437177751, "data_info": {"train_count": 2789, "test_count": 698, "actives_count": 317, "decoys_count": 3170}}}