{"xgb": {"protein_name": "c_x_c_chemokine_receptor_type_1", "uniprot_id": "P25024", "roc_auc": 0.9777257756976946, "accuracy": 0.9969650986342944, "f1_score": 0.9968782004597679, "cohen_kappa": 0.9396243701328447, "mcc": 0.9413416336240822, "data_info": {"train_count": 2634, "test_count": 659, "actives_count": 89, "decoys_count": 3204}}, "rf": {"protein_name": "c_x_c_chemokine_receptor_type_1", "uniprot_id": "P25024", "roc_auc": 0.9941497659906396, "accuracy": 0.9969650986342944, "f1_score": 0.9968782004597679, "cohen_kappa": 0.9396243701328447, "mcc": 0.9413416336240822, "data_info": {"train_count": 2634, "test_count": 659, "actives_count": 89, "decoys_count": 3204}}, "svc": {"protein_name": "c_x_c_chemokine_receptor_type_1", "uniprot_id": "P25024", "roc_auc": 0.9956664933263999, "accuracy": 0.9954476479514416, "f1_score": 0.9953843884552094, "cohen_kappa": 0.9119494054246648, "mcc": 0.9123424515535253, "data_info": {"train_count": 2634, "test_count": 659, "actives_count": 89, "decoys_count": 3204}}, "ann": {"protein_name": "c_x_c_chemokine_receptor_type_1", "uniprot_id": "P25024", "roc_auc": 0.951984746056509, "accuracy": 0.9969650986342944, "f1_score": 0.9968782004597679, "cohen_kappa": 0.9396243701328447, "mcc": 0.9413416336240822, "data_info": {"train_count": 2634, "test_count": 659, "actives_count": 89, "decoys_count": 3204}}}