{"xgb": {"protein_name": "c_x_c_chemokine_receptor_type_2", "uniprot_id": "P25025", "roc_auc": 0.9992555401662051, "accuracy": 0.9964114832535885, "f1_score": 0.9964007804048559, "cohen_kappa": 0.9781601588352085, "mcc": 0.9781860799501915, "data_info": {"train_count": 3344, "test_count": 836, "actives_count": 380, "decoys_count": 3800}}, "rf": {"protein_name": "c_x_c_chemokine_receptor_type_2", "uniprot_id": "P25025", "roc_auc": 0.9982167590027701, "accuracy": 0.9952153110047847, "f1_score": 0.9951569321648062, "cohen_kappa": 0.9703504043126685, "mcc": 0.9707772025358603, "data_info": {"train_count": 3344, "test_count": 836, "actives_count": 380, "decoys_count": 3800}}, "svc": {"protein_name": "c_x_c_chemokine_receptor_type_2", "uniprot_id": "P25025", "roc_auc": 0.9990304709141273, "accuracy": 0.992822966507177, "f1_score": 0.9929055113751685, "cohen_kappa": 0.9575835475578406, "mcc": 0.957966631014654, "data_info": {"train_count": 3344, "test_count": 836, "actives_count": 380, "decoys_count": 3800}}, "ann": {"protein_name": "c_x_c_chemokine_receptor_type_2", "uniprot_id": "P25025", "roc_auc": 0.9999480609418283, "accuracy": 0.9988038277511961, "f1_score": 0.9988002601349519, "cohen_kappa": 0.9927200529450695, "mcc": 0.9927463598953229, "data_info": {"train_count": 3344, "test_count": 836, "actives_count": 380, "decoys_count": 3800}}}