{"xgb": {"protein_name": "histamine_h2_receptor", "uniprot_id": "P25021", "roc_auc": 0.8999999999999999, "accuracy": 0.9310344827586207, "f1_score": 0.9237931034482759, "cohen_kappa": 0.7128712871287128, "mcc": 0.7442084075352507, "data_info": {"train_count": 115, "test_count": 29, "actives_count": 24, "decoys_count": 120}}, "rf": {"protein_name": "histamine_h2_receptor", "uniprot_id": "P25021", "roc_auc": 0.8916666666666667, "accuracy": 0.9655172413793104, "f1_score": 0.9639533974509342, "cohen_kappa": 0.8687782805429864, "mcc": 0.8763560920082657, "data_info": {"train_count": 115, "test_count": 29, "actives_count": 24, "decoys_count": 120}}, "svc": {"protein_name": "histamine_h2_receptor", "uniprot_id": "P25021", "roc_auc": 0.8416666666666668, "accuracy": 0.8620689655172413, "f1_score": 0.8705647176411793, "cohen_kappa": 0.5827338129496402, "mcc": 0.5958460099157059, "data_info": {"train_count": 115, "test_count": 29, "actives_count": 24, "decoys_count": 120}}, "mlp": {"protein_name": "histamine_h2_receptor", "uniprot_id": "P25021", "roc_auc": 1.0, "accuracy": 1.0, "f1_score": 1.0, "cohen_kappa": 1.0, "mcc": 1.0, "data_info": {"train_count": 115, "test_count": 29, "actives_count": 24, "decoys_count": 120}}}