{"xgb": {"protein_name": "platelet_activating_factor_receptor", "uniprot_id": "P25105", "roc_auc": 0.997676008202324, "accuracy": 0.983451536643026, "f1_score": 0.9826866644627975, "cohen_kappa": 0.8896425776154449, "mcc": 0.8951099399019531, "data_info": {"train_count": 1689, "test_count": 423, "actives_count": 192, "decoys_count": 1920}}, "rf": {"protein_name": "platelet_activating_factor_receptor", "uniprot_id": "P25105", "roc_auc": 0.9994531784005468, "accuracy": 0.9858156028368794, "f1_score": 0.985262536688288, "cohen_kappa": 0.906615645006991, "mcc": 0.9105948230436726, "data_info": {"train_count": 1689, "test_count": 423, "actives_count": 192, "decoys_count": 1920}}, "svc": {"protein_name": "platelet_activating_factor_receptor", "uniprot_id": "P25105", "roc_auc": 0.9975393028024607, "accuracy": 0.9905437352245863, "f1_score": 0.9907554518576128, "cohen_kappa": 0.9447924823805794, "mcc": 0.9462355843425393, "data_info": {"train_count": 1689, "test_count": 423, "actives_count": 192, "decoys_count": 1920}}, "mlp": {"protein_name": "platelet_activating_factor_receptor", "uniprot_id": "P25105", "roc_auc": 0.9736842105263157, "accuracy": 0.983451536643026, "f1_score": 0.9835482344681913, "cohen_kappa": 0.8999898672611206, "mcc": 0.9000817356383234, "data_info": {"train_count": 1689, "test_count": 423, "actives_count": 192, "decoys_count": 1920}}}