{"xgb": {"protein_name": "endothelin_1_receptor", "uniprot_id": "P25101", "roc_auc": 0.999646652027965, "accuracy": 0.9928909952606635, "f1_score": 0.9928846592893593, "cohen_kappa": 0.9839953477788173, "mcc": 0.9840093508176552, "data_info": {"train_count": 1687, "test_count": 422, "actives_count": 703, "decoys_count": 1406}}, "rf": {"protein_name": "endothelin_1_receptor", "uniprot_id": "P25101", "roc_auc": 0.9999495217182808, "accuracy": 0.9976303317535545, "f1_score": 0.9976282197631197, "cohen_kappa": 0.9946651159262724, "mcc": 0.9946792708044235, "data_info": {"train_count": 1687, "test_count": 422, "actives_count": 703, "decoys_count": 1406}}, "svc": {"protein_name": "endothelin_1_receptor", "uniprot_id": "P25101", "roc_auc": 0.9994952171828071, "accuracy": 0.990521327014218, "f1_score": 0.990521327014218, "cohen_kappa": 0.9786981651144595, "mcc": 0.9786981651144595, "data_info": {"train_count": 1687, "test_count": 422, "actives_count": 703, "decoys_count": 1406}}, "mlp": {"protein_name": "endothelin_1_receptor", "uniprot_id": "P25101", "roc_auc": 0.9990661517881931, "accuracy": 0.9786729857819905, "f1_score": 0.9787967767370513, "cohen_kappa": 0.9526563785495251, "mcc": 0.9533028989329424, "data_info": {"train_count": 1687, "test_count": 422, "actives_count": 703, "decoys_count": 1406}}}