{"xgb": {"protein_name": "substance_p_receptor", "uniprot_id": "P25103", "roc_auc": 0.9996268795801371, "accuracy": 0.9952865293971719, "f1_score": 0.9952480903986091, "cohen_kappa": 0.9709878392798496, "mcc": 0.9711791995684319, "data_info": {"train_count": 16121, "test_count": 4031, "actives_count": 1832, "decoys_count": 18320}}, "rf": {"protein_name": "substance_p_receptor", "uniprot_id": "P25103", "roc_auc": 0.9993734111630473, "accuracy": 0.99354998759613, "f1_score": 0.9934765850428361, "cohen_kappa": 0.9600495235568526, "mcc": 0.9604169370773272, "data_info": {"train_count": 16121, "test_count": 4031, "actives_count": 1832, "decoys_count": 18320}}, "svc": {"protein_name": "substance_p_receptor", "uniprot_id": "P25103", "roc_auc": 0.991188617777082, "accuracy": 0.9895807491937485, "f1_score": 0.9895419553097273, "cohen_kappa": 0.9364239992249302, "mcc": 0.9364626234464742, "data_info": {"train_count": 16121, "test_count": 4031, "actives_count": 1832, "decoys_count": 18320}}, "mlp": {"protein_name": "substance_p_receptor", "uniprot_id": "P25103", "roc_auc": 0.9975491840553455, "accuracy": 0.9957826841974696, "f1_score": 0.9957643365457841, "cohen_kappa": 0.9742349381712961, "mcc": 0.9742897697793739, "data_info": {"train_count": 16121, "test_count": 4031, "actives_count": 1832, "decoys_count": 18320}}}