{"xgb": {"protein_name": "neuropeptide_y_receptor_type_1", "uniprot_id": "P25929", "roc_auc": 0.999640685461581, "accuracy": 0.9924585218702866, "f1_score": 0.9923711929258566, "cohen_kappa": 0.9531322899435891, "mcc": 0.9535093676184065, "data_info": {"train_count": 2648, "test_count": 663, "actives_count": 301, "decoys_count": 3010}}, "rf": {"protein_name": "neuropeptide_y_receptor_type_1", "uniprot_id": "P25929", "roc_auc": 1.0, "accuracy": 0.995475113122172, "f1_score": 0.9954227157555139, "cohen_kappa": 0.9718793739661534, "mcc": 0.97226386835209, "data_info": {"train_count": 2648, "test_count": 663, "actives_count": 301, "decoys_count": 3010}}, "svc": {"protein_name": "neuropeptide_y_receptor_type_1", "uniprot_id": "P25929", "roc_auc": 0.9989496959646214, "accuracy": 0.995475113122172, "f1_score": 0.9955246526658743, "cohen_kappa": 0.9731176255929935, "mcc": 0.9734694338742818, "data_info": {"train_count": 2648, "test_count": 663, "actives_count": 301, "decoys_count": 3010}}, "ann": {"protein_name": "neuropeptide_y_receptor_type_1", "uniprot_id": "P25929", "roc_auc": 0.9995301271420675, "accuracy": 0.9984917043740573, "f1_score": 0.9984973111518032, "cohen_kappa": 0.990905724044278, "mcc": 0.9909467034388668, "data_info": {"train_count": 2648, "test_count": 663, "actives_count": 301, "decoys_count": 3010}}}