{"xgb": {"protein_name": "mitogen_activated_protein_kinase_3", "uniprot_id": "P27361", "roc_auc": 0.9660377358490566, "accuracy": 0.9482758620689655, "f1_score": 0.9379039182898721, "cohen_kappa": 0.5492227979274611, "mcc": 0.615281584781658, "data_info": {"train_count": 228, "test_count": 58, "actives_count": 26, "decoys_count": 260}}, "rf": {"protein_name": "mitogen_activated_protein_kinase_3", "uniprot_id": "P27361", "roc_auc": 0.9754716981132076, "accuracy": 0.9655172413793104, "f1_score": 0.9615261813537676, "cohen_kappa": 0.7327188940092166, "mcc": 0.7603826787755086, "data_info": {"train_count": 228, "test_count": 58, "actives_count": 26, "decoys_count": 260}}, "svc": {"protein_name": "mitogen_activated_protein_kinase_3", "uniprot_id": "P27361", "roc_auc": 0.9849056603773585, "accuracy": 0.9655172413793104, "f1_score": 0.9655172413793104, "cohen_kappa": 0.7811320754716982, "mcc": 0.7811320754716982, "data_info": {"train_count": 228, "test_count": 58, "actives_count": 26, "decoys_count": 260}}, "mlp": {"protein_name": "mitogen_activated_protein_kinase_3", "uniprot_id": "P27361", "roc_auc": 0.9471698113207547, "accuracy": 0.9137931034482759, "f1_score": 0.9094066673828195, "cohen_kappa": 0.3983402489626555, "mcc": 0.4012558900604153, "data_info": {"train_count": 228, "test_count": 58, "actives_count": 26, "decoys_count": 260}}}