{"xgb": {"protein_name": "amine_oxidase_flavin_containing_a", "uniprot_id": "P27338", "roc_auc": 0.9512660423170308, "accuracy": 0.921146953405018, "f1_score": 0.9204585537918871, "cohen_kappa": 0.819672131147541, "mcc": 0.8206652053732659, "data_info": {"train_count": 1113, "test_count": 279, "actives_count": 464, "decoys_count": 928}}, "rf": {"protein_name": "amine_oxidase_flavin_containing_a", "uniprot_id": "P27338", "roc_auc": 0.9465545149728292, "accuracy": 0.942652329749104, "f1_score": 0.9415708812260536, "cohen_kappa": 0.8666666666666667, "mcc": 0.8710327732246504, "data_info": {"train_count": 1113, "test_count": 279, "actives_count": 464, "decoys_count": 928}}, "svc": {"protein_name": "amine_oxidase_flavin_containing_a", "uniprot_id": "P27338", "roc_auc": 0.9495895479246156, "accuracy": 0.8924731182795699, "f1_score": 0.8915343915343915, "cohen_kappa": 0.7540983606557377, "mcc": 0.7550119889434047, "data_info": {"train_count": 1113, "test_count": 279, "actives_count": 464, "decoys_count": 928}}, "ann": {"protein_name": "amine_oxidase_flavin_containing_a", "uniprot_id": "P27338", "roc_auc": 0.9724245577523413, "accuracy": 0.9247311827956989, "f1_score": 0.924415300546448, "cohen_kappa": 0.8292682926829268, "mcc": 0.8295150620062532, "data_info": {"train_count": 1113, "test_count": 279, "actives_count": 464, "decoys_count": 928}}}