{"xgb": {"protein_name": "5_hydroxytryptamine_receptor_1d", "uniprot_id": "P28221", "roc_auc": 0.9976092089728453, "accuracy": 0.9917355371900827, "f1_score": 0.9915574621456975, "cohen_kappa": 0.9478672985781991, "mcc": 0.949157995752499, "data_info": {"train_count": 6776, "test_count": 1694, "actives_count": 770, "decoys_count": 7700}}, "rf": {"protein_name": "5_hydroxytryptamine_receptor_1d", "uniprot_id": "P28221", "roc_auc": 0.9974152470905717, "accuracy": 0.9899645808736718, "f1_score": 0.9896989932008856, "cohen_kappa": 0.9361120601298257, "mcc": 0.9380283781841257, "data_info": {"train_count": 6776, "test_count": 1694, "actives_count": 770, "decoys_count": 7700}}, "svc": {"protein_name": "5_hydroxytryptamine_receptor_1d", "uniprot_id": "P28221", "roc_auc": 0.9933378310001687, "accuracy": 0.9887839433293979, "f1_score": 0.9888325723748166, "cohen_kappa": 0.9327325394271001, "mcc": 0.9327851543879697, "data_info": {"train_count": 6776, "test_count": 1694, "actives_count": 770, "decoys_count": 7700}}, "mlp": {"protein_name": "5_hydroxytryptamine_receptor_1d", "uniprot_id": "P28221", "roc_auc": 0.9919800978242538, "accuracy": 0.9923258559622196, "f1_score": 0.9922687568594785, "cohen_kappa": 0.9528830313014827, "mcc": 0.9530395349871813, "data_info": {"train_count": 6776, "test_count": 1694, "actives_count": 770, "decoys_count": 7700}}}