{"xgb": {"protein_name": "5_hydroxytryptamine_receptor_1b", "uniprot_id": "P28222", "roc_auc": 0.9955132434725233, "accuracy": 0.9841129744042365, "f1_score": 0.9835052686893271, "cohen_kappa": 0.8966597077244259, "mcc": 0.9004667795591608, "data_info": {"train_count": 4532, "test_count": 1133, "actives_count": 515, "decoys_count": 5150}}, "rf": {"protein_name": "5_hydroxytryptamine_receptor_1b", "uniprot_id": "P28222", "roc_auc": 0.9816759355264398, "accuracy": 0.9841129744042365, "f1_score": 0.983421233405875, "cohen_kappa": 0.8956796628029504, "mcc": 0.9005935277860242, "data_info": {"train_count": 4532, "test_count": 1133, "actives_count": 515, "decoys_count": 5150}}, "svc": {"protein_name": "5_hydroxytryptamine_receptor_1b", "uniprot_id": "P28222", "roc_auc": 0.9937034593269866, "accuracy": 0.9849955869373345, "f1_score": 0.98521655846903, "cohen_kappa": 0.9119170984455959, "mcc": 0.9125174913627743, "data_info": {"train_count": 4532, "test_count": 1133, "actives_count": 515, "decoys_count": 5150}}, "mlp": {"protein_name": "5_hydroxytryptamine_receptor_1b", "uniprot_id": "P28222", "roc_auc": 0.9937882929588084, "accuracy": 0.9867608120035305, "f1_score": 0.9866726116579861, "cohen_kappa": 0.9188391539596655, "mcc": 0.9189602272799199, "data_info": {"train_count": 4532, "test_count": 1133, "actives_count": 515, "decoys_count": 5150}}}