{"xgb": {"protein_name": "mitogen_activated_protein_kinase_1", "uniprot_id": "P28482", "roc_auc": 0.9993606800981444, "accuracy": 0.9964179104477612, "f1_score": 0.9963853702014264, "cohen_kappa": 0.9779007225694093, "mcc": 0.9781396027011582, "data_info": {"train_count": 6696, "test_count": 1675, "actives_count": 761, "decoys_count": 7610}}, "rf": {"protein_name": "mitogen_activated_protein_kinase_1", "uniprot_id": "P28482", "roc_auc": 0.9995140304800083, "accuracy": 0.9964179104477612, "f1_score": 0.9963853702014264, "cohen_kappa": 0.9779007225694093, "mcc": 0.9781396027011582, "data_info": {"train_count": 6696, "test_count": 1675, "actives_count": 761, "decoys_count": 7610}}, "svc": {"protein_name": "mitogen_activated_protein_kinase_1", "uniprot_id": "P28482", "roc_auc": 0.9936780765110412, "accuracy": 0.9970149253731343, "f1_score": 0.9970193287780592, "cohen_kappa": 0.9819645406718451, "mcc": 0.9819709289593597, "data_info": {"train_count": 6696, "test_count": 1675, "actives_count": 761, "decoys_count": 7610}}, "mlp": {"protein_name": "mitogen_activated_protein_kinase_1", "uniprot_id": "P28482", "roc_auc": 0.9941165290113004, "accuracy": 0.9988059701492538, "f1_score": 0.9988059701492538, "cohen_kappa": 0.9927644538134568, "mcc": 0.9927644538134568, "data_info": {"train_count": 6696, "test_count": 1675, "actives_count": 761, "decoys_count": 7610}}}