{"xgb": {"protein_name": "gamma_aminobutyric_acid_receptor_subunit_beta_3", "uniprot_id": "P28472", "roc_auc": 1.0, "accuracy": 0.9739130434782609, "f1_score": 0.9717949641583516, "cohen_kappa": 0.8099173553719008, "mcc": 0.8249579113843054, "data_info": {"train_count": 457, "test_count": 115, "actives_count": 52, "decoys_count": 520}}, "rf": {"protein_name": "gamma_aminobutyric_acid_receptor_subunit_beta_3", "uniprot_id": "P28472", "roc_auc": 0.9952380952380953, "accuracy": 0.9652173913043478, "f1_score": 0.9677782467989307, "cohen_kappa": 0.814516129032258, "mcc": 0.8288997707394862, "data_info": {"train_count": 457, "test_count": 115, "actives_count": 52, "decoys_count": 520}}, "svc": {"protein_name": "gamma_aminobutyric_acid_receptor_subunit_beta_3", "uniprot_id": "P28472", "roc_auc": 0.9971428571428571, "accuracy": 0.9565217391304348, "f1_score": 0.96033934252386, "cohen_kappa": 0.7766990291262136, "mcc": 0.7968190728895957, "data_info": {"train_count": 457, "test_count": 115, "actives_count": 52, "decoys_count": 520}}, "mlp": {"protein_name": "gamma_aminobutyric_acid_receptor_subunit_beta_3", "uniprot_id": "P28472", "roc_auc": 0.9876190476190476, "accuracy": 0.9565217391304348, "f1_score": 0.9554806034249026, "cohen_kappa": 0.713216957605985, "mcc": 0.714393023785132, "data_info": {"train_count": 457, "test_count": 115, "actives_count": 52, "decoys_count": 520}}}