{"xgb": {"protein_name": "neuromedin_k_receptor", "uniprot_id": "P29371", "roc_auc": 0.9977614584339872, "accuracy": 0.991907514450867, "f1_score": 0.9918369072036796, "cohen_kappa": 0.9503960939484054, "mcc": 0.9506109264892655, "data_info": {"train_count": 3458, "test_count": 865, "actives_count": 393, "decoys_count": 3930}}, "rf": {"protein_name": "neuromedin_k_receptor", "uniprot_id": "P29371", "roc_auc": 0.9989129384481593, "accuracy": 0.9988439306358381, "f1_score": 0.9988406163590501, "cohen_kappa": 0.9929948737052664, "mcc": 0.9930192386221366, "data_info": {"train_count": 3458, "test_count": 865, "actives_count": 393, "decoys_count": 3930}}, "svc": {"protein_name": "neuromedin_k_receptor", "uniprot_id": "P29371", "roc_auc": 0.9992913969143556, "accuracy": 0.9988439306358381, "f1_score": 0.9988406163590501, "cohen_kappa": 0.9929948737052664, "mcc": 0.9930192386221366, "data_info": {"train_count": 3458, "test_count": 865, "actives_count": 393, "decoys_count": 3930}}, "mlp": {"protein_name": "neuromedin_k_receptor", "uniprot_id": "P29371", "roc_auc": 0.9989693046026991, "accuracy": 0.9930635838150289, "f1_score": 0.9930235264804972, "cohen_kappa": 0.9577272060859792, "mcc": 0.9578223006963619, "data_info": {"train_count": 3458, "test_count": 865, "actives_count": 393, "decoys_count": 3930}}}