{"xgb": {"protein_name": "nitric_oxide_synthase_endothelial", "uniprot_id": "P29474", "roc_auc": 0.9273949579831933, "accuracy": 0.9479166666666666, "f1_score": 0.9377893518518517, "cohen_kappa": 0.5606407322654462, "mcc": 0.6241050826688055, "data_info": {"train_count": 765, "test_count": 192, "actives_count": 87, "decoys_count": 870}}, "rf": {"protein_name": "nitric_oxide_synthase_endothelial", "uniprot_id": "P29474", "roc_auc": 0.9631932773109244, "accuracy": 0.9635416666666666, "f1_score": 0.9591730210602759, "cohen_kappa": 0.722543352601156, "mcc": 0.7520710469952335, "data_info": {"train_count": 765, "test_count": 192, "actives_count": 87, "decoys_count": 870}}, "svc": {"protein_name": "nitric_oxide_synthase_endothelial", "uniprot_id": "P29474", "roc_auc": 0.9223529411764705, "accuracy": 0.9427083333333334, "f1_score": 0.9459657190635452, "cohen_kappa": 0.686646884272997, "mcc": 0.6937197652862739, "data_info": {"train_count": 765, "test_count": 192, "actives_count": 87, "decoys_count": 870}}, "mlp": {"protein_name": "nitric_oxide_synthase_endothelial", "uniprot_id": "P29474", "roc_auc": 0.9317647058823529, "accuracy": 0.96875, "f1_score": 0.9656651284109151, "cohen_kappa": 0.7696921231507398, "mcc": 0.7909547141056851, "data_info": {"train_count": 765, "test_count": 192, "actives_count": 87, "decoys_count": 870}}}