{"xgb": {"protein_name": "caspase_1", "uniprot_id": "P29466", "roc_auc": 0.9991051454138703, "accuracy": 0.9955357142857143, "f1_score": 0.9955281988218959, "cohen_kappa": 0.9899443347100018, "mcc": 0.9899943883118171, "data_info": {"train_count": 892, "test_count": 224, "actives_count": 372, "decoys_count": 744}}, "rf": {"protein_name": "caspase_1", "uniprot_id": "P29466", "roc_auc": 0.9995078299776287, "accuracy": 0.9955357142857143, "f1_score": 0.9955281988218959, "cohen_kappa": 0.9899443347100018, "mcc": 0.9899943883118171, "data_info": {"train_count": 892, "test_count": 224, "actives_count": 372, "decoys_count": 744}}, "svc": {"protein_name": "caspase_1", "uniprot_id": "P29466", "roc_auc": 0.9979418344519015, "accuracy": 0.9866071428571429, "f1_score": 0.9865845964656879, "cohen_kappa": 0.9698330041300054, "mcc": 0.9698820408619852, "data_info": {"train_count": 892, "test_count": 224, "actives_count": 372, "decoys_count": 744}}, "mlp": {"protein_name": "caspase_1", "uniprot_id": "P29466", "roc_auc": 0.9899776286353469, "accuracy": 0.9866071428571429, "f1_score": 0.9865845964656879, "cohen_kappa": 0.9698330041300054, "mcc": 0.9698820408619852, "data_info": {"train_count": 892, "test_count": 224, "actives_count": 372, "decoys_count": 744}}}