{"xgb": {"protein_name": "m_phase_inducer_phosphatase_2", "uniprot_id": "P30305", "roc_auc": 0.9966329966329966, "accuracy": 0.9747899159663865, "f1_score": 0.9729723179827086, "cohen_kappa": 0.8287769784172662, "mcc": 0.841199564679338, "data_info": {"train_count": 475, "test_count": 119, "actives_count": 54, "decoys_count": 540}}, "rf": {"protein_name": "m_phase_inducer_phosphatase_2", "uniprot_id": "P30305", "roc_auc": 1.0, "accuracy": 0.9915966386554622, "f1_score": 0.9914159212071926, "cohen_kappa": 0.9477841158402808, "mcc": 0.9490788299826668, "data_info": {"train_count": 475, "test_count": 119, "actives_count": 54, "decoys_count": 540}}, "svc": {"protein_name": "m_phase_inducer_phosphatase_2", "uniprot_id": "P30305", "roc_auc": 0.9915824915824916, "accuracy": 0.9663865546218487, "f1_score": 0.9686550962910563, "cohen_kappa": 0.8277858176555717, "mcc": 0.8403409067195128, "data_info": {"train_count": 475, "test_count": 119, "actives_count": 54, "decoys_count": 540}}, "ann": {"protein_name": "m_phase_inducer_phosphatase_2", "uniprot_id": "P30305", "roc_auc": 0.9907407407407407, "accuracy": 0.9747899159663865, "f1_score": 0.9752793331690613, "cohen_kappa": 0.855640921957137, "mcc": 0.8566332659641335, "data_info": {"train_count": 475, "test_count": 119, "actives_count": 54, "decoys_count": 540}}}