{"xgb": {"protein_name": "m_phase_inducer_phosphatase_2", "uniprot_id": "P30305", "roc_auc": 0.9710743801652892, "accuracy": 0.9090909090909091, "f1_score": 0.9100101112234581, "cohen_kappa": 0.8, "mcc": 0.8017837257372732, "data_info": {"train_count": 129, "test_count": 33, "actives_count": 54, "decoys_count": 108}}, "rf": {"protein_name": "m_phase_inducer_phosphatase_2", "uniprot_id": "P30305", "roc_auc": 0.9917355371900827, "accuracy": 0.9696969696969697, "f1_score": 0.9700033704078194, "cohen_kappa": 0.9333333333333333, "mcc": 0.9354143466934854, "data_info": {"train_count": 129, "test_count": 33, "actives_count": 54, "decoys_count": 108}}, "svc": {"protein_name": "m_phase_inducer_phosphatase_2", "uniprot_id": "P30305", "roc_auc": 0.9752066115702479, "accuracy": 0.9393939393939394, "f1_score": 0.9393939393939394, "cohen_kappa": 0.8636363636363636, "mcc": 0.8636363636363636, "data_info": {"train_count": 129, "test_count": 33, "actives_count": 54, "decoys_count": 108}}, "mlp": {"protein_name": "m_phase_inducer_phosphatase_2", "uniprot_id": "P30305", "roc_auc": 0.2644628099173554, "accuracy": 0.6666666666666666, "f1_score": 0.5333333333333333, "cohen_kappa": 0.0, "mcc": 0.0, "data_info": {"train_count": 129, "test_count": 33, "actives_count": 54, "decoys_count": 108}}}