{"xgb": {"protein_name": "glycylpeptide_n_tetradecanoyltransferase_1", "uniprot_id": "P30419", "roc_auc": 0.9802955665024631, "accuracy": 0.9811320754716981, "f1_score": 0.9800965934702813, "cohen_kappa": 0.8699209162803382, "mcc": 0.8773754297834222, "data_info": {"train_count": 633, "test_count": 159, "actives_count": 72, "decoys_count": 720}}, "rf": {"protein_name": "glycylpeptide_n_tetradecanoyltransferase_1", "uniprot_id": "P30419", "roc_auc": 0.9975369458128078, "accuracy": 0.9874213836477987, "f1_score": 0.9869806681644365, "cohen_kappa": 0.9162717219589258, "mcc": 0.9195004347811273, "data_info": {"train_count": 633, "test_count": 159, "actives_count": 72, "decoys_count": 720}}, "svc": {"protein_name": "glycylpeptide_n_tetradecanoyltransferase_1", "uniprot_id": "P30419", "roc_auc": 0.9955665024630542, "accuracy": 0.9937106918238994, "f1_score": 0.9938082470157491, "cohen_kappa": 0.9620615604867573, "mcc": 0.9627546685029048, "data_info": {"train_count": 633, "test_count": 159, "actives_count": 72, "decoys_count": 720}}, "mlp": {"protein_name": "glycylpeptide_n_tetradecanoyltransferase_1", "uniprot_id": "P30419", "roc_auc": 0.9472906403940886, "accuracy": 0.9874213836477987, "f1_score": 0.9869806681644365, "cohen_kappa": 0.9162717219589258, "mcc": 0.9195004347811273, "data_info": {"train_count": 633, "test_count": 159, "actives_count": 72, "decoys_count": 720}}}