{"xgb": {"protein_name": "tyrosine_protein_kinase_receptor_ufo", "uniprot_id": "P30530", "roc_auc": 0.9936974789915967, "accuracy": 0.9466666666666667, "f1_score": 0.9367619047619047, "cohen_kappa": 0.576271186440678, "mcc": 0.6362090102803518, "data_info": {"train_count": 299, "test_count": 75, "actives_count": 34, "decoys_count": 340}}, "rf": {"protein_name": "tyrosine_protein_kinase_receptor_ufo", "uniprot_id": "P30530", "roc_auc": 1.0, "accuracy": 0.9733333333333334, "f1_score": 0.9713043478260869, "cohen_kappa": 0.8192771084337349, "mcc": 0.8329931278350429, "data_info": {"train_count": 299, "test_count": 75, "actives_count": 34, "decoys_count": 340}}, "svc": {"protein_name": "tyrosine_protein_kinase_receptor_ufo", "uniprot_id": "P30530", "roc_auc": 1.0, "accuracy": 0.9866666666666667, "f1_score": 0.9870617283950617, "cohen_kappa": 0.9259624876604147, "mcc": 0.9285108254302565, "data_info": {"train_count": 299, "test_count": 75, "actives_count": 34, "decoys_count": 340}}, "ann": {"protein_name": "tyrosine_protein_kinase_receptor_ufo", "uniprot_id": "P30530", "roc_auc": 0.9957983193277311, "accuracy": 0.9866666666666667, "f1_score": 0.9862025079543331, "cohen_kappa": 0.9158249158249159, "mcc": 0.9190867733214366, "data_info": {"train_count": 299, "test_count": 75, "actives_count": 34, "decoys_count": 340}}}