{"xgb": {"protein_name": "translocator_protein", "uniprot_id": "P30536", "roc_auc": 0.9836734693877551, "accuracy": 0.935064935064935, "f1_score": 0.9327976987551454, "cohen_kappa": 0.5801526717557252, "mcc": 0.5822088423841009, "data_info": {"train_count": 308, "test_count": 77, "actives_count": 35, "decoys_count": 350}}, "rf": {"protein_name": "translocator_protein", "uniprot_id": "P30536", "roc_auc": 1.0, "accuracy": 1.0, "f1_score": 1.0, "cohen_kappa": 1.0, "mcc": 1.0, "data_info": {"train_count": 308, "test_count": 77, "actives_count": 35, "decoys_count": 350}}, "svc": {"protein_name": "translocator_protein", "uniprot_id": "P30536", "roc_auc": 1.0, "accuracy": 0.974025974025974, "f1_score": 0.9754611330698287, "cohen_kappa": 0.8607594936708861, "mcc": 0.8692269873603531, "data_info": {"train_count": 308, "test_count": 77, "actives_count": 35, "decoys_count": 350}}, "ann": {"protein_name": "translocator_protein", "uniprot_id": "P30536", "roc_auc": 0.6938775510204082, "accuracy": 0.948051948051948, "f1_score": 0.9383838383838384, "cohen_kappa": 0.5769230769230769, "mcc": 0.6367145399670133, "data_info": {"train_count": 308, "test_count": 77, "actives_count": 35, "decoys_count": 350}}}