{"xgb": {"protein_name": "somatostatin_receptor_type_1", "uniprot_id": "P30872", "roc_auc": 0.9867724867724867, "accuracy": 0.9512195121951219, "f1_score": 0.9512195121951219, "cohen_kappa": 0.8915343915343915, "mcc": 0.8915343915343915, "data_info": {"train_count": 163, "test_count": 41, "actives_count": 68, "decoys_count": 136}}, "rf": {"protein_name": "somatostatin_receptor_type_1", "uniprot_id": "P30872", "roc_auc": 0.9828042328042328, "accuracy": 0.975609756097561, "f1_score": 0.9753798144042046, "cohen_kappa": 0.9448183041722745, "mcc": 0.9462600928208407, "data_info": {"train_count": 163, "test_count": 41, "actives_count": 68, "decoys_count": 136}}, "svc": {"protein_name": "somatostatin_receptor_type_1", "uniprot_id": "P30872", "roc_auc": 0.9894179894179894, "accuracy": 0.9024390243902439, "f1_score": 0.9046341463414636, "cohen_kappa": 0.7970297029702971, "mcc": 0.8139726287346634, "data_info": {"train_count": 163, "test_count": 41, "actives_count": 68, "decoys_count": 136}}, "ann": {"protein_name": "somatostatin_receptor_type_1", "uniprot_id": "P30872", "roc_auc": 0.9682539682539683, "accuracy": 0.926829268292683, "f1_score": 0.9274005427106972, "cohen_kappa": 0.8400520156046815, "mcc": 0.8412485310729668, "data_info": {"train_count": 163, "test_count": 41, "actives_count": 68, "decoys_count": 136}}}