{"xgb": {"protein_name": "5_hydroxytryptamine_receptor_1f", "uniprot_id": "P30939", "roc_auc": 0.9695827048768224, "accuracy": 0.9853157121879589, "f1_score": 0.9825467668526047, "cohen_kappa": 0.6090251464002756, "mcc": 0.6616951829252562, "data_info": {"train_count": 2723, "test_count": 681, "actives_count": 92, "decoys_count": 3312}}, "rf": {"protein_name": "5_hydroxytryptamine_receptor_1f", "uniprot_id": "P30939", "roc_auc": 0.9988268811798223, "accuracy": 0.9926578560939795, "f1_score": 0.9920795383679291, "cohen_kappa": 0.8350530446156081, "mcc": 0.8466500854930973, "data_info": {"train_count": 2723, "test_count": 681, "actives_count": 92, "decoys_count": 3312}}, "svc": {"protein_name": "5_hydroxytryptamine_receptor_1f", "uniprot_id": "P30939", "roc_auc": 0.9955589073236132, "accuracy": 0.9911894273127754, "f1_score": 0.9909369272893597, "cohen_kappa": 0.8190273717778368, "mcc": 0.8205216758543569, "data_info": {"train_count": 2723, "test_count": 681, "actives_count": 92, "decoys_count": 3312}}, "ann": {"protein_name": "5_hydroxytryptamine_receptor_1f", "uniprot_id": "P30939", "roc_auc": 0.9652254064018769, "accuracy": 0.9970631424375918, "f1_score": 0.9969789757631199, "cohen_kappa": 0.9396757905926123, "mcc": 0.9413902160353685, "data_info": {"train_count": 2723, "test_count": 681, "actives_count": 92, "decoys_count": 3312}}}