{"xgb": {"protein_name": "gamma_aminobutyric_acid_receptor_subunit_alpha_5", "uniprot_id": "P31644", "roc_auc": 0.9975458741416189, "accuracy": 0.9942252165543792, "f1_score": 0.9941685451452841, "cohen_kappa": 0.9642250482049398, "mcc": 0.9644994009658948, "data_info": {"train_count": 4153, "test_count": 1039, "actives_count": 472, "decoys_count": 4720}}, "rf": {"protein_name": "gamma_aminobutyric_acid_receptor_subunit_alpha_5", "uniprot_id": "P31644", "roc_auc": 0.9987053923224136, "accuracy": 0.9932627526467758, "f1_score": 0.9932465200144505, "cohen_kappa": 0.9588652161371876, "mcc": 0.9588817723567082, "data_info": {"train_count": 4153, "test_count": 1039, "actives_count": 472, "decoys_count": 4720}}, "svc": {"protein_name": "gamma_aminobutyric_acid_receptor_subunit_alpha_5", "uniprot_id": "P31644", "roc_auc": 0.9851457840819543, "accuracy": 0.9865255052935515, "f1_score": 0.9867124175666315, "cohen_kappa": 0.9204118928028189, "mcc": 0.9209477809676233, "data_info": {"train_count": 4153, "test_count": 1039, "actives_count": 472, "decoys_count": 4720}}, "mlp": {"protein_name": "gamma_aminobutyric_acid_receptor_subunit_alpha_5", "uniprot_id": "P31644", "roc_auc": 0.9869413486434763, "accuracy": 0.9942252165543792, "f1_score": 0.9941685451452841, "cohen_kappa": 0.9642250482049398, "mcc": 0.9644994009658948, "data_info": {"train_count": 4153, "test_count": 1039, "actives_count": 472, "decoys_count": 4720}}}