{"xgb": {"protein_name": "neuronal_acetylcholine_receptor_subunit_alpha_3", "uniprot_id": "P32297", "roc_auc": 0.7960069444444444, "accuracy": 0.972972972972973, "f1_score": 0.9596445760829322, "cohen_kappa": 0.0, "mcc": 0.0, "data_info": {"train_count": 592, "test_count": 148, "actives_count": 20, "decoys_count": 720}}, "rf": {"protein_name": "neuronal_acetylcholine_receptor_subunit_alpha_3", "uniprot_id": "P32297", "roc_auc": 0.7769097222222222, "accuracy": 0.972972972972973, "f1_score": 0.9596445760829322, "cohen_kappa": 0.0, "mcc": 0.0, "data_info": {"train_count": 592, "test_count": 148, "actives_count": 20, "decoys_count": 720}}, "svc": {"protein_name": "neuronal_acetylcholine_receptor_subunit_alpha_3", "uniprot_id": "P32297", "roc_auc": 0.5347222222222222, "accuracy": 0.9662162162162162, "f1_score": 0.9638615382560018, "cohen_kappa": 0.26877470355731226, "mcc": 0.2716958708417177, "data_info": {"train_count": 592, "test_count": 148, "actives_count": 20, "decoys_count": 720}}, "mlp": {"protein_name": "neuronal_acetylcholine_receptor_subunit_alpha_3", "uniprot_id": "P32297", "roc_auc": 0.625, "accuracy": 0.9797297297297297, "f1_score": 0.9737531345778768, "cohen_kappa": 0.39344262295081966, "mcc": 0.4948716593053935, "data_info": {"train_count": 592, "test_count": 148, "actives_count": 20, "decoys_count": 720}}}