{"xgb": {"protein_name": "melanocortin_receptor_4", "uniprot_id": "P32245", "roc_auc": 0.9999818594104308, "accuracy": 0.9995670995670995, "f1_score": 0.9995666345029691, "cohen_kappa": 0.9973753280839895, "mcc": 0.997378763512518, "data_info": {"train_count": 9240, "test_count": 2310, "actives_count": 1050, "decoys_count": 10500}}, "rf": {"protein_name": "melanocortin_receptor_4", "uniprot_id": "P32245", "roc_auc": 0.9999909297052154, "accuracy": 0.9995670995670995, "f1_score": 0.9995666345029691, "cohen_kappa": 0.9973753280839895, "mcc": 0.997378763512518, "data_info": {"train_count": 9240, "test_count": 2310, "actives_count": 1050, "decoys_count": 10500}}, "svc": {"protein_name": "melanocortin_receptor_4", "uniprot_id": "P32245", "roc_auc": 0.9999954648526077, "accuracy": 0.9982683982683983, "f1_score": 0.998275740842786, "cohen_kappa": 0.9896128423040604, "mcc": 0.98966623279591, "data_info": {"train_count": 9240, "test_count": 2310, "actives_count": 1050, "decoys_count": 10500}}, "mlp": {"protein_name": "melanocortin_receptor_4", "uniprot_id": "P32245", "roc_auc": 0.9995374149659865, "accuracy": 0.9978354978354979, "f1_score": 0.9978423997860375, "cohen_kappa": 0.9869884078542701, "mcc": 0.987018486985824, "data_info": {"train_count": 9240, "test_count": 2310, "actives_count": 1050, "decoys_count": 10500}}}