{"xgb": {"protein_name": "cholecystokinin_receptor_type_a", "uniprot_id": "P32238", "roc_auc": 0.9931425278524778, "accuracy": 0.9886363636363636, "f1_score": 0.9871541980032545, "cohen_kappa": 0.7279489904357067, "mcc": 0.7564813238386159, "data_info": {"train_count": 5630, "test_count": 1408, "actives_count": 192, "decoys_count": 6846}}, "rf": {"protein_name": "cholecystokinin_receptor_type_a", "uniprot_id": "P32238", "roc_auc": 0.9995005762581637, "accuracy": 0.9964488636363636, "f1_score": 0.9963778370075033, "cohen_kappa": 0.9296871878870201, "mcc": 0.9305156229616925, "data_info": {"train_count": 5630, "test_count": 1408, "actives_count": 192, "decoys_count": 6846}}, "svc": {"protein_name": "cholecystokinin_receptor_type_a", "uniprot_id": "P32238", "roc_auc": 0.9983096427199386, "accuracy": 0.9971590909090909, "f1_score": 0.9971944752350158, "cohen_kappa": 0.9472580161821996, "mcc": 0.9475875635237478, "data_info": {"train_count": 5630, "test_count": 1408, "actives_count": 192, "decoys_count": 6846}}, "mlp": {"protein_name": "cholecystokinin_receptor_type_a", "uniprot_id": "P32238", "roc_auc": 0.9868997310795238, "accuracy": 0.9971590909090909, "f1_score": 0.9971590909090909, "cohen_kappa": 0.945908567038033, "mcc": 0.945908567038033, "data_info": {"train_count": 5630, "test_count": 1408, "actives_count": 192, "decoys_count": 6846}}}