{"xgb": {"protein_name": "somatostatin_receptor_type_3", "uniprot_id": "P32745", "roc_auc": 0.9995222169135213, "accuracy": 0.9927007299270073, "f1_score": 0.9926805674083404, "cohen_kappa": 0.9835474960970337, "mcc": 0.983680638847719, "data_info": {"train_count": 547, "test_count": 137, "actives_count": 228, "decoys_count": 456}}, "rf": {"protein_name": "somatostatin_receptor_type_3", "uniprot_id": "P32745", "roc_auc": 0.9995222169135213, "accuracy": 0.9854014598540146, "f1_score": 0.9854014598540146, "cohen_kappa": 0.9672718585762063, "mcc": 0.9672718585762065, "data_info": {"train_count": 547, "test_count": 137, "actives_count": 228, "decoys_count": 456}}, "svc": {"protein_name": "somatostatin_receptor_type_3", "uniprot_id": "P32745", "roc_auc": 0.9904443382704252, "accuracy": 0.9781021897810219, "f1_score": 0.9782644434762638, "cohen_kappa": 0.9516868461267192, "mcc": 0.9527994894050587, "data_info": {"train_count": 547, "test_count": 137, "actives_count": 228, "decoys_count": 456}}, "ann": {"protein_name": "somatostatin_receptor_type_3", "uniprot_id": "P32745", "roc_auc": 0.9366937410415672, "accuracy": 0.9124087591240876, "f1_score": 0.909348851700196, "cohen_kappa": 0.7924766473112851, "mcc": 0.8045995149524636, "data_info": {"train_count": 547, "test_count": 137, "actives_count": 228, "decoys_count": 456}}}