{"xgb": {"protein_name": "melanocortin_receptor_5", "uniprot_id": "P33032", "roc_auc": 0.9713366890380313, "accuracy": 0.9827213822894169, "f1_score": 0.9799182362528515, "cohen_kappa": 0.6588061901252764, "mcc": 0.7008628904491885, "data_info": {"train_count": 1850, "test_count": 463, "actives_count": 82, "decoys_count": 2231}}, "rf": {"protein_name": "melanocortin_receptor_5", "uniprot_id": "P33032", "roc_auc": 0.9997203579418344, "accuracy": 0.9956803455723542, "f1_score": 0.9955411781343206, "cohen_kappa": 0.9311114417497396, "mcc": 0.9333286933811911, "data_info": {"train_count": 1850, "test_count": 463, "actives_count": 82, "decoys_count": 2231}}, "svc": {"protein_name": "melanocortin_receptor_5", "uniprot_id": "P33032", "roc_auc": 0.9974832214765101, "accuracy": 0.9956803455723542, "f1_score": 0.9956803455723542, "cohen_kappa": 0.9352628635346756, "mcc": 0.9352628635346756, "data_info": {"train_count": 1850, "test_count": 463, "actives_count": 82, "decoys_count": 2231}}, "ann": {"protein_name": "melanocortin_receptor_5", "uniprot_id": "P33032", "roc_auc": 0.9911912751677853, "accuracy": 0.9956803455723542, "f1_score": 0.9955411781343206, "cohen_kappa": 0.9311114417497396, "mcc": 0.9333286933811911, "data_info": {"train_count": 1850, "test_count": 463, "actives_count": 82, "decoys_count": 2231}}}