{"xgb": {"protein_name": "cytochrome_p450_2c19", "uniprot_id": "P33261", "roc_auc": 0.843193950177936, "accuracy": 0.972318339100346, "f1_score": 0.9586717659199903, "cohen_kappa": 0.0, "mcc": 0.0, "data_info": {"train_count": 1154, "test_count": 289, "actives_count": 39, "decoys_count": 1404}}, "rf": {"protein_name": "cytochrome_p450_2c19", "uniprot_id": "P33261", "roc_auc": 0.8778914590747331, "accuracy": 0.9757785467128027, "f1_score": 0.9665080822638852, "cohen_kappa": 0.21740812379110241, "mcc": 0.3492303044633377, "data_info": {"train_count": 1154, "test_count": 289, "actives_count": 39, "decoys_count": 1404}}, "svc": {"protein_name": "cytochrome_p450_2c19", "uniprot_id": "P33261", "roc_auc": 0.5747330960854092, "accuracy": 0.9550173010380623, "f1_score": 0.9563002300637147, "cohen_kappa": 0.21220381631369256, "mcc": 0.21259453340191672, "data_info": {"train_count": 1154, "test_count": 289, "actives_count": 39, "decoys_count": 1404}}, "mlp": {"protein_name": "cytochrome_p450_2c19", "uniprot_id": "P33261", "roc_auc": 0.1307829181494662, "accuracy": 0.972318339100346, "f1_score": 0.9586717659199903, "cohen_kappa": 0.0, "mcc": 0.0, "data_info": {"train_count": 1154, "test_count": 289, "actives_count": 39, "decoys_count": 1404}}}