{"xgb": {"protein_name": "dual_specificity_protein_kinase_ttk", "uniprot_id": "P33981", "roc_auc": 0.9966666666666667, "accuracy": 0.9932584269662922, "f1_score": 0.9931395359481101, "cohen_kappa": 0.9573550551030187, "mcc": 0.9582267630429473, "data_info": {"train_count": 1777, "test_count": 445, "actives_count": 202, "decoys_count": 2020}}, "rf": {"protein_name": "dual_specificity_protein_kinase_ttk", "uniprot_id": "P33981", "roc_auc": 0.9976851851851851, "accuracy": 0.9932584269662922, "f1_score": 0.9931395359481101, "cohen_kappa": 0.9573550551030187, "mcc": 0.9582267630429473, "data_info": {"train_count": 1777, "test_count": 445, "actives_count": 202, "decoys_count": 2020}}, "svc": {"protein_name": "dual_specificity_protein_kinase_ttk", "uniprot_id": "P33981", "roc_auc": 0.9996913580246913, "accuracy": 0.9932584269662922, "f1_score": 0.9931395359481101, "cohen_kappa": 0.9573550551030187, "mcc": 0.9582267630429473, "data_info": {"train_count": 1777, "test_count": 445, "actives_count": 202, "decoys_count": 2020}}, "ann": {"protein_name": "dual_specificity_protein_kinase_ttk", "uniprot_id": "P33981", "roc_auc": 0.9895679012345678, "accuracy": 0.9955056179775281, "f1_score": 0.9955056179775281, "cohen_kappa": 0.9725308641975309, "mcc": 0.9725308641975309, "data_info": {"train_count": 1777, "test_count": 445, "actives_count": 202, "decoys_count": 2020}}}