{"xgb": {"protein_name": "prostaglandin_e2_receptor_ep1_subtype", "uniprot_id": "P34995", "roc_auc": 0.9996530531324345, "accuracy": 0.9882903981264637, "f1_score": 0.9880039470203403, "cohen_kappa": 0.9260426770126091, "mcc": 0.927667796870411, "data_info": {"train_count": 3414, "test_count": 854, "actives_count": 388, "decoys_count": 3880}}, "rf": {"protein_name": "prostaglandin_e2_receptor_ep1_subtype", "uniprot_id": "P34995", "roc_auc": 0.9999504361617764, "accuracy": 0.9964871194379391, "f1_score": 0.9964560680631961, "cohen_kappa": 0.9784637111010238, "mcc": 0.9786907015426615, "data_info": {"train_count": 3414, "test_count": 854, "actives_count": 388, "decoys_count": 3880}}, "svc": {"protein_name": "prostaglandin_e2_receptor_ep1_subtype", "uniprot_id": "P34995", "roc_auc": 0.9995374041765793, "accuracy": 0.9964871194379391, "f1_score": 0.9965168580640842, "cohen_kappa": 0.9791961023142509, "mcc": 0.9794080702154003, "data_info": {"train_count": 3414, "test_count": 854, "actives_count": 388, "decoys_count": 3880}}, "mlp": {"protein_name": "prostaglandin_e2_receptor_ep1_subtype", "uniprot_id": "P34995", "roc_auc": 0.9936888712661908, "accuracy": 0.9859484777517564, "f1_score": 0.985781650383703, "cohen_kappa": 0.9133464114185212, "mcc": 0.9137276597796373, "data_info": {"train_count": 3414, "test_count": 854, "actives_count": 388, "decoys_count": 3880}}}