{"xgb": {"protein_name": "cannabinoid_receptor_2", "uniprot_id": "P34972", "roc_auc": 0.9984660893235426, "accuracy": 0.9942829919009052, "f1_score": 0.9942207458452103, "cohen_kappa": 0.964693167816788, "mcc": 0.9650315657551146, "data_info": {"train_count": 16790, "test_count": 4198, "actives_count": 1908, "decoys_count": 19080}}, "rf": {"protein_name": "cannabinoid_receptor_2", "uniprot_id": "P34972", "roc_auc": 0.9994134643880273, "accuracy": 0.9899952358265841, "f1_score": 0.9898103652538611, "cohen_kappa": 0.9373077267704071, "mcc": 0.9382489181126191, "data_info": {"train_count": 16790, "test_count": 4198, "actives_count": 1908, "decoys_count": 19080}}, "svc": {"protein_name": "cannabinoid_receptor_2", "uniprot_id": "P34972", "roc_auc": 0.998099761818521, "accuracy": 0.9899952358265841, "f1_score": 0.990109704203878, "cohen_kappa": 0.9409149278979553, "mcc": 0.9412875728600216, "data_info": {"train_count": 16790, "test_count": 4198, "actives_count": 1908, "decoys_count": 19080}}, "ann": {"protein_name": "cannabinoid_receptor_2", "uniprot_id": "P34972", "roc_auc": 0.9981004478250848, "accuracy": 0.9945212005717008, "f1_score": 0.9945179691596309, "cohen_kappa": 0.9668426059155423, "mcc": 0.966843610604367, "data_info": {"train_count": 16790, "test_count": 4198, "actives_count": 1908, "decoys_count": 19080}}}