{"xgb": {"protein_name": "corticotropin_releasing_factor_receptor_1", "uniprot_id": "P34998", "roc_auc": 0.9994062374753216, "accuracy": 0.9933463796477495, "f1_score": 0.99327345422191, "cohen_kappa": 0.9588243491384254, "mcc": 0.9591648426347357, "data_info": {"train_count": 10216, "test_count": 2555, "actives_count": 1161, "decoys_count": 11610}}, "rf": {"protein_name": "corticotropin_releasing_factor_receptor_1", "uniprot_id": "P34998", "roc_auc": 0.9997495064349013, "accuracy": 0.9941291585127201, "f1_score": 0.9940648125487442, "cohen_kappa": 0.9636685433574342, "mcc": 0.9640107571027431, "data_info": {"train_count": 10216, "test_count": 2555, "actives_count": 1161, "decoys_count": 11610}}, "svc": {"protein_name": "corticotropin_releasing_factor_receptor_1", "uniprot_id": "P34998", "roc_auc": 0.9984896165778497, "accuracy": 0.9933463796477495, "f1_score": 0.9933528178650655, "cohen_kappa": 0.9597810295352711, "mcc": 0.9597837155478662, "data_info": {"train_count": 10216, "test_count": 2555, "actives_count": 1161, "decoys_count": 11610}}, "mlp": {"protein_name": "corticotropin_releasing_factor_receptor_1", "uniprot_id": "P34998", "roc_auc": 0.9978086451823593, "accuracy": 0.9945205479452055, "f1_score": 0.9944548699737003, "cohen_kappa": 0.966023290716009, "mcc": 0.9664332144047914, "data_info": {"train_count": 10216, "test_count": 2555, "actives_count": 1161, "decoys_count": 11610}}}