{"xgb": {"protein_name": "gamma_aminobutyric_acid_receptor_subunit_alpha_3", "uniprot_id": "P34903", "roc_auc": 0.9637533875338753, "accuracy": 0.9703703703703703, "f1_score": 0.9676444444444443, "cohen_kappa": 0.784688995215311, "mcc": 0.8035354947596172, "data_info": {"train_count": 536, "test_count": 135, "actives_count": 61, "decoys_count": 610}}, "rf": {"protein_name": "gamma_aminobutyric_acid_receptor_subunit_alpha_3", "uniprot_id": "P34903", "roc_auc": 0.9911924119241192, "accuracy": 0.9703703703703703, "f1_score": 0.9713885386016534, "cohen_kappa": 0.8298676748582231, "mcc": 0.8328866350589329, "data_info": {"train_count": 536, "test_count": 135, "actives_count": 61, "decoys_count": 610}}, "svc": {"protein_name": "gamma_aminobutyric_acid_receptor_subunit_alpha_3", "uniprot_id": "P34903", "roc_auc": 0.975609756097561, "accuracy": 0.9555555555555556, "f1_score": 0.95836284927194, "cohen_kappa": 0.7614840989399293, "mcc": 0.7712974119520638, "data_info": {"train_count": 536, "test_count": 135, "actives_count": 61, "decoys_count": 610}}, "ann": {"protein_name": "gamma_aminobutyric_acid_receptor_subunit_alpha_3", "uniprot_id": "P34903", "roc_auc": 0.9905149051490515, "accuracy": 0.9703703703703703, "f1_score": 0.9691430433365917, "cohen_kappa": 0.8021978021978022, "mcc": 0.8061501403463798, "data_info": {"train_count": 536, "test_count": 135, "actives_count": 61, "decoys_count": 610}}}