{"xgb": {"protein_name": "bifunctional_epoxide_hydrolase_2", "uniprot_id": "P34913", "roc_auc": 0.9968958959079706, "accuracy": 0.9923486360612109, "f1_score": 0.9922510357957407, "cohen_kappa": 0.952492857231203, "mcc": 0.9529503552432046, "data_info": {"train_count": 12020, "test_count": 3006, "actives_count": 1366, "decoys_count": 13660}}, "rf": {"protein_name": "bifunctional_epoxide_hydrolase_2", "uniprot_id": "P34913", "roc_auc": 0.9973830901383042, "accuracy": 0.9900199600798403, "f1_score": 0.9898662243843326, "cohen_kappa": 0.937718327718452, "mcc": 0.9383737490640502, "data_info": {"train_count": 12020, "test_count": 3006, "actives_count": 1366, "decoys_count": 13660}}, "svc": {"protein_name": "bifunctional_epoxide_hydrolase_2", "uniprot_id": "P34913", "roc_auc": 0.993084120416722, "accuracy": 0.9876912840984697, "f1_score": 0.9878389036314567, "cohen_kappa": 0.9272639521606574, "mcc": 0.9276673515007234, "data_info": {"train_count": 12020, "test_count": 3006, "actives_count": 1366, "decoys_count": 13660}}, "ann": {"protein_name": "bifunctional_epoxide_hydrolase_2", "uniprot_id": "P34913", "roc_auc": 0.9957338673035708, "accuracy": 0.9883566200931471, "f1_score": 0.9885497854408517, "cohen_kappa": 0.9318534236513507, "mcc": 0.932633349222976, "data_info": {"train_count": 12020, "test_count": 3006, "actives_count": 1366, "decoys_count": 13660}}}