{"xgb": {"protein_name": "nitric_oxide_synthase_inducible", "uniprot_id": "P35228", "roc_auc": 0.9951379362901996, "accuracy": 0.9809203142536476, "f1_score": 0.9800343823934912, "cohen_kappa": 0.8740740740740741, "mcc": 0.8795200711499173, "data_info": {"train_count": 3564, "test_count": 891, "actives_count": 405, "decoys_count": 4050}}, "rf": {"protein_name": "nitric_oxide_synthase_inducible", "uniprot_id": "P35228", "roc_auc": 0.9990245389422344, "accuracy": 0.9887766554433222, "f1_score": 0.9884418939149323, "cohen_kappa": 0.9281045751633987, "mcc": 0.9305125783870873, "data_info": {"train_count": 3564, "test_count": 891, "actives_count": 405, "decoys_count": 4050}}, "svc": {"protein_name": "nitric_oxide_synthase_inducible", "uniprot_id": "P35228", "roc_auc": 0.9886755067825027, "accuracy": 0.9663299663299664, "f1_score": 0.9668686332255105, "cohen_kappa": 0.8028673835125448, "mcc": 0.8034921208484677, "data_info": {"train_count": 3564, "test_count": 891, "actives_count": 405, "decoys_count": 4050}}, "ann": {"protein_name": "nitric_oxide_synthase_inducible", "uniprot_id": "P35228", "roc_auc": 0.9965096784026826, "accuracy": 0.9831649831649831, "f1_score": 0.9832114251186844, "cohen_kappa": 0.8987108655616943, "mcc": 0.8987313558491398, "data_info": {"train_count": 3564, "test_count": 891, "actives_count": 405, "decoys_count": 4050}}}