{"xgb": {"protein_name": "carbonic_anhydrase_5a_mitochondrial", "uniprot_id": "P35218", "roc_auc": 0.93528837855079, "accuracy": 0.9861932938856016, "f1_score": 0.9838257354779565, "cohen_kappa": 0.6438356164383561, "mcc": 0.6890192121758831, "data_info": {"train_count": 4055, "test_count": 1014, "actives_count": 137, "decoys_count": 4932}}, "rf": {"protein_name": "carbonic_anhydrase_5a_mitochondrial", "uniprot_id": "P35218", "roc_auc": 0.9898495253105183, "accuracy": 0.9911242603550295, "f1_score": 0.9902568280084865, "cohen_kappa": 0.7956469165659008, "mcc": 0.8127992189225605, "data_info": {"train_count": 4055, "test_count": 1014, "actives_count": 137, "decoys_count": 4932}}, "svc": {"protein_name": "carbonic_anhydrase_5a_mitochondrial", "uniprot_id": "P35218", "roc_auc": 0.9702052609854028, "accuracy": 0.9861932938856016, "f1_score": 0.9861932938856016, "cohen_kappa": 0.7336485421591805, "mcc": 0.7336485421591804, "data_info": {"train_count": 4055, "test_count": 1014, "actives_count": 137, "decoys_count": 4932}}, "ann": {"protein_name": "carbonic_anhydrase_5a_mitochondrial", "uniprot_id": "P35218", "roc_auc": 0.970505459867162, "accuracy": 0.9911242603550295, "f1_score": 0.990682628900399, "cohen_kappa": 0.8118272918470865, "mcc": 0.81630009279167, "data_info": {"train_count": 4055, "test_count": 1014, "actives_count": 137, "decoys_count": 4932}}}