{"xgb": {"protein_name": "mu_type_opioid_receptor", "uniprot_id": "P35372", "roc_auc": 0.9982189811173867, "accuracy": 0.9958984875672905, "f1_score": 0.995866695128658, "cohen_kappa": 0.9748258427147564, "mcc": 0.9749996410366301, "data_info": {"train_count": 15602, "test_count": 3901, "actives_count": 1773, "decoys_count": 17730}}, "rf": {"protein_name": "mu_type_opioid_receptor", "uniprot_id": "P35372", "roc_auc": 0.9988858702128166, "accuracy": 0.9961548320943348, "f1_score": 0.9961224910300152, "cohen_kappa": 0.9763688136995053, "mcc": 0.976573644747186, "data_info": {"train_count": 15602, "test_count": 3901, "actives_count": 1773, "decoys_count": 17730}}, "svc": {"protein_name": "mu_type_opioid_receptor", "uniprot_id": "P35372", "roc_auc": 0.998638021019518, "accuracy": 0.9971802102025121, "f1_score": 0.9971855457844794, "cohen_kappa": 0.9830205604311119, "mcc": 0.9830311004996014, "data_info": {"train_count": 15602, "test_count": 3901, "actives_count": 1773, "decoys_count": 17730}}, "mlp": {"protein_name": "mu_type_opioid_receptor", "uniprot_id": "P35372", "roc_auc": 0.999784720732744, "accuracy": 0.9966675211484235, "f1_score": 0.9966611553665251, "cohen_kappa": 0.9797802069864403, "mcc": 0.9797908733154043, "data_info": {"train_count": 15602, "test_count": 3901, "actives_count": 1773, "decoys_count": 17730}}}