{"xgb": {"protein_name": "prostaglandin_g_h_synthase_2", "uniprot_id": "P35354", "roc_auc": 0.9953335157549096, "accuracy": 0.9932213380489242, "f1_score": 0.9931024675541539, "cohen_kappa": 0.9575064157748835, "mcc": 0.958372075213204, "data_info": {"train_count": 13569, "test_count": 3393, "actives_count": 1542, "decoys_count": 15420}}, "rf": {"protein_name": "prostaglandin_g_h_synthase_2", "uniprot_id": "P35354", "roc_auc": 0.9964559346650109, "accuracy": 0.9917477158856469, "f1_score": 0.9915832002436018, "cohen_kappa": 0.9480329380720922, "mcc": 0.9491386440612848, "data_info": {"train_count": 13569, "test_count": 3393, "actives_count": 1542, "decoys_count": 15420}}, "svc": {"protein_name": "prostaglandin_g_h_synthase_2", "uniprot_id": "P35354", "roc_auc": 0.9825838262223999, "accuracy": 0.9858532272325375, "f1_score": 0.9858324789749232, "cohen_kappa": 0.9140471372794893, "mcc": 0.9140529992142807, "data_info": {"train_count": 13569, "test_count": 3393, "actives_count": 1542, "decoys_count": 15420}}, "ann": {"protein_name": "prostaglandin_g_h_synthase_2", "uniprot_id": "P35354", "roc_auc": 0.9902429013450084, "accuracy": 0.9914529914529915, "f1_score": 0.9913434489845852, "cohen_kappa": 0.946902869760748, "mcc": 0.9473618934384789, "data_info": {"train_count": 13569, "test_count": 3393, "actives_count": 1542, "decoys_count": 15420}}}