{"xgb": {"protein_name": "alpha_1b_adrenergic_receptor", "uniprot_id": "P35368", "roc_auc": 0.9929338842975207, "accuracy": 0.9666666666666667, "f1_score": 0.9665491187372787, "cohen_kappa": 0.9244851258581236, "mcc": 0.9246812496401942, "data_info": {"train_count": 1317, "test_count": 330, "actives_count": 549, "decoys_count": 1098}}, "rf": {"protein_name": "alpha_1b_adrenergic_receptor", "uniprot_id": "P35368", "roc_auc": 0.9912603305785124, "accuracy": 0.9757575757575757, "f1_score": 0.9756423089756423, "cohen_kappa": 0.944954128440367, "mcc": 0.9453122389509786, "data_info": {"train_count": 1317, "test_count": 330, "actives_count": 549, "decoys_count": 1098}}, "svc": {"protein_name": "alpha_1b_adrenergic_receptor", "uniprot_id": "P35368", "roc_auc": 0.9887190082644627, "accuracy": 0.9575757575757575, "f1_score": 0.9576699987658892, "cohen_kappa": 0.9049773755656109, "mcc": 0.9050607678199957, "data_info": {"train_count": 1317, "test_count": 330, "actives_count": 549, "decoys_count": 1098}}, "mlp": {"protein_name": "alpha_1b_adrenergic_receptor", "uniprot_id": "P35368", "roc_auc": 0.9797520661157025, "accuracy": 0.9636363636363636, "f1_score": 0.9635518286354767, "cohen_kappa": 0.9178082191780822, "mcc": 0.9178943457882449, "data_info": {"train_count": 1317, "test_count": 330, "actives_count": 549, "decoys_count": 1098}}}