{"xgb": {"protein_name": "prostaglandin_e2_receptor_ep4_subtype", "uniprot_id": "P35408", "roc_auc": 0.99986895986896, "accuracy": 0.9967213114754099, "f1_score": 0.9967213114754099, "cohen_kappa": 0.98001638001638, "mcc": 0.98001638001638, "data_info": {"train_count": 2437, "test_count": 610, "actives_count": 277, "decoys_count": 2770}}, "rf": {"protein_name": "prostaglandin_e2_receptor_ep4_subtype", "uniprot_id": "P35408", "roc_auc": 0.9999999999999998, "accuracy": 0.9950819672131147, "f1_score": 0.995019650904784, "cohen_kappa": 0.9692695214105793, "mcc": 0.969727516625412, "data_info": {"train_count": 2437, "test_count": 610, "actives_count": 277, "decoys_count": 2770}}, "svc": {"protein_name": "prostaglandin_e2_receptor_ep4_subtype", "uniprot_id": "P35408", "roc_auc": 0.99996723996724, "accuracy": 0.9950819672131147, "f1_score": 0.9951405868331133, "cohen_kappa": 0.9707434052757794, "mcc": 0.971159125271612, "data_info": {"train_count": 2437, "test_count": 610, "actives_count": 277, "decoys_count": 2770}}, "mlp": {"protein_name": "prostaglandin_e2_receptor_ep4_subtype", "uniprot_id": "P35408", "roc_auc": 0.9974774774774775, "accuracy": 0.9901639344262295, "f1_score": 0.9903187102431323, "cohen_kappa": 0.9419508326724821, "mcc": 0.9426569808776762, "data_info": {"train_count": 2437, "test_count": 610, "actives_count": 277, "decoys_count": 2770}}}