{"xgb": {"protein_name": "aryl_hydrocarbon_receptor", "uniprot_id": "P35869", "roc_auc": 0.9975864843121481, "accuracy": 0.9758064516129032, "f1_score": 0.9740549076593443, "cohen_kappa": 0.8293577981651377, "mcc": 0.8417030057230758, "data_info": {"train_count": 492, "test_count": 124, "actives_count": 56, "decoys_count": 560}}, "rf": {"protein_name": "aryl_hydrocarbon_receptor", "uniprot_id": "P35869", "roc_auc": 0.99597747385358, "accuracy": 0.9838709677419355, "f1_score": 0.9838709677419355, "cohen_kappa": 0.9002413515687852, "mcc": 0.9002413515687852, "data_info": {"train_count": 492, "test_count": 124, "actives_count": 56, "decoys_count": 560}}, "svc": {"protein_name": "aryl_hydrocarbon_receptor", "uniprot_id": "P35869", "roc_auc": 0.9678197908286403, "accuracy": 0.967741935483871, "f1_score": 0.9689420122887864, "cohen_kappa": 0.8156133828996283, "mcc": 0.8191018328149027, "data_info": {"train_count": 492, "test_count": 124, "actives_count": 56, "decoys_count": 560}}, "ann": {"protein_name": "aryl_hydrocarbon_receptor", "uniprot_id": "P35869", "roc_auc": 0.914722445695897, "accuracy": 0.9838709677419355, "f1_score": 0.9838709677419355, "cohen_kappa": 0.9002413515687852, "mcc": 0.9002413515687852, "data_info": {"train_count": 492, "test_count": 124, "actives_count": 56, "decoys_count": 560}}}