{"xgb": {"protein_name": "7_8_dihydro_8_oxoguanine_triphosphatase", "uniprot_id": "P36639", "roc_auc": 0.8601156069364163, "accuracy": 0.9719101123595506, "f1_score": 0.9580652389641153, "cohen_kappa": 0.0, "mcc": 0.0, "data_info": {"train_count": 710, "test_count": 178, "actives_count": 24, "decoys_count": 864}}, "rf": {"protein_name": "7_8_dihydro_8_oxoguanine_triphosphatase", "uniprot_id": "P36639", "roc_auc": 0.9213872832369943, "accuracy": 0.9887640449438202, "f1_score": 0.9873918377889708, "cohen_kappa": 0.7446197991391679, "mcc": 0.7701576832979447, "data_info": {"train_count": 710, "test_count": 178, "actives_count": 24, "decoys_count": 864}}, "svc": {"protein_name": "7_8_dihydro_8_oxoguanine_triphosphatase", "uniprot_id": "P36639", "roc_auc": 0.9815028901734104, "accuracy": 0.9887640449438202, "f1_score": 0.9873918377889708, "cohen_kappa": 0.7446197991391679, "mcc": 0.7701576832979447, "data_info": {"train_count": 710, "test_count": 178, "actives_count": 24, "decoys_count": 864}}, "mlp": {"protein_name": "7_8_dihydro_8_oxoguanine_triphosphatase", "uniprot_id": "P36639", "roc_auc": 0.9190751445086706, "accuracy": 0.9831460674157303, "f1_score": 0.97960694853905, "cohen_kappa": 0.564437194127243, "mcc": 0.6270421183475782, "data_info": {"train_count": 710, "test_count": 178, "actives_count": 24, "decoys_count": 864}}}