{"xgb": {"protein_name": "7_8_dihydro_8_oxoguanine_triphosphatase", "uniprot_id": "P36639", "roc_auc": 0.9625, "accuracy": 0.9622641509433962, "f1_score": 0.9579322294955718, "cohen_kappa": 0.7309644670050761, "mcc": 0.7589466384404111, "data_info": {"train_count": 211, "test_count": 53, "actives_count": 24, "decoys_count": 240}}, "rf": {"protein_name": "7_8_dihydro_8_oxoguanine_triphosphatase", "uniprot_id": "P36639", "roc_auc": 0.9833333333333334, "accuracy": 0.9622641509433962, "f1_score": 0.9579322294955718, "cohen_kappa": 0.7309644670050761, "mcc": 0.7589466384404111, "data_info": {"train_count": 211, "test_count": 53, "actives_count": 24, "decoys_count": 240}}, "svc": {"protein_name": "7_8_dihydro_8_oxoguanine_triphosphatase", "uniprot_id": "P36639", "roc_auc": 0.8500000000000001, "accuracy": 0.9622641509433962, "f1_score": 0.9579322294955718, "cohen_kappa": 0.7309644670050761, "mcc": 0.7589466384404111, "data_info": {"train_count": 211, "test_count": 53, "actives_count": 24, "decoys_count": 240}}, "ann": {"protein_name": "7_8_dihydro_8_oxoguanine_triphosphatase", "uniprot_id": "P36639", "roc_auc": 0.8625, "accuracy": 0.9622641509433962, "f1_score": 0.9579322294955718, "cohen_kappa": 0.7309644670050761, "mcc": 0.7589466384404111, "data_info": {"train_count": 211, "test_count": 53, "actives_count": 24, "decoys_count": 240}}}