{"xgb": {"protein_name": "peroxisome_proliferator_activated_receptor_gamma", "uniprot_id": "P37231", "roc_auc": 0.9999739293659621, "accuracy": 0.9960822722820764, "f1_score": 0.9960434329395815, "cohen_kappa": 0.9758725807595057, "mcc": 0.9761567483367439, "data_info": {"train_count": 8166, "test_count": 2042, "actives_count": 928, "decoys_count": 9280}}, "rf": {"protein_name": "peroxisome_proliferator_activated_receptor_gamma", "uniprot_id": "P37231", "roc_auc": 0.9999478587319244, "accuracy": 0.9965719882468168, "f1_score": 0.9965423430483574, "cohen_kappa": 0.9789404516001662, "mcc": 0.9791576061209356, "data_info": {"train_count": 8166, "test_count": 2042, "actives_count": 928, "decoys_count": 9280}}, "svc": {"protein_name": "peroxisome_proliferator_activated_receptor_gamma", "uniprot_id": "P37231", "roc_auc": 0.9875787912495364, "accuracy": 0.9936336924583742, "f1_score": 0.9936413686209651, "cohen_kappa": 0.961644381897466, "mcc": 0.9616485675059778, "data_info": {"train_count": 8166, "test_count": 2042, "actives_count": 928, "decoys_count": 9280}}, "ann": {"protein_name": "peroxisome_proliferator_activated_receptor_gamma", "uniprot_id": "P37231", "roc_auc": 0.9861970476455321, "accuracy": 0.9955925563173359, "f1_score": 0.9955544410621742, "cohen_kappa": 0.9729234377716423, "mcc": 0.9731392575618341, "data_info": {"train_count": 8166, "test_count": 2042, "actives_count": 928, "decoys_count": 9280}}}