{"xgb": {"protein_name": "squalene_synthase", "uniprot_id": "P37268", "roc_auc": 0.988943894389439, "accuracy": 0.984984984984985, "f1_score": 0.9843639205341334, "cohen_kappa": 0.9009812667261374, "mcc": 0.9054309442498609, "data_info": {"train_count": 1328, "test_count": 333, "actives_count": 151, "decoys_count": 1510}}, "rf": {"protein_name": "squalene_synthase", "uniprot_id": "P37268", "roc_auc": 0.9528052805280528, "accuracy": 0.987987987987988, "f1_score": 0.9875983712049284, "cohen_kappa": 0.9220505617977528, "mcc": 0.9248646348703555, "data_info": {"train_count": 1328, "test_count": 333, "actives_count": 151, "decoys_count": 1510}}, "svc": {"protein_name": "squalene_synthase", "uniprot_id": "P37268", "roc_auc": 0.9976897689768977, "accuracy": 0.987987987987988, "f1_score": 0.9878006409313123, "cohen_kappa": 0.9244641034365431, "mcc": 0.9251241457232191, "data_info": {"train_count": 1328, "test_count": 333, "actives_count": 151, "decoys_count": 1510}}, "ann": {"protein_name": "squalene_synthase", "uniprot_id": "P37268", "roc_auc": 0.9790979097909791, "accuracy": 0.987987987987988, "f1_score": 0.9878006409313123, "cohen_kappa": 0.9244641034365431, "mcc": 0.9251241457232191, "data_info": {"train_count": 1328, "test_count": 333, "actives_count": 151, "decoys_count": 1510}}}