{"xgb": {"protein_name": "flap_endonuclease_1", "uniprot_id": "P39748", "roc_auc": 0.9999999999999999, "accuracy": 0.972972972972973, "f1_score": 0.9596445760829323, "cohen_kappa": 0.0, "mcc": 0.0, "data_info": {"train_count": 1036, "test_count": 259, "actives_count": 35, "decoys_count": 1260}}, "rf": {"protein_name": "flap_endonuclease_1", "uniprot_id": "P39748", "roc_auc": 1.0, "accuracy": 0.9961389961389961, "f1_score": 0.995994318766596, "cohen_kappa": 0.9211087420042644, "mcc": 0.9239886042108216, "data_info": {"train_count": 1036, "test_count": 259, "actives_count": 35, "decoys_count": 1260}}, "svc": {"protein_name": "flap_endonuclease_1", "uniprot_id": "P39748", "roc_auc": 0.9994331065759637, "accuracy": 0.9961389961389961, "f1_score": 0.9962638582916913, "cohen_kappa": 0.9313543599257885, "mcc": 0.9335565209336699, "data_info": {"train_count": 1036, "test_count": 259, "actives_count": 35, "decoys_count": 1260}}, "mlp": {"protein_name": "flap_endonuclease_1", "uniprot_id": "P39748", "roc_auc": 0.9994331065759637, "accuracy": 0.9884169884169884, "f1_score": 0.9868717561025253, "cohen_kappa": 0.7218045112781954, "mcc": 0.7514691493021793, "data_info": {"train_count": 1036, "test_count": 259, "actives_count": 35, "decoys_count": 1260}}}