{"xgb": {"protein_name": "delta_type_opioid_receptor", "uniprot_id": "P41143", "roc_auc": 0.9993164856277247, "accuracy": 0.994759825327511, "f1_score": 0.9947213410144681, "cohen_kappa": 0.9678076393206022, "mcc": 0.9679624581895078, "data_info": {"train_count": 13736, "test_count": 3435, "actives_count": 1561, "decoys_count": 15610}}, "rf": {"protein_name": "delta_type_opioid_receptor", "uniprot_id": "P41143", "roc_auc": 0.9991969219274696, "accuracy": 0.9965065502183406, "f1_score": 0.9964808940096453, "cohen_kappa": 0.9785384262137348, "mcc": 0.9786949616719932, "data_info": {"train_count": 13736, "test_count": 3435, "actives_count": 1561, "decoys_count": 15610}}, "svc": {"protein_name": "delta_type_opioid_receptor", "uniprot_id": "P41143", "roc_auc": 0.9960261747005262, "accuracy": 0.9941775836972343, "f1_score": 0.9941775836972343, "cohen_kappa": 0.9647466686371585, "mcc": 0.9647466686371585, "data_info": {"train_count": 13736, "test_count": 3435, "actives_count": 1561, "decoys_count": 15610}}, "ann": {"protein_name": "delta_type_opioid_receptor", "uniprot_id": "P41143", "roc_auc": 0.9963894841416455, "accuracy": 0.9944687045123727, "f1_score": 0.9944726866908373, "cohen_kappa": 0.9665575746209577, "mcc": 0.9665590718459693, "data_info": {"train_count": 13736, "test_count": 3435, "actives_count": 1561, "decoys_count": 15610}}}