{"xgb": {"protein_name": "mitogen_activated_protein_kinase_kinase_kinase_8", "uniprot_id": "P41279", "roc_auc": 0.9741602067183462, "accuracy": 0.9789473684210527, "f1_score": 0.9777525710828796, "cohen_kappa": 0.8637015781922525, "mcc": 0.8718377200494426, "data_info": {"train_count": 378, "test_count": 95, "actives_count": 43, "decoys_count": 430}}, "rf": {"protein_name": "mitogen_activated_protein_kinase_kinase_kinase_8", "uniprot_id": "P41279", "roc_auc": 0.9806201550387597, "accuracy": 0.9789473684210527, "f1_score": 0.9777525710828796, "cohen_kappa": 0.8637015781922525, "mcc": 0.8718377200494426, "data_info": {"train_count": 378, "test_count": 95, "actives_count": 43, "decoys_count": 430}}, "svc": {"protein_name": "mitogen_activated_protein_kinase_kinase_kinase_8", "uniprot_id": "P41279", "roc_auc": 1.0, "accuracy": 0.9894736842105263, "f1_score": 0.9891945095653107, "cohen_kappa": 0.9354180829367778, "mcc": 0.9373749384443236, "data_info": {"train_count": 378, "test_count": 95, "actives_count": 43, "decoys_count": 430}}, "mlp": {"protein_name": "mitogen_activated_protein_kinase_kinase_kinase_8", "uniprot_id": "P41279", "roc_auc": 0.8850129198966409, "accuracy": 0.9789473684210527, "f1_score": 0.9777525710828796, "cohen_kappa": 0.8637015781922525, "mcc": 0.8718377200494426, "data_info": {"train_count": 378, "test_count": 95, "actives_count": 43, "decoys_count": 430}}}