{"xgb": {"protein_name": "lysine_specific_demethylase_5c", "uniprot_id": "P41229", "roc_auc": 0.9917355371900827, "accuracy": 0.9090909090909091, "f1_score": 0.9048152295632699, "cohen_kappa": 0.7804878048780488, "mcc": 0.8, "data_info": {"train_count": 129, "test_count": 33, "actives_count": 54, "decoys_count": 108}}, "rf": {"protein_name": "lysine_specific_demethylase_5c", "uniprot_id": "P41229", "roc_auc": 1.0, "accuracy": 0.8787878787878788, "f1_score": 0.8703703703703703, "cohen_kappa": 0.7, "mcc": 0.7337993857053429, "data_info": {"train_count": 129, "test_count": 33, "actives_count": 54, "decoys_count": 108}}, "svc": {"protein_name": "lysine_specific_demethylase_5c", "uniprot_id": "P41229", "roc_auc": 0.9917355371900827, "accuracy": 0.9696969696969697, "f1_score": 0.9693121693121693, "cohen_kappa": 0.9302325581395349, "mcc": 0.9325048082403138, "data_info": {"train_count": 129, "test_count": 33, "actives_count": 54, "decoys_count": 108}}, "mlp": {"protein_name": "lysine_specific_demethylase_5c", "uniprot_id": "P41229", "roc_auc": 0.9049586776859504, "accuracy": 0.8181818181818182, "f1_score": 0.8130434782608696, "cohen_kappa": 0.5714285714285714, "mcc": 0.5773502691896257, "data_info": {"train_count": 129, "test_count": 33, "actives_count": 54, "decoys_count": 108}}}