{"xgb": {"protein_name": "metabotropic_glutamate_receptor_5", "uniprot_id": "P41594", "roc_auc": 0.9966212903955655, "accuracy": 0.9921135646687698, "f1_score": 0.9919850992937868, "cohen_kappa": 0.9506395833171134, "mcc": 0.951381630935664, "data_info": {"train_count": 5068, "test_count": 1268, "actives_count": 576, "decoys_count": 5760}}, "rf": {"protein_name": "metabotropic_glutamate_receptor_5", "uniprot_id": "P41594", "roc_auc": 0.9951167087748407, "accuracy": 0.9944794952681388, "f1_score": 0.9944466024578227, "cohen_kappa": 0.9661319617210274, "mcc": 0.9662337508967255, "data_info": {"train_count": 5068, "test_count": 1268, "actives_count": 576, "decoys_count": 5760}}, "svc": {"protein_name": "metabotropic_glutamate_receptor_5", "uniprot_id": "P41594", "roc_auc": 0.9971944643463178, "accuracy": 0.9873817034700315, "f1_score": 0.9874306159880101, "cohen_kappa": 0.924090606362201, "mcc": 0.9241322093918173, "data_info": {"train_count": 5068, "test_count": 1268, "actives_count": 576, "decoys_count": 5760}}, "mlp": {"protein_name": "metabotropic_glutamate_receptor_5", "uniprot_id": "P41594", "roc_auc": 0.9989592367736341, "accuracy": 0.9936908517350158, "f1_score": 0.9936659136318675, "cohen_kappa": 0.9614463692543916, "mcc": 0.961491031022556, "data_info": {"train_count": 5068, "test_count": 1268, "actives_count": 576, "decoys_count": 5760}}}