{"xgb": {"protein_name": "c_c_chemokine_receptor_type_2", "uniprot_id": "P41597", "roc_auc": 0.9972895199616318, "accuracy": 0.9983552631578947, "f1_score": 0.9983485076855917, "cohen_kappa": 0.9899776548591523, "mcc": 0.9900273789469702, "data_info": {"train_count": 7295, "test_count": 1824, "actives_count": 829, "decoys_count": 8290}}, "rf": {"protein_name": "c_c_chemokine_receptor_type_2", "uniprot_id": "P41597", "roc_auc": 0.9993950470155653, "accuracy": 0.9961622807017544, "f1_score": 0.9961249935528885, "cohen_kappa": 0.9763560809759783, "mcc": 0.9766291040187441, "data_info": {"train_count": 7295, "test_count": 1824, "actives_count": 829, "decoys_count": 8290}}, "svc": {"protein_name": "c_c_chemokine_receptor_type_2", "uniprot_id": "P41597", "roc_auc": 0.9965919165201215, "accuracy": 0.9917763157894737, "f1_score": 0.9918944970410217, "cohen_kappa": 0.9517347954021042, "mcc": 0.9523315082579935, "data_info": {"train_count": 7295, "test_count": 1824, "actives_count": 829, "decoys_count": 8290}}, "mlp": {"protein_name": "c_c_chemokine_receptor_type_2", "uniprot_id": "P41597", "roc_auc": 0.9992951298559739, "accuracy": 0.9967105263157895, "f1_score": 0.9967281201191384, "cohen_kappa": 0.9803315457277184, "mcc": 0.9804158320164097, "data_info": {"train_count": 7295, "test_count": 1824, "actives_count": 829, "decoys_count": 8290}}}