{"xgb": {"protein_name": "melanocortin_receptor_3", "uniprot_id": "P41968", "roc_auc": 0.9982413419913421, "accuracy": 0.9895397489539749, "f1_score": 0.9885993564128599, "cohen_kappa": 0.8096224310976581, "mcc": 0.8247055148933485, "data_info": {"train_count": 1909, "test_count": 478, "actives_count": 81, "decoys_count": 2306}}, "rf": {"protein_name": "melanocortin_receptor_3", "uniprot_id": "P41968", "roc_auc": 1.0, "accuracy": 1.0, "f1_score": 1.0, "cohen_kappa": 1.0, "mcc": 1.0, "data_info": {"train_count": 1909, "test_count": 478, "actives_count": 81, "decoys_count": 2306}}, "svc": {"protein_name": "melanocortin_receptor_3", "uniprot_id": "P41968", "roc_auc": 0.9995941558441559, "accuracy": 0.997907949790795, "f1_score": 0.9979385142329334, "cohen_kappa": 0.9686145764937623, "mcc": 0.9690919936107555, "data_info": {"train_count": 1909, "test_count": 478, "actives_count": 81, "decoys_count": 2306}}, "mlp": {"protein_name": "melanocortin_receptor_3", "uniprot_id": "P41968", "roc_auc": 1.0, "accuracy": 0.997907949790795, "f1_score": 0.9979385142329334, "cohen_kappa": 0.9686145764937623, "mcc": 0.9690919936107555, "data_info": {"train_count": 1909, "test_count": 478, "actives_count": 81, "decoys_count": 2306}}}