{"xgb": {"protein_name": "glutamate_receptor_2", "uniprot_id": "P42262", "roc_auc": 0.9965816703621582, "accuracy": 0.9806094182825484, "f1_score": 0.979888060365429, "cohen_kappa": 0.8747335547514004, "mcc": 0.8782562619932768, "data_info": {"train_count": 1443, "test_count": 361, "actives_count": 164, "decoys_count": 1640}}, "rf": {"protein_name": "glutamate_receptor_2", "uniprot_id": "P42262", "roc_auc": 0.9973207686622321, "accuracy": 0.9833795013850416, "f1_score": 0.9826237959344217, "cohen_kappa": 0.8910353154240869, "mcc": 0.8963726575529243, "data_info": {"train_count": 1443, "test_count": 361, "actives_count": 164, "decoys_count": 1640}}, "svc": {"protein_name": "glutamate_receptor_2", "uniprot_id": "P42262", "roc_auc": 0.9987065779748706, "accuracy": 0.9806094182825484, "f1_score": 0.9812177206449012, "cohen_kappa": 0.8907148726376335, "mcc": 0.8934411190293801, "data_info": {"train_count": 1443, "test_count": 361, "actives_count": 164, "decoys_count": 1640}}, "ann": {"protein_name": "glutamate_receptor_2", "uniprot_id": "P42262", "roc_auc": 0.9404101995565411, "accuracy": 0.9833795013850416, "f1_score": 0.9828937214157482, "cohen_kappa": 0.8941762751612272, "mcc": 0.896409855608196, "data_info": {"train_count": 1443, "test_count": 361, "actives_count": 164, "decoys_count": 1640}}}