{"xgb": {"protein_name": "phosphatidylinositol_4_5_bisphosphate_3_kinase_catalytic_subunit_beta_isoform", "uniprot_id": "P42338", "roc_auc": 0.9989687948350071, "accuracy": 0.9899777282850779, "f1_score": 0.9898354512482118, "cohen_kappa": 0.9379043287182875, "mcc": 0.938462919846704, "data_info": {"train_count": 3590, "test_count": 898, "actives_count": 408, "decoys_count": 4080}}, "rf": {"protein_name": "phosphatidylinositol_4_5_bisphosphate_3_kinase_catalytic_subunit_beta_isoform", "uniprot_id": "P42338", "roc_auc": 0.9997907699665232, "accuracy": 0.9922048997772829, "f1_score": 0.9920477696923109, "cohen_kappa": 0.9511524175123945, "mcc": 0.9522892181791773, "data_info": {"train_count": 3590, "test_count": 898, "actives_count": 408, "decoys_count": 4080}}, "svc": {"protein_name": "phosphatidylinositol_4_5_bisphosphate_3_kinase_catalytic_subunit_beta_isoform", "uniprot_id": "P42338", "roc_auc": 0.9968017694882831, "accuracy": 0.9922048997772829, "f1_score": 0.9923082341906833, "cohen_kappa": 0.9542816413807148, "mcc": 0.9547908775991645, "data_info": {"train_count": 3590, "test_count": 898, "actives_count": 408, "decoys_count": 4080}}, "ann": {"protein_name": "phosphatidylinositol_4_5_bisphosphate_3_kinase_catalytic_subunit_beta_isoform", "uniprot_id": "P42338", "roc_auc": 0.996951219512195, "accuracy": 0.9966592427616926, "f1_score": 0.9966311826091526, "cohen_kappa": 0.979532297032411, "mcc": 0.9797375377173582, "data_info": {"train_count": 3590, "test_count": 898, "actives_count": 408, "decoys_count": 4080}}}