{"xgb": {"protein_name": "phosphatidylinositol_4_5_bisphosphate_3_kinase_catalytic_subunit_alpha_isoform", "uniprot_id": "P42336", "roc_auc": 0.9995478007997092, "accuracy": 0.9944579147904399, "f1_score": 0.9943992878467902, "cohen_kappa": 0.9657111637657148, "mcc": 0.9660306563284713, "data_info": {"train_count": 11545, "test_count": 2887, "actives_count": 1312, "decoys_count": 13120}}, "rf": {"protein_name": "phosphatidylinositol_4_5_bisphosphate_3_kinase_catalytic_subunit_alpha_isoform", "uniprot_id": "P42336", "roc_auc": 0.9995325336241367, "accuracy": 0.9948042951160374, "f1_score": 0.9947633415928628, "cohen_kappa": 0.9680224894829768, "mcc": 0.9682007138899762, "data_info": {"train_count": 11545, "test_count": 2887, "actives_count": 1312, "decoys_count": 13120}}, "svc": {"protein_name": "phosphatidylinositol_4_5_bisphosphate_3_kinase_catalytic_subunit_alpha_isoform", "uniprot_id": "P42336", "roc_auc": 0.99760959651036, "accuracy": 0.9958434360928299, "f1_score": 0.9958575959928071, "cohen_kappa": 0.9749854146569701, "mcc": 0.9750193095975359, "data_info": {"train_count": 11545, "test_count": 2887, "actives_count": 1312, "decoys_count": 13120}}, "ann": {"protein_name": "phosphatidylinositol_4_5_bisphosphate_3_kinase_catalytic_subunit_alpha_isoform", "uniprot_id": "P42336", "roc_auc": 0.9962675390766994, "accuracy": 0.9968825770696225, "f1_score": 0.9968852490898574, "cohen_kappa": 0.98114253739305, "mcc": 0.9811446910921708, "data_info": {"train_count": 11545, "test_count": 2887, "actives_count": 1312, "decoys_count": 13120}}}