{"xgb": {"protein_name": "aldo_keto_reductase_family_1_member_c3", "uniprot_id": "P42330", "roc_auc": 0.9948950553471246, "accuracy": 0.9905869324473976, "f1_score": 0.9896218010154595, "cohen_kappa": 0.7855256723716382, "mcc": 0.8042406529533183, "data_info": {"train_count": 7222, "test_count": 1806, "actives_count": 244, "decoys_count": 8784}}, "rf": {"protein_name": "aldo_keto_reductase_family_1_member_c3", "uniprot_id": "P42330", "roc_auc": 0.9837559383457424, "accuracy": 0.9955703211517165, "f1_score": 0.9953784774037537, "cohen_kappa": 0.9088580764814979, "mcc": 0.912656632415958, "data_info": {"train_count": 7222, "test_count": 1806, "actives_count": 244, "decoys_count": 8784}}, "svc": {"protein_name": "aldo_keto_reductase_family_1_member_c3", "uniprot_id": "P42330", "roc_auc": 0.9914743358925813, "accuracy": 0.9905869324473976, "f1_score": 0.9907227089476515, "cohen_kappa": 0.8268456375838926, "mcc": 0.827231924718649, "data_info": {"train_count": 7222, "test_count": 1806, "actives_count": 244, "decoys_count": 8784}}, "ann": {"protein_name": "aldo_keto_reductase_family_1_member_c3", "uniprot_id": "P42330", "roc_auc": 0.9878968092644, "accuracy": 0.9939091915836102, "f1_score": 0.9936090092745513, "cohen_kappa": 0.8733148825997679, "mcc": 0.878044309136778, "data_info": {"train_count": 7222, "test_count": 1806, "actives_count": 244, "decoys_count": 8784}}}