{"xgb": {"protein_name": "serine_threonine_protein_kinase_mtor", "uniprot_id": "P42345", "roc_auc": 0.9997101449275363, "accuracy": 0.9942028985507246, "f1_score": 0.9942111788754106, "cohen_kappa": 0.9869942196531792, "mcc": 0.9870313218319164, "data_info": {"train_count": 4137, "test_count": 1035, "actives_count": 1724, "decoys_count": 3448}}, "rf": {"protein_name": "serine_threonine_protein_kinase_mtor", "uniprot_id": "P42345", "roc_auc": 0.9998697752572989, "accuracy": 0.9971014492753624, "f1_score": 0.9971024956736829, "cohen_kappa": 0.9934829833454019, "mcc": 0.99348532750473, "data_info": {"train_count": 4137, "test_count": 1035, "actives_count": 1724, "decoys_count": 3448}}, "svc": {"protein_name": "serine_threonine_protein_kinase_mtor", "uniprot_id": "P42345", "roc_auc": 0.9999705944129385, "accuracy": 0.9951690821256038, "f1_score": 0.9951776760409854, "cohen_kappa": 0.9891696750902527, "mcc": 0.9892276929865179, "data_info": {"train_count": 4137, "test_count": 1035, "actives_count": 1724, "decoys_count": 3448}}, "ann": {"protein_name": "serine_threonine_protein_kinase_mtor", "uniprot_id": "P42345", "roc_auc": 0.999844570468389, "accuracy": 0.9942028985507246, "f1_score": 0.9942111788754106, "cohen_kappa": 0.9869942196531792, "mcc": 0.9870313218319164, "data_info": {"train_count": 4137, "test_count": 1035, "actives_count": 1724, "decoys_count": 3448}}}