{"xgb": {"protein_name": "caspase_2", "uniprot_id": "P42575", "roc_auc": 1.0, "accuracy": 1.0, "f1_score": 1.0, "cohen_kappa": 1.0, "mcc": 1.0, "data_info": {"train_count": 228, "test_count": 58, "actives_count": 26, "decoys_count": 260}}, "rf": {"protein_name": "caspase_2", "uniprot_id": "P42575", "roc_auc": 1.0, "accuracy": 0.9827586206896551, "f1_score": 0.9818813334765639, "cohen_kappa": 0.8796680497925311, "mcc": 0.8861067572167505, "data_info": {"train_count": 228, "test_count": 58, "actives_count": 26, "decoys_count": 260}}, "svc": {"protein_name": "caspase_2", "uniprot_id": "P42575", "roc_auc": 0.9924528301886792, "accuracy": 0.9827586206896551, "f1_score": 0.9818813334765639, "cohen_kappa": 0.8796680497925311, "mcc": 0.8861067572167505, "data_info": {"train_count": 228, "test_count": 58, "actives_count": 26, "decoys_count": 260}}, "ann": {"protein_name": "caspase_2", "uniprot_id": "P42575", "roc_auc": 0.9245283018867925, "accuracy": 0.9827586206896551, "f1_score": 0.9818813334765639, "cohen_kappa": 0.8796680497925311, "mcc": 0.8861067572167505, "data_info": {"train_count": 228, "test_count": 58, "actives_count": 26, "decoys_count": 260}}}