{"xgb": {"protein_name": "lysosomal_pro_x_carboxypeptidase", "uniprot_id": "P42785", "roc_auc": 0.9977688289072704, "accuracy": 0.9927996611605252, "f1_score": 0.992261557095608, "cohen_kappa": 0.8432485208256039, "mcc": 0.8538031687148505, "data_info": {"train_count": 9442, "test_count": 2361, "actives_count": 319, "decoys_count": 11484}}, "rf": {"protein_name": "lysosomal_pro_x_carboxypeptidase", "uniprot_id": "P42785", "roc_auc": 0.9991565084893339, "accuracy": 0.9953409572215163, "f1_score": 0.9951275069362557, "cohen_kappa": 0.903615843950522, "mcc": 0.9078425691803312, "data_info": {"train_count": 9442, "test_count": 2361, "actives_count": 319, "decoys_count": 11484}}, "svc": {"protein_name": "lysosomal_pro_x_carboxypeptidase", "uniprot_id": "P42785", "roc_auc": 0.9981973770134959, "accuracy": 0.9953409572215163, "f1_score": 0.9954259950556182, "cohen_kappa": 0.9148996824835098, "mcc": 0.9155849311346275, "data_info": {"train_count": 9442, "test_count": 2361, "actives_count": 319, "decoys_count": 11484}}, "ann": {"protein_name": "lysosomal_pro_x_carboxypeptidase", "uniprot_id": "P42785", "roc_auc": 0.9976395842403135, "accuracy": 0.9961880559085133, "f1_score": 0.9960806928247524, "cohen_kappa": 0.9236704563823482, "mcc": 0.9253025058143443, "data_info": {"train_count": 9442, "test_count": 2361, "actives_count": 319, "decoys_count": 11484}}}