{"xgb": {"protein_name": "prostacyclin_receptor", "uniprot_id": "P43119", "roc_auc": 0.9959514170040487, "accuracy": 0.9794520547945206, "f1_score": 0.9782265510316595, "cohen_kappa": 0.8586184635248547, "mcc": 0.8673306425112133, "data_info": {"train_count": 580, "test_count": 146, "actives_count": 66, "decoys_count": 660}}, "rf": {"protein_name": "prostacyclin_receptor", "uniprot_id": "P43119", "roc_auc": 0.9994216310005783, "accuracy": 0.9931506849315068, "f1_score": 0.9930265250628495, "cohen_kappa": 0.9562612342720191, "mcc": 0.9571772507339578, "data_info": {"train_count": 580, "test_count": 146, "actives_count": 66, "decoys_count": 660}}, "svc": {"protein_name": "prostacyclin_receptor", "uniprot_id": "P43119", "roc_auc": 0.9369577790630422, "accuracy": 0.9863013698630136, "f1_score": 0.9863013698630136, "cohen_kappa": 0.9155581260844419, "mcc": 0.9155581260844419, "data_info": {"train_count": 580, "test_count": 146, "actives_count": 66, "decoys_count": 660}}, "ann": {"protein_name": "prostacyclin_receptor", "uniprot_id": "P43119", "roc_auc": 0.9618276460381724, "accuracy": 0.9931506849315068, "f1_score": 0.9930265250628495, "cohen_kappa": 0.9562612342720191, "mcc": 0.9571772507339578, "data_info": {"train_count": 580, "test_count": 146, "actives_count": 66, "decoys_count": 660}}}