{"xgb": {"protein_name": "prostaglandin_e2_receptor_ep3_subtype", "uniprot_id": "P43115", "roc_auc": 0.9999797365754813, "accuracy": 0.9961290322580645, "f1_score": 0.9960907587071579, "cohen_kappa": 0.975980164264683, "mcc": 0.9762618332548999, "data_info": {"train_count": 3097, "test_count": 775, "actives_count": 352, "decoys_count": 3520}}, "rf": {"protein_name": "prostaglandin_e2_receptor_ep3_subtype", "uniprot_id": "P43115", "roc_auc": 0.9999797365754813, "accuracy": 0.9961290322580645, "f1_score": 0.9960907587071579, "cohen_kappa": 0.975980164264683, "mcc": 0.9762618332548999, "data_info": {"train_count": 3097, "test_count": 775, "actives_count": 352, "decoys_count": 3520}}, "svc": {"protein_name": "prostaglandin_e2_receptor_ep3_subtype", "uniprot_id": "P43115", "roc_auc": 0.9995339412360689, "accuracy": 0.9961290322580645, "f1_score": 0.9960907587071579, "cohen_kappa": 0.975980164264683, "mcc": 0.9762618332548999, "data_info": {"train_count": 3097, "test_count": 775, "actives_count": 352, "decoys_count": 3520}}, "ann": {"protein_name": "prostaglandin_e2_receptor_ep3_subtype", "uniprot_id": "P43115", "roc_auc": 0.9997973657548126, "accuracy": 0.9948387096774194, "f1_score": 0.9948387096774194, "cohen_kappa": 0.9685916919959473, "mcc": 0.9685916919959473, "data_info": {"train_count": 3097, "test_count": 775, "actives_count": 352, "decoys_count": 3520}}}