{"xgb": {"protein_name": "prostaglandin_e2_receptor_ep2_subtype", "uniprot_id": "P43116", "roc_auc": 0.9962121212121212, "accuracy": 0.9862385321100917, "f1_score": 0.9857323696048949, "cohen_kappa": 0.9114541023558083, "mcc": 0.9150483226779998, "data_info": {"train_count": 871, "test_count": 218, "actives_count": 99, "decoys_count": 990}}, "rf": {"protein_name": "prostaglandin_e2_receptor_ep2_subtype", "uniprot_id": "P43116", "roc_auc": 0.9967171717171717, "accuracy": 0.981651376146789, "f1_score": 0.98072375127421, "cohen_kappa": 0.8790233074361821, "mcc": 0.8855271965567089, "data_info": {"train_count": 871, "test_count": 218, "actives_count": 99, "decoys_count": 990}}, "svc": {"protein_name": "prostaglandin_e2_receptor_ep2_subtype", "uniprot_id": "P43116", "roc_auc": 0.9931818181818182, "accuracy": 0.981651376146789, "f1_score": 0.9820416780319916, "cohen_kappa": 0.8946350894151764, "mcc": 0.8958791831930977, "data_info": {"train_count": 871, "test_count": 218, "actives_count": 99, "decoys_count": 990}}, "ann": {"protein_name": "prostaglandin_e2_receptor_ep2_subtype", "uniprot_id": "P43116", "roc_auc": 0.9964646464646465, "accuracy": 0.981651376146789, "f1_score": 0.9820416780319916, "cohen_kappa": 0.8946350894151764, "mcc": 0.8958791831930977, "data_info": {"train_count": 871, "test_count": 218, "actives_count": 99, "decoys_count": 990}}}