{"xgb": {"protein_name": "cathepsin_k", "uniprot_id": "P43235", "roc_auc": 0.998201461954497, "accuracy": 0.980884109916368, "f1_score": 0.980884109916368, "cohen_kappa": 0.956989247311828, "mcc": 0.956989247311828, "data_info": {"train_count": 3348, "test_count": 837, "actives_count": 1395, "decoys_count": 2790}}, "rf": {"protein_name": "cathepsin_k", "uniprot_id": "P43235", "roc_auc": 0.9963836538585064, "accuracy": 0.982078853046595, "f1_score": 0.9819861177123262, "cohen_kappa": 0.9592760180995475, "mcc": 0.9597040809468947, "data_info": {"train_count": 3348, "test_count": 837, "actives_count": 1395, "decoys_count": 2790}}, "svc": {"protein_name": "cathepsin_k", "uniprot_id": "P43235", "roc_auc": 0.9915340244858108, "accuracy": 0.9581839904420549, "f1_score": 0.9584464702087424, "cohen_kappa": 0.9071618037135278, "mcc": 0.9078807072018961, "data_info": {"train_count": 3348, "test_count": 837, "actives_count": 1395, "decoys_count": 2790}}, "ann": {"protein_name": "cathepsin_k", "uniprot_id": "P43235", "roc_auc": 0.9956256985393301, "accuracy": 0.982078853046595, "f1_score": 0.9820544404994808, "cohen_kappa": 0.9595687331536388, "mcc": 0.959600106589396, "data_info": {"train_count": 3348, "test_count": 837, "actives_count": 1395, "decoys_count": 2790}}}