{"xgb": {"protein_name": "nicotinamide_phosphoribosyltransferase", "uniprot_id": "P43490", "roc_auc": 0.9796451872374652, "accuracy": 0.9850340136054422, "f1_score": 0.9844259111651614, "cohen_kappa": 0.902474035295111, "mcc": 0.9067967527639276, "data_info": {"train_count": 2939, "test_count": 735, "actives_count": 334, "decoys_count": 3340}}, "rf": {"protein_name": "nicotinamide_phosphoribosyltransferase", "uniprot_id": "P43490", "roc_auc": 0.9803713468585217, "accuracy": 0.9809523809523809, "f1_score": 0.9799400352733686, "cohen_kappa": 0.8731164763619325, "mcc": 0.8802308335343834, "data_info": {"train_count": 2939, "test_count": 735, "actives_count": 334, "decoys_count": 3340}}, "svc": {"protein_name": "nicotinamide_phosphoribosyltransferase", "uniprot_id": "P43490", "roc_auc": 0.9661274465993386, "accuracy": 0.9659863945578231, "f1_score": 0.9669414089696144, "cohen_kappa": 0.806417968626542, "mcc": 0.8083833676045946, "data_info": {"train_count": 2939, "test_count": 735, "actives_count": 334, "decoys_count": 3340}}, "mlp": {"protein_name": "nicotinamide_phosphoribosyltransferase", "uniprot_id": "P43490", "roc_auc": 0.9854544642059165, "accuracy": 0.9836734693877551, "f1_score": 0.9830757898711419, "cohen_kappa": 0.8943737874541927, "mcc": 0.8978587862343291, "data_info": {"train_count": 2939, "test_count": 735, "actives_count": 334, "decoys_count": 3340}}}