{"xgb": {"protein_name": "neuronal_acetylcholine_receptor_subunit_alpha_4", "uniprot_id": "P43681", "roc_auc": 0.9861538461538462, "accuracy": 0.9859943977591037, "f1_score": 0.9858939991767317, "cohen_kappa": 0.9129565514214658, "mcc": 0.913094924311199, "data_info": {"train_count": 1425, "test_count": 357, "actives_count": 162, "decoys_count": 1620}}, "rf": {"protein_name": "neuronal_acetylcholine_receptor_subunit_alpha_4", "uniprot_id": "P43681", "roc_auc": 0.9712500000000001, "accuracy": 0.9915966386554622, "f1_score": 0.9915363995060389, "cohen_kappa": 0.9477739308528795, "mcc": 0.9479175808627531, "data_info": {"train_count": 1425, "test_count": 357, "actives_count": 162, "decoys_count": 1620}}, "svc": {"protein_name": "neuronal_acetylcholine_receptor_subunit_alpha_4", "uniprot_id": "P43681", "roc_auc": 0.9636538461538462, "accuracy": 0.9775910364145658, "f1_score": 0.9784470309863077, "cohen_kappa": 0.8733930312971008, "mcc": 0.8773573315710986, "data_info": {"train_count": 1425, "test_count": 357, "actives_count": 162, "decoys_count": 1620}}, "mlp": {"protein_name": "neuronal_acetylcholine_receptor_subunit_alpha_4", "uniprot_id": "P43681", "roc_auc": 0.9754807692307692, "accuracy": 0.9915966386554622, "f1_score": 0.9915363995060389, "cohen_kappa": 0.9477739308528795, "mcc": 0.9479175808627531, "data_info": {"train_count": 1425, "test_count": 357, "actives_count": 162, "decoys_count": 1620}}}