{"xgb": {"protein_name": "mitogen_activated_protein_kinase_9", "uniprot_id": "P45984", "roc_auc": 0.9765625, "accuracy": 0.9602272727272727, "f1_score": 0.955084792882958, "cohen_kappa": 0.7003891050583657, "mcc": 0.7341131763485946, "data_info": {"train_count": 704, "test_count": 176, "actives_count": 80, "decoys_count": 800}}, "rf": {"protein_name": "mitogen_activated_protein_kinase_9", "uniprot_id": "P45984", "roc_auc": 0.9810546875, "accuracy": 0.9659090909090909, "f1_score": 0.9622892444978336, "cohen_kappa": 0.7518796992481203, "mcc": 0.7761505257063329, "data_info": {"train_count": 704, "test_count": 176, "actives_count": 80, "decoys_count": 800}}, "svc": {"protein_name": "mitogen_activated_protein_kinase_9", "uniprot_id": "P45984", "roc_auc": 0.992578125, "accuracy": 0.9659090909090909, "f1_score": 0.9659090909090909, "cohen_kappa": 0.79375, "mcc": 0.79375, "data_info": {"train_count": 704, "test_count": 176, "actives_count": 80, "decoys_count": 800}}, "mlp": {"protein_name": "mitogen_activated_protein_kinase_9", "uniprot_id": "P45984", "roc_auc": 0.9699218749999999, "accuracy": 0.9715909090909091, "f1_score": 0.9719768215066021, "cohen_kappa": 0.8328267477203648, "mcc": 0.833292636816117, "data_info": {"train_count": 704, "test_count": 176, "actives_count": 80, "decoys_count": 800}}}