{"xgb": {"protein_name": "cytosolic_phospholipase_a2", "uniprot_id": "P47712", "roc_auc": 0.9990234375, "accuracy": 0.9895833333333334, "f1_score": 0.989541036052664, "cohen_kappa": 0.9763779527559056, "mcc": 0.9766504768063926, "data_info": {"train_count": 384, "test_count": 96, "actives_count": 160, "decoys_count": 320}}, "rf": {"protein_name": "cytosolic_phospholipase_a2", "uniprot_id": "P47712", "roc_auc": 1.0, "accuracy": 0.9895833333333334, "f1_score": 0.989541036052664, "cohen_kappa": 0.9763779527559056, "mcc": 0.9766504768063926, "data_info": {"train_count": 384, "test_count": 96, "actives_count": 160, "decoys_count": 320}}, "svc": {"protein_name": "cytosolic_phospholipase_a2", "uniprot_id": "P47712", "roc_auc": 1.0, "accuracy": 1.0, "f1_score": 1.0, "cohen_kappa": 1.0, "mcc": 1.0, "data_info": {"train_count": 384, "test_count": 96, "actives_count": 160, "decoys_count": 320}}, "ann": {"protein_name": "cytosolic_phospholipase_a2", "uniprot_id": "P47712", "roc_auc": 0.98681640625, "accuracy": 0.9583333333333334, "f1_score": 0.9583333333333334, "cohen_kappa": 0.90625, "mcc": 0.90625, "data_info": {"train_count": 384, "test_count": 96, "actives_count": 160, "decoys_count": 320}}}