{"xgb": {"protein_name": "gamma_aminobutyric_acid_receptor_subunit_beta_2", "uniprot_id": "P47870", "roc_auc": 0.9809523809523809, "accuracy": 0.9390243902439024, "f1_score": 0.9230701984439199, "cohen_kappa": 0.4225352112676056, "mcc": 0.5175491695067657, "data_info": {"train_count": 325, "test_count": 82, "actives_count": 37, "decoys_count": 370}}, "rf": {"protein_name": "gamma_aminobutyric_acid_receptor_subunit_beta_2", "uniprot_id": "P47870", "roc_auc": 1.0, "accuracy": 1.0, "f1_score": 1.0, "cohen_kappa": 1.0, "mcc": 1.0, "data_info": {"train_count": 325, "test_count": 82, "actives_count": 37, "decoys_count": 370}}, "svc": {"protein_name": "gamma_aminobutyric_acid_receptor_subunit_beta_2", "uniprot_id": "P47870", "roc_auc": 0.9866666666666666, "accuracy": 0.9390243902439024, "f1_score": 0.9437823910051825, "cohen_kappa": 0.6730462519936204, "mcc": 0.686383051307135, "data_info": {"train_count": 325, "test_count": 82, "actives_count": 37, "decoys_count": 370}}, "mlp": {"protein_name": "gamma_aminobutyric_acid_receptor_subunit_beta_2", "uniprot_id": "P47870", "roc_auc": 0.9942857142857143, "accuracy": 0.9634146341463414, "f1_score": 0.9587844006782315, "cohen_kappa": 0.7092198581560283, "mcc": 0.7412493166611012, "data_info": {"train_count": 325, "test_count": 82, "actives_count": 37, "decoys_count": 370}}}