{"xgb": {"protein_name": "p2y_purinoceptor_1", "uniprot_id": "P47900", "roc_auc": 0.9999999999999999, "accuracy": 0.9977064220183486, "f1_score": 0.9976933518419722, "cohen_kappa": 0.9860809602860426, "mcc": 0.9861764956662341, "data_info": {"train_count": 1742, "test_count": 436, "actives_count": 198, "decoys_count": 1980}}, "rf": {"protein_name": "p2y_purinoceptor_1", "uniprot_id": "P47900", "roc_auc": 1.0, "accuracy": 1.0, "f1_score": 1.0, "cohen_kappa": 1.0, "mcc": 1.0, "data_info": {"train_count": 1742, "test_count": 436, "actives_count": 198, "decoys_count": 1980}}, "svc": {"protein_name": "p2y_purinoceptor_1", "uniprot_id": "P47900", "roc_auc": 0.9974747474747475, "accuracy": 0.9977064220183486, "f1_score": 0.9977191301106758, "cohen_kappa": 0.9863903109002372, "mcc": 0.9864816749931621, "data_info": {"train_count": 1742, "test_count": 436, "actives_count": 198, "decoys_count": 1980}}, "ann": {"protein_name": "p2y_purinoceptor_1", "uniprot_id": "P47900", "roc_auc": 0.9974747474747475, "accuracy": 0.9977064220183486, "f1_score": 0.9977191301106758, "cohen_kappa": 0.9863903109002372, "mcc": 0.9864816749931621, "data_info": {"train_count": 1742, "test_count": 436, "actives_count": 198, "decoys_count": 1980}}}