{"xgb": {"protein_name": "melatonin_receptor_type_1a", "uniprot_id": "P48039", "roc_auc": 0.9992809914904973, "accuracy": 0.9913995308835027, "f1_score": 0.9912057327868251, "cohen_kappa": 0.9455321158812074, "mcc": 0.9469378233346802, "data_info": {"train_count": 5112, "test_count": 1279, "actives_count": 581, "decoys_count": 5810}}, "rf": {"protein_name": "melatonin_receptor_type_1a", "uniprot_id": "P48039", "roc_auc": 0.9994811278797403, "accuracy": 0.9913995308835027, "f1_score": 0.9912057327868251, "cohen_kappa": 0.9455321158812074, "mcc": 0.9469378233346802, "data_info": {"train_count": 5112, "test_count": 1279, "actives_count": 581, "decoys_count": 5810}}, "svc": {"protein_name": "melatonin_receptor_type_1a", "uniprot_id": "P48039", "roc_auc": 0.99939217837341, "accuracy": 0.9906176700547302, "f1_score": 0.9907238023947007, "cohen_kappa": 0.9444110424559395, "mcc": 0.9447760483255228, "data_info": {"train_count": 5112, "test_count": 1279, "actives_count": 581, "decoys_count": 5810}}, "mlp": {"protein_name": "melatonin_receptor_type_1a", "uniprot_id": "P48039", "roc_auc": 0.9988362439588461, "accuracy": 0.9921813917122753, "f1_score": 0.9922982098602613, "cohen_kappa": 0.9540245585782481, "mcc": 0.9546705135645266, "data_info": {"train_count": 5112, "test_count": 1279, "actives_count": 581, "decoys_count": 5810}}}