{"xgb": {"protein_name": "prolyl_endopeptidase", "uniprot_id": "P48147", "roc_auc": 0.9968750000000001, "accuracy": 0.9886363636363636, "f1_score": 0.988292866553736, "cohen_kappa": 0.9271523178807947, "mcc": 0.9296222517045284, "data_info": {"train_count": 1408, "test_count": 352, "actives_count": 160, "decoys_count": 1600}}, "rf": {"protein_name": "prolyl_endopeptidase", "uniprot_id": "P48147", "roc_auc": 0.99951171875, "accuracy": 0.9914772727272727, "f1_score": 0.9912875794118943, "cohen_kappa": 0.9461663947797716, "mcc": 0.9475404040659487, "data_info": {"train_count": 1408, "test_count": 352, "actives_count": 160, "decoys_count": 1600}}, "svc": {"protein_name": "prolyl_endopeptidase", "uniprot_id": "P48147", "roc_auc": 0.999609375, "accuracy": 0.9943181818181818, "f1_score": 0.9943181818181818, "cohen_kappa": 0.965625, "mcc": 0.965625, "data_info": {"train_count": 1408, "test_count": 352, "actives_count": 160, "decoys_count": 1600}}, "ann": {"protein_name": "prolyl_endopeptidase", "uniprot_id": "P48147", "roc_auc": 0.9961914062499999, "accuracy": 0.9857954545454546, "f1_score": 0.9858936056119156, "cohen_kappa": 0.9152542372881356, "mcc": 0.915385729888094, "data_info": {"train_count": 1408, "test_count": 352, "actives_count": 160, "decoys_count": 1600}}}