{"xgb": {"protein_name": "lanosterol_synthase", "uniprot_id": "P48449", "roc_auc": 0.9951599326599326, "accuracy": 0.9747899159663865, "f1_score": 0.973645054352016, "cohen_kappa": 0.8363886342804766, "mcc": 0.8414088109822627, "data_info": {"train_count": 950, "test_count": 238, "actives_count": 108, "decoys_count": 1080}}, "rf": {"protein_name": "lanosterol_synthase", "uniprot_id": "P48449", "roc_auc": 0.9952651515151515, "accuracy": 0.9873949579831933, "f1_score": 0.9869772635715346, "cohen_kappa": 0.9199731002017485, "mcc": 0.9229332199666763, "data_info": {"train_count": 950, "test_count": 238, "actives_count": 108, "decoys_count": 1080}}, "svc": {"protein_name": "lanosterol_synthase", "uniprot_id": "P48449", "roc_auc": 0.9949494949494949, "accuracy": 0.9831932773109243, "f1_score": 0.9835195554460409, "cohen_kappa": 0.9037606146380914, "mcc": 0.9048087662711901, "data_info": {"train_count": 950, "test_count": 238, "actives_count": 108, "decoys_count": 1080}}, "ann": {"protein_name": "lanosterol_synthase", "uniprot_id": "P48449", "roc_auc": 0.974537037037037, "accuracy": 0.9747899159663865, "f1_score": 0.9757225320034556, "cohen_kappa": 0.8610894941634242, "mcc": 0.8648057910662357, "data_info": {"train_count": 950, "test_count": 238, "actives_count": 108, "decoys_count": 1080}}}