{"xgb": {"protein_name": "cyclin_dependent_kinase_8", "uniprot_id": "P49336", "roc_auc": 0.999519415609381, "accuracy": 0.9761526232114467, "f1_score": 0.9668835395864833, "cohen_kappa": 0.2060085836909873, "mcc": 0.33886949683494305, "data_info": {"train_count": 2516, "test_count": 629, "actives_count": 85, "decoys_count": 3060}}, "rf": {"protein_name": "cyclin_dependent_kinase_8", "uniprot_id": "P49336", "roc_auc": 0.9999999999999999, "accuracy": 1.0, "f1_score": 1.0, "cohen_kappa": 1.0, "mcc": 1.0, "data_info": {"train_count": 2516, "test_count": 629, "actives_count": 85, "decoys_count": 3060}}, "svc": {"protein_name": "cyclin_dependent_kinase_8", "uniprot_id": "P49336", "roc_auc": 1.0, "accuracy": 0.9984101748807631, "f1_score": 0.9984322366987944, "cohen_kappa": 0.9706115965051628, "mcc": 0.9710310162749185, "data_info": {"train_count": 2516, "test_count": 629, "actives_count": 85, "decoys_count": 3060}}, "mlp": {"protein_name": "cyclin_dependent_kinase_8", "uniprot_id": "P49336", "roc_auc": 0.9992310649750096, "accuracy": 0.9936406995230525, "f1_score": 0.9939649744654059, "cohen_kappa": 0.8914956011730205, "mcc": 0.8967902788460657, "data_info": {"train_count": 2516, "test_count": 629, "actives_count": 85, "decoys_count": 3060}}}