{"xgb": {"protein_name": "dual_specificity_protein_kinase_clk1", "uniprot_id": "P49759", "roc_auc": 1.0, "accuracy": 0.9883720930232558, "f1_score": 0.9880215276749125, "cohen_kappa": 0.9269949066213922, "mcc": 0.9294751479372171, "data_info": {"train_count": 343, "test_count": 86, "actives_count": 39, "decoys_count": 390}}, "rf": {"protein_name": "dual_specificity_protein_kinase_clk1", "uniprot_id": "P49759", "roc_auc": 1.0, "accuracy": 0.9883720930232558, "f1_score": 0.9880215276749125, "cohen_kappa": 0.9269949066213922, "mcc": 0.9294751479372171, "data_info": {"train_count": 343, "test_count": 86, "actives_count": 39, "decoys_count": 390}}, "svc": {"protein_name": "dual_specificity_protein_kinase_clk1", "uniprot_id": "P49759", "roc_auc": 0.9230769230769231, "accuracy": 0.9651162790697675, "f1_score": 0.9660297427298001, "cohen_kappa": 0.8042488619119879, "mcc": 0.805966438247834, "data_info": {"train_count": 343, "test_count": 86, "actives_count": 39, "decoys_count": 390}}, "ann": {"protein_name": "dual_specificity_protein_kinase_clk1", "uniprot_id": "P49759", "roc_auc": 0.9599358974358974, "accuracy": 0.9418604651162791, "f1_score": 0.9458804329565363, "cohen_kappa": 0.7050754458161865, "mcc": 0.7163806552394077, "data_info": {"train_count": 343, "test_count": 86, "actives_count": 39, "decoys_count": 390}}}