{"xgb": {"protein_name": "proteasome_subunit_beta_type_2", "uniprot_id": "P49721", "roc_auc": 0.9894179894179894, "accuracy": 0.9420289855072463, "f1_score": 0.928428093645485, "cohen_kappa": 0.4772727272727273, "mcc": 0.5598507263734642, "data_info": {"train_count": 272, "test_count": 69, "actives_count": 31, "decoys_count": 310}}, "rf": {"protein_name": "proteasome_subunit_beta_type_2", "uniprot_id": "P49721", "roc_auc": 1.0, "accuracy": 0.9710144927536232, "f1_score": 0.9683423913043477, "cohen_kappa": 0.7850467289719626, "mcc": 0.8038369524685003, "data_info": {"train_count": 272, "test_count": 69, "actives_count": 31, "decoys_count": 310}}, "svc": {"protein_name": "proteasome_subunit_beta_type_2", "uniprot_id": "P49721", "roc_auc": 1.0, "accuracy": 0.9855072463768116, "f1_score": 0.9849055429336154, "cohen_kappa": 0.9012875536480687, "mcc": 0.90571104663684, "data_info": {"train_count": 272, "test_count": 69, "actives_count": 31, "decoys_count": 310}}, "ann": {"protein_name": "proteasome_subunit_beta_type_2", "uniprot_id": "P49721", "roc_auc": 1.0, "accuracy": 1.0, "f1_score": 1.0, "cohen_kappa": 1.0, "mcc": 1.0, "data_info": {"train_count": 272, "test_count": 69, "actives_count": 31, "decoys_count": 310}}}