{"xgb": {"protein_name": "regulator_of_g_protein_signaling_4", "uniprot_id": "P49798", "roc_auc": 1.0, "accuracy": 0.9883720930232558, "f1_score": 0.9880215276749125, "cohen_kappa": 0.9269949066213922, "mcc": 0.9294751479372171, "data_info": {"train_count": 343, "test_count": 86, "actives_count": 39, "decoys_count": 390}}, "rf": {"protein_name": "regulator_of_g_protein_signaling_4", "uniprot_id": "P49798", "roc_auc": 1.0, "accuracy": 1.0, "f1_score": 1.0, "cohen_kappa": 1.0, "mcc": 1.0, "data_info": {"train_count": 343, "test_count": 86, "actives_count": 39, "decoys_count": 390}}, "svc": {"protein_name": "regulator_of_g_protein_signaling_4", "uniprot_id": "P49798", "roc_auc": 1.0, "accuracy": 0.9883720930232558, "f1_score": 0.9886765809099334, "cohen_kappa": 0.9347496206373292, "mcc": 0.936745898038992, "data_info": {"train_count": 343, "test_count": 86, "actives_count": 39, "decoys_count": 390}}, "ann": {"protein_name": "regulator_of_g_protein_signaling_4", "uniprot_id": "P49798", "roc_auc": 1.0, "accuracy": 0.9883720930232558, "f1_score": 0.9880215276749125, "cohen_kappa": 0.9269949066213922, "mcc": 0.9294751479372171, "data_info": {"train_count": 343, "test_count": 86, "actives_count": 39, "decoys_count": 390}}}