{"xgb": {"protein_name": "matrix_metalloproteinase_14", "uniprot_id": "P50281", "roc_auc": 0.999323953183758, "accuracy": 0.9920529801324504, "f1_score": 0.9918896672489076, "cohen_kappa": 0.9502011740650352, "mcc": 0.9513815829154098, "data_info": {"train_count": 3018, "test_count": 755, "actives_count": 343, "decoys_count": 3430}}, "rf": {"protein_name": "matrix_metalloproteinase_14", "uniprot_id": "P50281", "roc_auc": 0.9998732412219546, "accuracy": 0.9960264900662251, "f1_score": 0.9959866746939595, "cohen_kappa": 0.9755971427647953, "mcc": 0.9758877563431025, "data_info": {"train_count": 3018, "test_count": 755, "actives_count": 343, "decoys_count": 3430}}, "svc": {"protein_name": "matrix_metalloproteinase_14", "uniprot_id": "P50281", "roc_auc": 0.9996619765918789, "accuracy": 0.9947019867549669, "f1_score": 0.9947019867549669, "cohen_kappa": 0.9680990408585795, "mcc": 0.9680990408585795, "data_info": {"train_count": 3018, "test_count": 755, "actives_count": 343, "decoys_count": 3430}}, "ann": {"protein_name": "matrix_metalloproteinase_14", "uniprot_id": "P50281", "roc_auc": 0.9961338572696159, "accuracy": 0.9894039735099338, "f1_score": 0.9891862229985432, "cohen_kappa": 0.933601565420047, "mcc": 0.9347613530320016, "data_info": {"train_count": 3018, "test_count": 755, "actives_count": 343, "decoys_count": 3430}}}