{"xgb": {"protein_name": "protoporphyrinogen_oxidase", "uniprot_id": "P50336", "roc_auc": 0.9454545454545455, "accuracy": 0.9629629629629629, "f1_score": 0.9613168724279836, "cohen_kappa": 0.8669950738916257, "mcc": 0.8747670497362986, "data_info": {"train_count": 105, "test_count": 27, "actives_count": 22, "decoys_count": 110}}, "rf": {"protein_name": "protoporphyrinogen_oxidase", "uniprot_id": "P50336", "roc_auc": 1.0, "accuracy": 0.9629629629629629, "f1_score": 0.9613168724279836, "cohen_kappa": 0.8669950738916257, "mcc": 0.8747670497362986, "data_info": {"train_count": 105, "test_count": 27, "actives_count": 22, "decoys_count": 110}}, "svc": {"protein_name": "protoporphyrinogen_oxidase", "uniprot_id": "P50336", "roc_auc": 0.9818181818181818, "accuracy": 0.9629629629629629, "f1_score": 0.9613168724279836, "cohen_kappa": 0.8669950738916257, "mcc": 0.8747670497362986, "data_info": {"train_count": 105, "test_count": 27, "actives_count": 22, "decoys_count": 110}}, "ann": {"protein_name": "protoporphyrinogen_oxidase", "uniprot_id": "P50336", "roc_auc": 1.0, "accuracy": 0.9629629629629629, "f1_score": 0.9613168724279836, "cohen_kappa": 0.8669950738916257, "mcc": 0.8747670497362986, "data_info": {"train_count": 105, "test_count": 27, "actives_count": 22, "decoys_count": 110}}}