{"xgb": {"protein_name": "dual_specificity_protein_phosphatase_3", "uniprot_id": "P51452", "roc_auc": 0.5509868421052632, "accuracy": 0.9743589743589743, "f1_score": 0.9617049617049614, "cohen_kappa": 0.0, "mcc": 0.0, "data_info": {"train_count": 621, "test_count": 156, "actives_count": 21, "decoys_count": 756}}, "rf": {"protein_name": "dual_specificity_protein_phosphatase_3", "uniprot_id": "P51452", "roc_auc": 0.7458881578947368, "accuracy": 0.9807692307692307, "f1_score": 0.9750939614131797, "cohen_kappa": 0.3937823834196892, "mcc": 0.49513764785419073, "data_info": {"train_count": 621, "test_count": 156, "actives_count": 21, "decoys_count": 756}}, "svc": {"protein_name": "dual_specificity_protein_phosphatase_3", "uniprot_id": "P51452", "roc_auc": 0.6825657894736843, "accuracy": 0.9487179487179487, "f1_score": 0.9536763457293259, "cohen_kappa": 0.17460317460317454, "mcc": 0.17844356324383878, "data_info": {"train_count": 621, "test_count": 156, "actives_count": 21, "decoys_count": 756}}, "mlp": {"protein_name": "dual_specificity_protein_phosphatase_3", "uniprot_id": "P51452", "roc_auc": 0.4638157894736842, "accuracy": 0.9743589743589743, "f1_score": 0.9617049617049614, "cohen_kappa": 0.0, "mcc": 0.0, "data_info": {"train_count": 621, "test_count": 156, "actives_count": 21, "decoys_count": 756}}}