{"xgb": {"protein_name": "nuclear_receptor_ror_gamma", "uniprot_id": "P51449", "roc_auc": 0.9891576313594662, "accuracy": 0.9512195121951219, "f1_score": 0.9512195121951219, "cohen_kappa": 0.8905754795663052, "mcc": 0.8905754795663052, "data_info": {"train_count": 655, "test_count": 164, "actives_count": 273, "decoys_count": 546}}, "rf": {"protein_name": "nuclear_receptor_ror_gamma", "uniprot_id": "P51449", "roc_auc": 0.9811509591326105, "accuracy": 0.9573170731707317, "f1_score": 0.9567793211564402, "cohen_kappa": 0.9020477815699659, "mcc": 0.9042637832912356, "data_info": {"train_count": 655, "test_count": 164, "actives_count": 273, "decoys_count": 546}}, "svc": {"protein_name": "nuclear_receptor_ror_gamma", "uniprot_id": "P51449", "roc_auc": 0.9781484570475396, "accuracy": 0.926829268292683, "f1_score": 0.9276861799197041, "cohen_kappa": 0.8401819067727789, "mcc": 0.8428772943077139, "data_info": {"train_count": 655, "test_count": 164, "actives_count": 273, "decoys_count": 546}}, "mlp": {"protein_name": "nuclear_receptor_ror_gamma", "uniprot_id": "P51449", "roc_auc": 0.9432860717264386, "accuracy": 0.8902439024390244, "f1_score": 0.8918738557845626, "cohen_kappa": 0.7623571083561423, "mcc": 0.7666452125714391, "data_info": {"train_count": 655, "test_count": 164, "actives_count": 273, "decoys_count": 546}}}