{"xgb": {"protein_name": "c_c_chemokine_receptor_type_8", "uniprot_id": "P51685", "roc_auc": 1.0, "accuracy": 0.9711538461538461, "f1_score": 0.9684934236747709, "cohen_kappa": 0.7851239669421487, "mcc": 0.8039020483873396, "data_info": {"train_count": 413, "test_count": 104, "actives_count": 47, "decoys_count": 470}}, "rf": {"protein_name": "c_c_chemokine_receptor_type_8", "uniprot_id": "P51685", "roc_auc": 1.0, "accuracy": 0.9807692307692307, "f1_score": 0.9796674679487178, "cohen_kappa": 0.8647594278283486, "mcc": 0.8727778197031962, "data_info": {"train_count": 413, "test_count": 104, "actives_count": 47, "decoys_count": 470}}, "svc": {"protein_name": "c_c_chemokine_receptor_type_8", "uniprot_id": "P51685", "roc_auc": 1.0, "accuracy": 1.0, "f1_score": 1.0, "cohen_kappa": 1.0, "mcc": 1.0, "data_info": {"train_count": 413, "test_count": 104, "actives_count": 47, "decoys_count": 470}}, "ann": {"protein_name": "c_c_chemokine_receptor_type_8", "uniprot_id": "P51685", "roc_auc": 0.9976608187134504, "accuracy": 0.9807692307692307, "f1_score": 0.9816284779050737, "cohen_kappa": 0.8894792773645058, "mcc": 0.8949619756163069, "data_info": {"train_count": 413, "test_count": 104, "actives_count": 47, "decoys_count": 470}}}