{"xgb": {"protein_name": "c_c_chemokine_receptor_type_3", "uniprot_id": "P51677", "roc_auc": 0.9990602018999585, "accuracy": 0.9965994105644979, "f1_score": 0.9965037424239831, "cohen_kappa": 0.9315945151548674, "mcc": 0.9332359725625214, "data_info": {"train_count": 17641, "test_count": 4411, "actives_count": 596, "decoys_count": 21456}}, "rf": {"protein_name": "c_c_chemokine_receptor_type_3", "uniprot_id": "P51677", "roc_auc": 0.9999236414043716, "accuracy": 0.9979596463386987, "f1_score": 0.9979206205494005, "cohen_kappa": 0.9596529866180729, "mcc": 0.9604350422344156, "data_info": {"train_count": 17641, "test_count": 4411, "actives_count": 596, "decoys_count": 21456}}, "svc": {"protein_name": "c_c_chemokine_receptor_type_3", "uniprot_id": "P51677", "roc_auc": 0.9995555538151887, "accuracy": 0.9968261165268647, "f1_score": 0.996864029676112, "cohen_kappa": 0.94099188368462, "mcc": 0.9412929306038256, "data_info": {"train_count": 17641, "test_count": 4411, "actives_count": 596, "decoys_count": 21456}}, "ann": {"protein_name": "c_c_chemokine_receptor_type_3", "uniprot_id": "P51677", "roc_auc": 0.9995261851245625, "accuracy": 0.9970528224892314, "f1_score": 0.9969833010239006, "cohen_kappa": 0.9412224154949861, "mcc": 0.9423886637447451, "data_info": {"train_count": 17641, "test_count": 4411, "actives_count": 596, "decoys_count": 21456}}}