{"xgb": {"protein_name": "c_c_chemokine_receptor_type_5", "uniprot_id": "P51681", "roc_auc": 0.9959530655173088, "accuracy": 0.996551724137931, "f1_score": 0.9965284197598072, "cohen_kappa": 0.9788349776996892, "mcc": 0.978967630457549, "data_info": {"train_count": 10436, "test_count": 2610, "actives_count": 1186, "decoys_count": 11860}}, "rf": {"protein_name": "c_c_chemokine_receptor_type_5", "uniprot_id": "P51681", "roc_auc": 0.9978013908225626, "accuracy": 0.9977011494252873, "f1_score": 0.9976923350195003, "cohen_kappa": 0.9859709852023457, "mcc": 0.9860141107338384, "data_info": {"train_count": 10436, "test_count": 2610, "actives_count": 1186, "decoys_count": 11860}}, "svc": {"protein_name": "c_c_chemokine_receptor_type_5", "uniprot_id": "P51681", "roc_auc": 0.9967905462472506, "accuracy": 0.9954022988505747, "f1_score": 0.9954365724924672, "cohen_kappa": 0.9725717888763366, "mcc": 0.9727344235137753, "data_info": {"train_count": 10436, "test_count": 2610, "actives_count": 1186, "decoys_count": 11860}}, "mlp": {"protein_name": "c_c_chemokine_receptor_type_5", "uniprot_id": "P51681", "roc_auc": 0.9962108886719618, "accuracy": 0.9973180076628353, "f1_score": 0.9973205482001941, "cohen_kappa": 0.9837879279960389, "mcc": 0.9837905664784802, "data_info": {"train_count": 10436, "test_count": 2610, "actives_count": 1186, "decoys_count": 11860}}}