{"xgb": {"protein_name": "c_c_chemokine_receptor_type_8", "uniprot_id": "P51685", "roc_auc": 0.9993444772205835, "accuracy": 0.9741379310344828, "f1_score": 0.9613762987501884, "cohen_kappa": 0.0, "mcc": 0.0, "data_info": {"train_count": 1391, "test_count": 348, "actives_count": 47, "decoys_count": 1692}}, "rf": {"protein_name": "c_c_chemokine_receptor_type_8", "uniprot_id": "P51685", "roc_auc": 1.0, "accuracy": 1.0, "f1_score": 1.0, "cohen_kappa": 1.0, "mcc": 1.0, "data_info": {"train_count": 1391, "test_count": 348, "actives_count": 47, "decoys_count": 1692}}, "svc": {"protein_name": "c_c_chemokine_receptor_type_8", "uniprot_id": "P51685", "roc_auc": 1.0, "accuracy": 0.9971264367816092, "f1_score": 0.9971999345891851, "cohen_kappa": 0.9458955223880597, "mcc": 0.9472830267366574, "data_info": {"train_count": 1391, "test_count": 348, "actives_count": 47, "decoys_count": 1692}}, "mlp": {"protein_name": "c_c_chemokine_receptor_type_8", "uniprot_id": "P51685", "roc_auc": 1.0, "accuracy": 0.9942528735632183, "f1_score": 0.994531728218731, "cohen_kappa": 0.8970718722271517, "mcc": 0.9018618446337078, "data_info": {"train_count": 1391, "test_count": 348, "actives_count": 47, "decoys_count": 1692}}}