{"xgb": {"protein_name": "ribosomal_protein_s6_kinase_alpha_3", "uniprot_id": "P51812", "roc_auc": 0.9869458128078817, "accuracy": 0.9775784753363229, "f1_score": 0.9761133218303196, "cohen_kappa": 0.8452463566967384, "mcc": 0.8555531274246818, "data_info": {"train_count": 888, "test_count": 223, "actives_count": 101, "decoys_count": 1010}}, "rf": {"protein_name": "ribosomal_protein_s6_kinase_alpha_3", "uniprot_id": "P51812", "roc_auc": 0.9937192118226601, "accuracy": 0.9775784753363229, "f1_score": 0.9761133218303196, "cohen_kappa": 0.8452463566967384, "mcc": 0.8555531274246818, "data_info": {"train_count": 888, "test_count": 223, "actives_count": 101, "decoys_count": 1010}}, "svc": {"protein_name": "ribosomal_protein_s6_kinase_alpha_3", "uniprot_id": "P51812", "roc_auc": 0.9492610837438423, "accuracy": 0.9730941704035875, "f1_score": 0.9730941704035875, "cohen_kappa": 0.8352216748768473, "mcc": 0.8352216748768473, "data_info": {"train_count": 888, "test_count": 223, "actives_count": 101, "decoys_count": 1010}}, "mlp": {"protein_name": "ribosomal_protein_s6_kinase_alpha_3", "uniprot_id": "P51812", "roc_auc": 0.9017241379310345, "accuracy": 0.9641255605381166, "f1_score": 0.9632694238894518, "cohen_kappa": 0.7699251998968275, "mcc": 0.7712019794395197, "data_info": {"train_count": 888, "test_count": 223, "actives_count": 101, "decoys_count": 1010}}}