{"xgb": {"protein_name": "tyrosine_protein_kinase_jak3", "uniprot_id": "P52333", "roc_auc": 0.999101047475116, "accuracy": 0.9933920704845814, "f1_score": 0.9933054191427474, "cohen_kappa": 0.9590343085159712, "mcc": 0.9595214853347, "data_info": {"train_count": 5447, "test_count": 1362, "actives_count": 619, "decoys_count": 6190}}, "rf": {"protein_name": "tyrosine_protein_kinase_jak3", "uniprot_id": "P52333", "roc_auc": 0.9990880191776539, "accuracy": 0.9904552129221733, "f1_score": 0.9902927836806226, "cohen_kappa": 0.9403834369255012, "mcc": 0.9411854149102121, "data_info": {"train_count": 5447, "test_count": 1362, "actives_count": 619, "decoys_count": 6190}}, "svc": {"protein_name": "tyrosine_protein_kinase_jak3", "uniprot_id": "P52333", "roc_auc": 0.9977005054979415, "accuracy": 0.9911894273127754, "f1_score": 0.9912211083372805, "cohen_kappa": 0.947149897171239, "mcc": 0.9471866425870239, "data_info": {"train_count": 5447, "test_count": 1362, "actives_count": 619, "decoys_count": 6190}}, "ann": {"protein_name": "tyrosine_protein_kinase_jak3", "uniprot_id": "P52333", "roc_auc": 0.995537808119235, "accuracy": 0.9933920704845814, "f1_score": 0.9933800279664351, "cohen_kappa": 0.9599293909973522, "mcc": 0.9599389054238914, "data_info": {"train_count": 5447, "test_count": 1362, "actives_count": 619, "decoys_count": 6190}}}