{"xgb": {"protein_name": "methionine_aminopeptidase_1", "uniprot_id": "P53582", "roc_auc": 0.9423076923076924, "accuracy": 0.972972972972973, "f1_score": 0.9596445760829323, "cohen_kappa": 0.0, "mcc": 0.0, "data_info": {"train_count": 1924, "test_count": 481, "actives_count": 65, "decoys_count": 2340}}, "rf": {"protein_name": "methionine_aminopeptidase_1", "uniprot_id": "P53582", "roc_auc": 0.9469099276791585, "accuracy": 0.9916839916839917, "f1_score": 0.9909456845627058, "cohen_kappa": 0.8140703517587939, "mcc": 0.8285171561084911, "data_info": {"train_count": 1924, "test_count": 481, "actives_count": 65, "decoys_count": 2340}}, "svc": {"protein_name": "methionine_aminopeptidase_1", "uniprot_id": "P53582", "roc_auc": 0.9658119658119658, "accuracy": 0.9916839916839917, "f1_score": 0.9919720883318315, "cohen_kappa": 0.852882703777336, "mcc": 0.855199530800922, "data_info": {"train_count": 1924, "test_count": 481, "actives_count": 65, "decoys_count": 2340}}, "mlp": {"protein_name": "methionine_aminopeptidase_1", "uniprot_id": "P53582", "roc_auc": 0.9630177514792899, "accuracy": 0.9937629937629938, "f1_score": 0.9933661957554163, "cohen_kappa": 0.8664259927797834, "mcc": 0.8742603789438721, "data_info": {"train_count": 1924, "test_count": 481, "actives_count": 65, "decoys_count": 2340}}}