{"xgb": {"protein_name": "methionine_aminopeptidase_1", "uniprot_id": "P53582", "roc_auc": 0.9479289940828403, "accuracy": 0.965034965034965, "f1_score": 0.9612023196928858, "cohen_kappa": 0.7441860465116279, "mcc": 0.769800358919501, "data_info": {"train_count": 572, "test_count": 143, "actives_count": 65, "decoys_count": 650}}, "rf": {"protein_name": "methionine_aminopeptidase_1", "uniprot_id": "P53582", "roc_auc": 0.9742603550295859, "accuracy": 0.972027972027972, "f1_score": 0.9696969696969696, "cohen_kappa": 0.8035714285714286, "mcc": 0.8195375470622296, "data_info": {"train_count": 572, "test_count": 143, "actives_count": 65, "decoys_count": 650}}, "svc": {"protein_name": "methionine_aminopeptidase_1", "uniprot_id": "P53582", "roc_auc": 0.9946745562130177, "accuracy": 0.965034965034965, "f1_score": 0.9629540570191917, "cohen_kappa": 0.7639484978540773, "mcc": 0.7717278728764668, "data_info": {"train_count": 572, "test_count": 143, "actives_count": 65, "decoys_count": 650}}, "ann": {"protein_name": "methionine_aminopeptidase_1", "uniprot_id": "P53582", "roc_auc": 0.9621301775147929, "accuracy": 0.972027972027972, "f1_score": 0.9696969696969696, "cohen_kappa": 0.8035714285714286, "mcc": 0.8195375470622296, "data_info": {"train_count": 572, "test_count": 143, "actives_count": 65, "decoys_count": 650}}}