{"xgb": {"protein_name": "dipeptidyl_peptidase_1", "uniprot_id": "P53634", "roc_auc": 0.9935289203434035, "accuracy": 0.9974624656375555, "f1_score": 0.9974017196507879, "cohen_kappa": 0.9495205394153962, "mcc": 0.950732629068159, "data_info": {"train_count": 18914, "test_count": 4729, "actives_count": 639, "decoys_count": 23004}}, "rf": {"protein_name": "dipeptidyl_peptidase_1", "uniprot_id": "P53634", "roc_auc": 0.9999015159747879, "accuracy": 0.9980968492281667, "f1_score": 0.9980631062180997, "cohen_kappa": 0.9625869924287909, "mcc": 0.963261382941053, "data_info": {"train_count": 18914, "test_count": 4729, "actives_count": 639, "decoys_count": 23004}}, "svc": {"protein_name": "dipeptidyl_peptidase_1", "uniprot_id": "P53634", "roc_auc": 0.9935756153553574, "accuracy": 0.9974624656375555, "f1_score": 0.9974624656375555, "cohen_kappa": 0.9518209356661596, "mcc": 0.9518209356661596, "data_info": {"train_count": 18914, "test_count": 4729, "actives_count": 639, "decoys_count": 23004}}, "mlp": {"protein_name": "dipeptidyl_peptidase_1", "uniprot_id": "P53634", "roc_auc": 0.9943830145620518, "accuracy": 0.9991541552125185, "f1_score": 0.9991509170146243, "cohen_kappa": 0.9838174025374067, "mcc": 0.9838496089462202, "data_info": {"train_count": 18914, "test_count": 4729, "actives_count": 639, "decoys_count": 23004}}}