{"xgb": {"protein_name": "lim_domain_kinase_1", "uniprot_id": "P53667", "roc_auc": 1.0, "accuracy": 0.9818181818181818, "f1_score": 0.9808980898089807, "cohen_kappa": 0.8791208791208791, "mcc": 0.8856148855400953, "data_info": {"train_count": 440, "test_count": 110, "actives_count": 50, "decoys_count": 500}}, "rf": {"protein_name": "lim_domain_kinase_1", "uniprot_id": "P53667", "roc_auc": 1.0, "accuracy": 0.9818181818181818, "f1_score": 0.9808980898089807, "cohen_kappa": 0.8791208791208791, "mcc": 0.8856148855400953, "data_info": {"train_count": 440, "test_count": 110, "actives_count": 50, "decoys_count": 500}}, "svc": {"protein_name": "lim_domain_kinase_1", "uniprot_id": "P53667", "roc_auc": 1.0, "accuracy": 0.990909090909091, "f1_score": 0.9911026996454131, "cohen_kappa": 0.9473684210526316, "mcc": 0.9486832980505139, "data_info": {"train_count": 440, "test_count": 110, "actives_count": 50, "decoys_count": 500}}, "mlp": {"protein_name": "lim_domain_kinase_1", "uniprot_id": "P53667", "roc_auc": 0.9550000000000001, "accuracy": 0.9636363636363636, "f1_score": 0.9636363636363636, "cohen_kappa": 0.78, "mcc": 0.78, "data_info": {"train_count": 440, "test_count": 110, "actives_count": 50, "decoys_count": 500}}}