{"xgb": {"protein_name": "mitogen_activated_protein_kinase_10", "uniprot_id": "P53779", "roc_auc": 0.9910382513661202, "accuracy": 0.982089552238806, "f1_score": 0.9811817535698134, "cohen_kappa": 0.8792792792792793, "mcc": 0.8857572559108471, "data_info": {"train_count": 1337, "test_count": 335, "actives_count": 152, "decoys_count": 1520}}, "rf": {"protein_name": "mitogen_activated_protein_kinase_10", "uniprot_id": "P53779", "roc_auc": 0.9973770491803278, "accuracy": 0.982089552238806, "f1_score": 0.9811817535698134, "cohen_kappa": 0.8792792792792793, "mcc": 0.8857572559108471, "data_info": {"train_count": 1337, "test_count": 335, "actives_count": 152, "decoys_count": 1520}}, "svc": {"protein_name": "mitogen_activated_protein_kinase_10", "uniprot_id": "P53779", "roc_auc": 0.9779234972677595, "accuracy": 0.982089552238806, "f1_score": 0.9815082336109124, "cohen_kappa": 0.883139534883721, "mcc": 0.885831903483992, "data_info": {"train_count": 1337, "test_count": 335, "actives_count": 152, "decoys_count": 1520}}, "mlp": {"protein_name": "mitogen_activated_protein_kinase_10", "uniprot_id": "P53779", "roc_auc": 0.9733333333333334, "accuracy": 0.982089552238806, "f1_score": 0.9811817535698134, "cohen_kappa": 0.8792792792792793, "mcc": 0.8857572559108471, "data_info": {"train_count": 1337, "test_count": 335, "actives_count": 152, "decoys_count": 1520}}}