{"xgb": {"protein_name": "transitional_endoplasmic_reticulum_atpase", "uniprot_id": "P55072", "roc_auc": 0.9998065015479877, "accuracy": 0.9943661971830986, "f1_score": 0.9942840235358786, "cohen_kappa": 0.9646590343454455, "mcc": 0.965262021023706, "data_info": {"train_count": 1416, "test_count": 355, "actives_count": 161, "decoys_count": 1610}}, "rf": {"protein_name": "transitional_endoplasmic_reticulum_atpase", "uniprot_id": "P55072", "roc_auc": 1.0, "accuracy": 0.9971830985915493, "f1_score": 0.9971629191256073, "cohen_kappa": 0.9825818163976252, "mcc": 0.9827309046042043, "data_info": {"train_count": 1416, "test_count": 355, "actives_count": 161, "decoys_count": 1610}}, "svc": {"protein_name": "transitional_endoplasmic_reticulum_atpase", "uniprot_id": "P55072", "roc_auc": 0.9998065015479876, "accuracy": 0.9971830985915493, "f1_score": 0.9972025834194193, "cohen_kappa": 0.9830654009445213, "mcc": 0.9832063933356263, "data_info": {"train_count": 1416, "test_count": 355, "actives_count": 161, "decoys_count": 1610}}, "mlp": {"protein_name": "transitional_endoplasmic_reticulum_atpase", "uniprot_id": "P55072", "roc_auc": 0.9998065015479877, "accuracy": 0.9915492957746479, "f1_score": 0.991607750258258, "cohen_kappa": 0.9491962028335639, "mcc": 0.9493323376646104, "data_info": {"train_count": 1416, "test_count": 355, "actives_count": 161, "decoys_count": 1610}}}