{"xgb": {"protein_name": "caspase_6", "uniprot_id": "P55212", "roc_auc": 0.9850948509485095, "accuracy": 0.9629629629629629, "f1_score": 0.9584585634071899, "cohen_kappa": 0.718397997496871, "mcc": 0.7486967844194338, "data_info": {"train_count": 536, "test_count": 135, "actives_count": 61, "decoys_count": 610}}, "rf": {"protein_name": "caspase_6", "uniprot_id": "P55212", "roc_auc": 0.9884823848238482, "accuracy": 0.9629629629629629, "f1_score": 0.9584585634071899, "cohen_kappa": 0.718397997496871, "mcc": 0.7486967844194338, "data_info": {"train_count": 536, "test_count": 135, "actives_count": 61, "decoys_count": 610}}, "svc": {"protein_name": "caspase_6", "uniprot_id": "P55212", "roc_auc": 0.986449864498645, "accuracy": 0.9777777777777777, "f1_score": 0.9763243449990437, "cohen_kappa": 0.845360824742268, "mcc": 0.8556534679079242, "data_info": {"train_count": 536, "test_count": 135, "actives_count": 61, "decoys_count": 610}}, "mlp": {"protein_name": "caspase_6", "uniprot_id": "P55212", "roc_auc": 0.9227642276422764, "accuracy": 0.9703703703703703, "f1_score": 0.9676444444444443, "cohen_kappa": 0.784688995215311, "mcc": 0.8035354947596172, "data_info": {"train_count": 536, "test_count": 135, "actives_count": 61, "decoys_count": 610}}}