{"xgb": {"protein_name": "adenosine_kinase", "uniprot_id": "P55263", "roc_auc": 0.9946217660292463, "accuracy": 0.9846743295019157, "f1_score": 0.981669061302682, "cohen_kappa": 0.5934579439252337, "mcc": 0.6495590121759557, "data_info": {"train_count": 4173, "test_count": 1044, "actives_count": 141, "decoys_count": 5076}}, "rf": {"protein_name": "adenosine_kinase", "uniprot_id": "P55263", "roc_auc": 0.999964848143982, "accuracy": 0.9971264367816092, "f1_score": 0.9970472276262775, "cohen_kappa": 0.9419268708744345, "mcc": 0.9435192183263597, "data_info": {"train_count": 4173, "test_count": 1044, "actives_count": 141, "decoys_count": 5076}}, "svc": {"protein_name": "adenosine_kinase", "uniprot_id": "P55263", "roc_auc": 0.999050899887514, "accuracy": 0.9990421455938697, "f1_score": 0.9990503120169336, "cohen_kappa": 0.9819639278557114, "mcc": 0.982123683216049, "data_info": {"train_count": 4173, "test_count": 1044, "actives_count": 141, "decoys_count": 5076}}, "ann": {"protein_name": "adenosine_kinase", "uniprot_id": "P55263", "roc_auc": 0.9898762654668167, "accuracy": 0.9932950191570882, "f1_score": 0.9928276012394326, "cohen_kappa": 0.8537815126050421, "mcc": 0.8630573765345012, "data_info": {"train_count": 4173, "test_count": 1044, "actives_count": 141, "decoys_count": 5076}}}