{"xgb": {"protein_name": "fad_linked_sulfhydryl_oxidase_alr", "uniprot_id": "P55789", "roc_auc": 0.9111580726965341, "accuracy": 0.9270729270729271, "f1_score": 0.9071236314203066, "cohen_kappa": 0.34018077239112565, "mcc": 0.4274816162615134, "data_info": {"train_count": 4004, "test_count": 1001, "actives_count": 455, "decoys_count": 4550}}, "rf": {"protein_name": "fad_linked_sulfhydryl_oxidase_alr", "uniprot_id": "P55789", "roc_auc": 0.9275993237531699, "accuracy": 0.919080919080919, "f1_score": 0.8923227291782024, "cohen_kappa": 0.22183406113537119, "mcc": 0.31990837838102276, "data_info": {"train_count": 4004, "test_count": 1001, "actives_count": 455, "decoys_count": 4550}}, "svc": {"protein_name": "fad_linked_sulfhydryl_oxidase_alr", "uniprot_id": "P55789", "roc_auc": 0.8621905566960512, "accuracy": 0.8641358641358642, "f1_score": 0.8799767538397674, "cohen_kappa": 0.3848684210526315, "mcc": 0.4044745915937421, "data_info": {"train_count": 4004, "test_count": 1001, "actives_count": 455, "decoys_count": 4550}}, "ann": {"protein_name": "fad_linked_sulfhydryl_oxidase_alr", "uniprot_id": "P55789", "roc_auc": 0.9085617679024273, "accuracy": 0.9270729270729271, "f1_score": 0.9245266462942404, "cohen_kappa": 0.5284791544333529, "mcc": 0.5303521843579866, "data_info": {"train_count": 4004, "test_count": 1001, "actives_count": 455, "decoys_count": 4550}}}