{"xgb": {"protein_name": "methionine_trna_ligase_cytoplasmic", "uniprot_id": "P56192", "roc_auc": 0.9641089108910893, "accuracy": 0.9711538461538461, "f1_score": 0.9569418386491557, "cohen_kappa": 0.0, "mcc": 0.0, "data_info": {"train_count": 828, "test_count": 208, "actives_count": 28, "decoys_count": 1008}}, "rf": {"protein_name": "methionine_trna_ligase_cytoplasmic", "uniprot_id": "P56192", "roc_auc": 0.9999999999999999, "accuracy": 0.9951923076923077, "f1_score": 0.9949797116463783, "cohen_kappa": 0.9066427289048474, "mcc": 0.9106197027416805, "data_info": {"train_count": 828, "test_count": 208, "actives_count": 28, "decoys_count": 1008}}, "svc": {"protein_name": "methionine_trna_ligase_cytoplasmic", "uniprot_id": "P56192", "roc_auc": 1.0, "accuracy": 1.0, "f1_score": 1.0, "cohen_kappa": 1.0, "mcc": 1.0, "data_info": {"train_count": 828, "test_count": 208, "actives_count": 28, "decoys_count": 1008}}, "mlp": {"protein_name": "methionine_trna_ligase_cytoplasmic", "uniprot_id": "P56192", "roc_auc": 0.9991749174917491, "accuracy": 0.9951923076923077, "f1_score": 0.9949797116463783, "cohen_kappa": 0.9066427289048474, "mcc": 0.9106197027416805, "data_info": {"train_count": 828, "test_count": 208, "actives_count": 28, "decoys_count": 1008}}}