{"xgb": {"protein_name": "methionine_trna_ligase_cytoplasmic", "uniprot_id": "P56192", "roc_auc": 0.9851190476190476, "accuracy": 0.9516129032258065, "f1_score": 0.944179523141655, "cohen_kappa": 0.6436781609195403, "mcc": 0.688894963827172, "data_info": {"train_count": 246, "test_count": 62, "actives_count": 28, "decoys_count": 280}}, "rf": {"protein_name": "methionine_trna_ligase_cytoplasmic", "uniprot_id": "P56192", "roc_auc": 0.9732142857142857, "accuracy": 0.9838709677419355, "f1_score": 0.9832091973113954, "cohen_kappa": 0.9003215434083601, "mcc": 0.9048278567177281, "data_info": {"train_count": 246, "test_count": 62, "actives_count": 28, "decoys_count": 280}}, "svc": {"protein_name": "methionine_trna_ligase_cytoplasmic", "uniprot_id": "P56192", "roc_auc": 0.9404761904761905, "accuracy": 0.967741935483871, "f1_score": 0.967741935483871, "cohen_kappa": 0.8154761904761905, "mcc": 0.8154761904761905, "data_info": {"train_count": 246, "test_count": 62, "actives_count": 28, "decoys_count": 280}}, "mlp": {"protein_name": "methionine_trna_ligase_cytoplasmic", "uniprot_id": "P56192", "roc_auc": 0.8571428571428572, "accuracy": 0.967741935483871, "f1_score": 0.967741935483871, "cohen_kappa": 0.8154761904761905, "mcc": 0.8154761904761905, "data_info": {"train_count": 246, "test_count": 62, "actives_count": 28, "decoys_count": 280}}}