{"xgb": {"protein_name": "p2x_purinoceptor_3", "uniprot_id": "P56373", "roc_auc": 0.9998813848320854, "accuracy": 0.996130458817026, "f1_score": 0.996103444726825, "cohen_kappa": 0.9762043013783578, "mcc": 0.9763453424767101, "data_info": {"train_count": 7233, "test_count": 1809, "actives_count": 822, "decoys_count": 8220}}, "rf": {"protein_name": "p2x_purinoceptor_3", "uniprot_id": "P56373", "roc_auc": 0.999977759656016, "accuracy": 0.9983416252072969, "f1_score": 0.998334726578899, "cohen_kappa": 0.9898582926724436, "mcc": 0.9899092021546914, "data_info": {"train_count": 7233, "test_count": 1809, "actives_count": 822, "decoys_count": 8220}}, "svc": {"protein_name": "p2x_purinoceptor_3", "uniprot_id": "P56373", "roc_auc": 0.9992104677885685, "accuracy": 0.9955776672194583, "f1_score": 0.9956133488815067, "cohen_kappa": 0.9736127166576107, "mcc": 0.9738034364324366, "data_info": {"train_count": 7233, "test_count": 1809, "actives_count": 822, "decoys_count": 8220}}, "ann": {"protein_name": "p2x_purinoceptor_3", "uniprot_id": "P56373", "roc_auc": 0.9999555193120321, "accuracy": 0.9983416252072969, "f1_score": 0.9983393414220847, "cohen_kappa": 0.9899141204172621, "mcc": 0.9899197148525306, "data_info": {"train_count": 7233, "test_count": 1809, "actives_count": 822, "decoys_count": 8220}}}