{"xgb": {"protein_name": "histone_deacetylase_4", "uniprot_id": "P56524", "roc_auc": 0.991245315637732, "accuracy": 0.9917664670658682, "f1_score": 0.9910534233720174, "cohen_kappa": 0.8185018000382855, "mcc": 0.8323256665943949, "data_info": {"train_count": 10685, "test_count": 2672, "actives_count": 363, "decoys_count": 12994}}, "rf": {"protein_name": "histone_deacetylase_4", "uniprot_id": "P56524", "roc_auc": 0.9991804013134662, "accuracy": 0.9951347305389222, "f1_score": 0.994903022960965, "cohen_kappa": 0.8997853532439357, "mcc": 0.9043379342772027, "data_info": {"train_count": 10685, "test_count": 2672, "actives_count": 363, "decoys_count": 12994}}, "svc": {"protein_name": "histone_deacetylase_4", "uniprot_id": "P56524", "roc_auc": 0.980350714447601, "accuracy": 0.9928892215568862, "f1_score": 0.9928653854914283, "cohen_kappa": 0.865311146956448, "mcc": 0.8653328897217855, "data_info": {"train_count": 10685, "test_count": 2672, "actives_count": 363, "decoys_count": 12994}}, "mlp": {"protein_name": "histone_deacetylase_4", "uniprot_id": "P56524", "roc_auc": 0.9932481934569144, "accuracy": 0.9958832335329342, "f1_score": 0.9957823421843727, "cohen_kappa": 0.9187554592395211, "mcc": 0.9199858434341843, "data_info": {"train_count": 10685, "test_count": 2672, "actives_count": 363, "decoys_count": 12994}}}