{"xgb": {"protein_name": "c_x_c_chemokine_receptor_type_4", "uniprot_id": "P61073", "roc_auc": 0.9804786408559993, "accuracy": 0.9834437086092715, "f1_score": 0.9809271804748391, "cohen_kappa": 0.6798473444291318, "mcc": 0.7176184995727837, "data_info": {"train_count": 2416, "test_count": 604, "actives_count": 104, "decoys_count": 2916}}, "rf": {"protein_name": "c_x_c_chemokine_receptor_type_4", "uniprot_id": "P61073", "roc_auc": 0.9925263415829454, "accuracy": 0.9917218543046358, "f1_score": 0.9911801933761994, "cohen_kappa": 0.8606754013655656, "mcc": 0.8691524491801055, "data_info": {"train_count": 2416, "test_count": 604, "actives_count": 104, "decoys_count": 2916}}, "svc": {"protein_name": "c_x_c_chemokine_receptor_type_4", "uniprot_id": "P61073", "roc_auc": 0.9772931471044679, "accuracy": 0.9966887417218543, "f1_score": 0.9966087952463032, "cohen_kappa": 0.9482920982792569, "mcc": 0.9495623737641996, "data_info": {"train_count": 2416, "test_count": 604, "actives_count": 104, "decoys_count": 2916}}, "mlp": {"protein_name": "c_x_c_chemokine_receptor_type_4", "uniprot_id": "P61073", "roc_auc": 0.9817855100873969, "accuracy": 0.9933774834437086, "f1_score": 0.9930402504818678, "cohen_kappa": 0.8913571364331325, "mcc": 0.8966646325644614, "data_info": {"train_count": 2416, "test_count": 604, "actives_count": 104, "decoys_count": 2916}}}