{"xgb": {"protein_name": "peptidyl_prolyl_cis_trans_isomerase_fkbp1a", "uniprot_id": "P62942", "roc_auc": 0.9986865903022996, "accuracy": 0.9946737683089214, "f1_score": 0.9946008433494704, "cohen_kappa": 0.9667802008227541, "mcc": 0.967314090335762, "data_info": {"train_count": 3000, "test_count": 751, "actives_count": 341, "decoys_count": 3410}}, "rf": {"protein_name": "peptidyl_prolyl_cis_trans_isomerase_fkbp1a", "uniprot_id": "P62942", "roc_auc": 0.9999569373869607, "accuracy": 0.996005326231691, "f1_score": 0.9959919922533047, "cohen_kappa": 0.9755833233990442, "mcc": 0.975615637088109, "data_info": {"train_count": 3000, "test_count": 751, "actives_count": 341, "decoys_count": 3410}}, "svc": {"protein_name": "peptidyl_prolyl_cis_trans_isomerase_fkbp1a", "uniprot_id": "P62942", "roc_auc": 0.9999569373869607, "accuracy": 0.9986684420772304, "f1_score": 0.9986639974177683, "cohen_kappa": 0.9918611077996814, "mcc": 0.9918939606484993, "data_info": {"train_count": 3000, "test_count": 751, "actives_count": 341, "decoys_count": 3410}}, "ann": {"protein_name": "peptidyl_prolyl_cis_trans_isomerase_fkbp1a", "uniprot_id": "P62942", "roc_auc": 0.9996985617087245, "accuracy": 0.9973368841544608, "f1_score": 0.9973189568777227, "cohen_kappa": 0.9836129961378166, "mcc": 0.9837450894568599, "data_info": {"train_count": 3000, "test_count": 751, "actives_count": 341, "decoys_count": 3410}}}