{"xgb": {"protein_name": "corticosteroid_11_beta_dehydrogenase_isozyme_2", "uniprot_id": "P80365", "roc_auc": 0.9958333333333331, "accuracy": 0.9811320754716981, "f1_score": 0.9801811147852774, "cohen_kappa": 0.8787185354691076, "mcc": 0.885253336275981, "data_info": {"train_count": 422, "test_count": 106, "actives_count": 48, "decoys_count": 480}}, "rf": {"protein_name": "corticosteroid_11_beta_dehydrogenase_isozyme_2", "uniprot_id": "P80365", "roc_auc": 0.9864583333333333, "accuracy": 0.9811320754716981, "f1_score": 0.9801811147852774, "cohen_kappa": 0.8787185354691076, "mcc": 0.885253336275981, "data_info": {"train_count": 422, "test_count": 106, "actives_count": 48, "decoys_count": 480}}, "svc": {"protein_name": "corticosteroid_11_beta_dehydrogenase_isozyme_2", "uniprot_id": "P80365", "roc_auc": 0.9041666666666667, "accuracy": 0.9811320754716981, "f1_score": 0.9811320754716981, "cohen_kappa": 0.8895833333333334, "mcc": 0.8895833333333333, "data_info": {"train_count": 422, "test_count": 106, "actives_count": 48, "decoys_count": 480}}, "mlp": {"protein_name": "corticosteroid_11_beta_dehydrogenase_isozyme_2", "uniprot_id": "P80365", "roc_auc": 0.9020833333333333, "accuracy": 0.9811320754716981, "f1_score": 0.9811320754716981, "cohen_kappa": 0.8895833333333334, "mcc": 0.8895833333333333, "data_info": {"train_count": 422, "test_count": 106, "actives_count": 48, "decoys_count": 480}}}