{"xgb": {"protein_name": "corticosteroid_11_beta_dehydrogenase_isozyme_2", "uniprot_id": "P80365", "roc_auc": 0.9786127167630057, "accuracy": 0.9719101123595506, "f1_score": 0.9580652389641153, "cohen_kappa": 0.0, "mcc": 0.0, "data_info": {"train_count": 1420, "test_count": 356, "actives_count": 48, "decoys_count": 1728}}, "rf": {"protein_name": "corticosteroid_11_beta_dehydrogenase_isozyme_2", "uniprot_id": "P80365", "roc_auc": 0.999421965317919, "accuracy": 0.9943820224719101, "f1_score": 0.9940780076777228, "cohen_kappa": 0.8860435339308579, "mcc": 0.8918532944664019, "data_info": {"train_count": 1420, "test_count": 356, "actives_count": 48, "decoys_count": 1728}}, "svc": {"protein_name": "corticosteroid_11_beta_dehydrogenase_isozyme_2", "uniprot_id": "P80365", "roc_auc": 0.9979768786127168, "accuracy": 0.9831460674157303, "f1_score": 0.9850170467001468, "cohen_kappa": 0.7609668755595345, "mcc": 0.7836847897662572, "data_info": {"train_count": 1420, "test_count": 356, "actives_count": 48, "decoys_count": 1728}}, "mlp": {"protein_name": "corticosteroid_11_beta_dehydrogenase_isozyme_2", "uniprot_id": "P80365", "roc_auc": 0.9907514450867052, "accuracy": 0.9859550561797753, "f1_score": 0.986279296837192, "cohen_kappa": 0.7546857772877619, "mcc": 0.7555957461822636, "data_info": {"train_count": 1420, "test_count": 356, "actives_count": 48, "decoys_count": 1728}}}