{"xgb": {"protein_name": "cyclin_dependent_like_kinase_5", "uniprot_id": "Q00535", "roc_auc": 0.9518072289156626, "accuracy": 0.9707602339181286, "f1_score": 0.9563572630884828, "cohen_kappa": 0.0, "mcc": 0.0, "data_info": {"train_count": 680, "test_count": 171, "actives_count": 23, "decoys_count": 828}}, "rf": {"protein_name": "cyclin_dependent_like_kinase_5", "uniprot_id": "Q00535", "roc_auc": 0.9825301204819277, "accuracy": 0.9824561403508771, "f1_score": 0.9787752964500803, "cohen_kappa": 0.5641461342395921, "mcc": 0.6268168857681033, "data_info": {"train_count": 680, "test_count": 171, "actives_count": 23, "decoys_count": 828}}, "svc": {"protein_name": "cyclin_dependent_like_kinase_5", "uniprot_id": "Q00535", "roc_auc": 0.9939759036144579, "accuracy": 0.9824561403508771, "f1_score": 0.9832270872181826, "cohen_kappa": 0.7182866556836903, "mcc": 0.7214746976304297, "data_info": {"train_count": 680, "test_count": 171, "actives_count": 23, "decoys_count": 828}}, "mlp": {"protein_name": "cyclin_dependent_like_kinase_5", "uniprot_id": "Q00535", "roc_auc": 0.9807228915662651, "accuracy": 0.9941520467836257, "f1_score": 0.9938359412043624, "cohen_kappa": 0.885923949299533, "mcc": 0.8917452443598022, "data_info": {"train_count": 680, "test_count": 171, "actives_count": 23, "decoys_count": 828}}}