{"xgb": {"protein_name": "sorbitol_dehydrogenase", "uniprot_id": "Q00796", "roc_auc": 1.0, "accuracy": 0.9487179487179487, "f1_score": 0.9495238095238095, "cohen_kappa": 0.8888888888888888, "mcc": 0.894427190999916, "data_info": {"train_count": 153, "test_count": 39, "actives_count": 64, "decoys_count": 128}}, "rf": {"protein_name": "sorbitol_dehydrogenase", "uniprot_id": "Q00796", "roc_auc": 1.0, "accuracy": 1.0, "f1_score": 1.0, "cohen_kappa": 1.0, "mcc": 1.0, "data_info": {"train_count": 153, "test_count": 39, "actives_count": 64, "decoys_count": 128}}, "svc": {"protein_name": "sorbitol_dehydrogenase", "uniprot_id": "Q00796", "roc_auc": 1.0, "accuracy": 0.9743589743589743, "f1_score": 0.9745824255628176, "cohen_kappa": 0.9433962264150944, "mcc": 0.9449111825230682, "data_info": {"train_count": 153, "test_count": 39, "actives_count": 64, "decoys_count": 128}}, "ann": {"protein_name": "sorbitol_dehydrogenase", "uniprot_id": "Q00796", "roc_auc": 1.0, "accuracy": 0.9487179487179487, "f1_score": 0.9495238095238095, "cohen_kappa": 0.8888888888888888, "mcc": 0.894427190999916, "data_info": {"train_count": 153, "test_count": 39, "actives_count": 64, "decoys_count": 128}}}