{"xgb": {"protein_name": "dihydroorotate_dehydrogenase_quinone_mitochondrial", "uniprot_id": "Q02127", "roc_auc": 0.9987705925743792, "accuracy": 0.990174672489083, "f1_score": 0.9899789467732922, "cohen_kappa": 0.9380280843130769, "mcc": 0.9391196359770978, "data_info": {"train_count": 3660, "test_count": 916, "actives_count": 416, "decoys_count": 4160}}, "rf": {"protein_name": "dihydroorotate_dehydrogenase_quinone_mitochondrial", "uniprot_id": "Q02127", "roc_auc": 0.9987705925743792, "accuracy": 0.9912663755458515, "f1_score": 0.9910661400049279, "cohen_kappa": 0.9446015210390238, "mcc": 0.9460543529480003, "data_info": {"train_count": 3660, "test_count": 916, "actives_count": 416, "decoys_count": 4160}}, "svc": {"protein_name": "dihydroorotate_dehydrogenase_quinone_mitochondrial", "uniprot_id": "Q02127", "roc_auc": 0.9896440503912409, "accuracy": 0.9879912663755459, "f1_score": 0.988148758102685, "cohen_kappa": 0.9290562424310699, "mcc": 0.9295396727621188, "data_info": {"train_count": 3660, "test_count": 916, "actives_count": 416, "decoys_count": 4160}}, "mlp": {"protein_name": "dihydroorotate_dehydrogenase_quinone_mitochondrial", "uniprot_id": "Q02127", "roc_auc": 0.9876046804263874, "accuracy": 0.980349344978166, "f1_score": 0.9804545038749461, "cohen_kappa": 0.88204152298645, "mcc": 0.8821172914160537, "data_info": {"train_count": 3660, "test_count": 916, "actives_count": 416, "decoys_count": 4160}}}