{"xgb": {"protein_name": "protein_kinase_c_epsilon_type", "uniprot_id": "Q02156", "roc_auc": 0.9909297052154195, "accuracy": 0.974025974025974, "f1_score": 0.9720443875373452, "cohen_kappa": 0.819672131147541, "mcc": 0.8333333333333334, "data_info": {"train_count": 924, "test_count": 231, "actives_count": 105, "decoys_count": 1050}}, "rf": {"protein_name": "protein_kinase_c_epsilon_type", "uniprot_id": "Q02156", "roc_auc": 0.9599773242630385, "accuracy": 0.987012987012987, "f1_score": 0.9865595397510291, "cohen_kappa": 0.916030534351145, "mcc": 0.9192771195538435, "data_info": {"train_count": 924, "test_count": 231, "actives_count": 105, "decoys_count": 1050}}, "svc": {"protein_name": "protein_kinase_c_epsilon_type", "uniprot_id": "Q02156", "roc_auc": 0.9800453514739229, "accuracy": 0.987012987012987, "f1_score": 0.9865595397510291, "cohen_kappa": 0.916030534351145, "mcc": 0.9192771195538435, "data_info": {"train_count": 924, "test_count": 231, "actives_count": 105, "decoys_count": 1050}}, "mlp": {"protein_name": "protein_kinase_c_epsilon_type", "uniprot_id": "Q02156", "roc_auc": 0.916780045351474, "accuracy": 0.9826839826839827, "f1_score": 0.9818542926785231, "cohen_kappa": 0.8854166666666666, "mcc": 0.8912870039243734, "data_info": {"train_count": 924, "test_count": 231, "actives_count": 105, "decoys_count": 1050}}}