{"xgb": {"protein_name": "beta_1_3_galactosyl_o_glycosyl_glycoprotein_beta_1_6_n_acetylglucosaminyltransferase", "uniprot_id": "Q02742", "roc_auc": 0.9986997905769556, "accuracy": 0.9923234390992836, "f1_score": 0.9917058391362191, "cohen_kappa": 0.8313442970089651, "mcc": 0.8434263589691158, "data_info": {"train_count": 7814, "test_count": 1954, "actives_count": 264, "decoys_count": 9504}}, "rf": {"protein_name": "beta_1_3_galactosyl_o_glycosyl_glycoprotein_beta_1_6_n_acetylglucosaminyltransferase", "uniprot_id": "Q02742", "roc_auc": 0.999687354222703, "accuracy": 0.9959058341862845, "f1_score": 0.9957430237143737, "cohen_kappa": 0.9162819592763574, "mcc": 0.9195099144961819, "data_info": {"train_count": 7814, "test_count": 1954, "actives_count": 264, "decoys_count": 9504}}, "svc": {"protein_name": "beta_1_3_galactosyl_o_glycosyl_glycoprotein_beta_1_6_n_acetylglucosaminyltransferase", "uniprot_id": "Q02742", "roc_auc": 0.9962581759352079, "accuracy": 0.9938587512794268, "f1_score": 0.9939671764088321, "cohen_kappa": 0.88775383201371, "mcc": 0.8883758735287391, "data_info": {"train_count": 7814, "test_count": 1954, "actives_count": 264, "decoys_count": 9504}}, "mlp": {"protein_name": "beta_1_3_galactosyl_o_glycosyl_glycoprotein_beta_1_6_n_acetylglucosaminyltransferase", "uniprot_id": "Q02742", "roc_auc": 0.9920597897829345, "accuracy": 0.9933469805527124, "f1_score": 0.9933771942616456, "cohen_kappa": 0.875084827443768, "mcc": 0.8751252286110707, "data_info": {"train_count": 7814, "test_count": 1954, "actives_count": 264, "decoys_count": 9504}}}