{"xgb": {"protein_name": "peroxisome_proliferator_activated_receptor_delta", "uniprot_id": "Q03181", "roc_auc": 0.9920216659347094, "accuracy": 0.994750656167979, "f1_score": 0.9947158399995728, "cohen_kappa": 0.9677070752018307, "mcc": 0.9678332444804745, "data_info": {"train_count": 3044, "test_count": 762, "actives_count": 346, "decoys_count": 3460}}, "rf": {"protein_name": "peroxisome_proliferator_activated_receptor_delta", "uniprot_id": "Q03181", "roc_auc": 0.9882259447476838, "accuracy": 0.9973753280839895, "f1_score": 0.9973579199997865, "cohen_kappa": 0.9838535376009154, "mcc": 0.9839818120491561, "data_info": {"train_count": 3044, "test_count": 762, "actives_count": 346, "decoys_count": 3460}}, "svc": {"protein_name": "peroxisome_proliferator_activated_receptor_delta", "uniprot_id": "Q03181", "roc_auc": 0.9994144341970429, "accuracy": 0.9908136482939632, "f1_score": 0.9909014119346679, "cohen_kappa": 0.9452956741123624, "mcc": 0.9455555742590342, "data_info": {"train_count": 3044, "test_count": 762, "actives_count": 346, "decoys_count": 3460}}, "ann": {"protein_name": "peroxisome_proliferator_activated_receptor_delta", "uniprot_id": "Q03181", "roc_auc": 0.997051257920823, "accuracy": 0.984251968503937, "f1_score": 0.9839279984202602, "cohen_kappa": 0.9004897159647405, "mcc": 0.9016064042613423, "data_info": {"train_count": 3044, "test_count": 762, "actives_count": 346, "decoys_count": 3460}}}