{"xgb": {"protein_name": "transcription_factor_p65", "uniprot_id": "Q04206", "roc_auc": 0.9876543209876543, "accuracy": 0.9393939393939394, "f1_score": 0.9344155844155844, "cohen_kappa": 0.7659574468085106, "mcc": 0.7878385971583353, "data_info": {"train_count": 129, "test_count": 33, "actives_count": 27, "decoys_count": 135}}, "rf": {"protein_name": "transcription_factor_p65", "uniprot_id": "Q04206", "roc_auc": 1.0, "accuracy": 0.9696969696969697, "f1_score": 0.968595041322314, "cohen_kappa": 0.8910891089108911, "mcc": 0.8964214570007952, "data_info": {"train_count": 129, "test_count": 33, "actives_count": 27, "decoys_count": 135}}, "svc": {"protein_name": "transcription_factor_p65", "uniprot_id": "Q04206", "roc_auc": 0.9876543209876543, "accuracy": 0.9393939393939394, "f1_score": 0.9393939393939394, "cohen_kappa": 0.7962962962962963, "mcc": 0.7962962962962963, "data_info": {"train_count": 129, "test_count": 33, "actives_count": 27, "decoys_count": 135}}, "mlp": {"protein_name": "transcription_factor_p65", "uniprot_id": "Q04206", "roc_auc": 0.8209876543209877, "accuracy": 0.8787878787878788, "f1_score": 0.8526645768025078, "cohen_kappa": 0.45000000000000007, "mcc": 0.5388159060803247, "data_info": {"train_count": 129, "test_count": 33, "actives_count": 27, "decoys_count": 135}}}