{"xgb": {"protein_name": "glutamate_carboxypeptidase_2", "uniprot_id": "Q04609", "roc_auc": 1.0, "accuracy": 0.9976940814757879, "f1_score": 0.9976480672742615, "cohen_kappa": 0.9577199311039615, "mcc": 0.9585770925724179, "data_info": {"train_count": 5200, "test_count": 1301, "actives_count": 191, "decoys_count": 6310}}, "rf": {"protein_name": "glutamate_carboxypeptidase_2", "uniprot_id": "Q04609", "roc_auc": 0.9999270742176105, "accuracy": 0.9992313604919293, "f1_score": 0.9992263883139216, "cohen_kappa": 0.9862710129480916, "mcc": 0.9863639747778236, "data_info": {"train_count": 5200, "test_count": 1301, "actives_count": 191, "decoys_count": 6310}}, "svc": {"protein_name": "glutamate_carboxypeptidase_2", "uniprot_id": "Q04609", "roc_auc": 0.9998958203108721, "accuracy": 0.9992313604919293, "f1_score": 0.9992263883139216, "cohen_kappa": 0.9862710129480916, "mcc": 0.9863639747778236, "data_info": {"train_count": 5200, "test_count": 1301, "actives_count": 191, "decoys_count": 6310}}, "mlp": {"protein_name": "glutamate_carboxypeptidase_2", "uniprot_id": "Q04609", "roc_auc": 0.9996666249947911, "accuracy": 0.9976940814757879, "f1_score": 0.9977085983551688, "cohen_kappa": 0.9598510487280508, "mcc": 0.9599370169793188, "data_info": {"train_count": 5200, "test_count": 1301, "actives_count": 191, "decoys_count": 6310}}}