{"xgb": {"protein_name": "protein_kinase_c_theta_type", "uniprot_id": "Q04759", "roc_auc": 0.9995519713261649, "accuracy": 0.99185667752443, "f1_score": 0.9916845738246662, "cohen_kappa": 0.9488213916580536, "mcc": 0.9500664382008694, "data_info": {"train_count": 2455, "test_count": 614, "actives_count": 279, "decoys_count": 2790}}, "rf": {"protein_name": "protein_kinase_c_theta_type", "uniprot_id": "Q04759", "roc_auc": 0.9978558627752177, "accuracy": 0.99185667752443, "f1_score": 0.9916845738246662, "cohen_kappa": 0.9488213916580536, "mcc": 0.9500664382008694, "data_info": {"train_count": 2455, "test_count": 614, "actives_count": 279, "decoys_count": 2790}}, "svc": {"protein_name": "protein_kinase_c_theta_type", "uniprot_id": "Q04759", "roc_auc": 0.9990399385560677, "accuracy": 0.99185667752443, "f1_score": 0.99182364106734, "cohen_kappa": 0.9504790786205116, "mcc": 0.9505256996589618, "data_info": {"train_count": 2455, "test_count": 614, "actives_count": 279, "decoys_count": 2790}}, "ann": {"protein_name": "protein_kinase_c_theta_type", "uniprot_id": "Q04759", "roc_auc": 0.9848310291858678, "accuracy": 0.995114006514658, "f1_score": 0.9950533176613215, "cohen_kappa": 0.9697983275946876, "mcc": 0.9702409268183539, "data_info": {"train_count": 2455, "test_count": 614, "actives_count": 279, "decoys_count": 2790}}}