{"xgb": {"protein_name": "aldo_keto_reductase_family_1_member_c1", "uniprot_id": "Q04828", "roc_auc": 0.9756944444444444, "accuracy": 0.972972972972973, "f1_score": 0.9596445760829322, "cohen_kappa": 0.0, "mcc": 0.0, "data_info": {"train_count": 592, "test_count": 148, "actives_count": 20, "decoys_count": 720}}, "rf": {"protein_name": "aldo_keto_reductase_family_1_member_c1", "uniprot_id": "Q04828", "roc_auc": 0.9947916666666666, "accuracy": 0.9932432432432432, "f1_score": 0.9927723076512002, "cohen_kappa": 0.8537549407114624, "mcc": 0.8630339426736915, "data_info": {"train_count": 592, "test_count": 148, "actives_count": 20, "decoys_count": 720}}, "svc": {"protein_name": "aldo_keto_reductase_family_1_member_c1", "uniprot_id": "Q04828", "roc_auc": 0.984375, "accuracy": 0.9864864864864865, "f1_score": 0.9842808325566945, "cohen_kappa": 0.6605504587155964, "mcc": 0.7022468831767834, "data_info": {"train_count": 592, "test_count": 148, "actives_count": 20, "decoys_count": 720}}, "mlp": {"protein_name": "aldo_keto_reductase_family_1_member_c1", "uniprot_id": "Q04828", "roc_auc": 0.9375, "accuracy": 0.972972972972973, "f1_score": 0.9685616651133894, "cohen_kappa": 0.32110091743119273, "mcc": 0.3413700126553808, "data_info": {"train_count": 592, "test_count": 148, "actives_count": 20, "decoys_count": 720}}}