{"xgb": {"protein_name": "hormone_sensitive_lipase", "uniprot_id": "Q05469", "roc_auc": 0.9998088904177656, "accuracy": 0.9964539007092199, "f1_score": 0.9964539007092199, "cohen_kappa": 0.9784428391239537, "mcc": 0.9784428391239537, "data_info": {"train_count": 2252, "test_count": 564, "actives_count": 256, "decoys_count": 2560}}, "rf": {"protein_name": "hormone_sensitive_lipase", "uniprot_id": "Q05469", "roc_auc": 0.9993884493368498, "accuracy": 0.9929078014184397, "f1_score": 0.9928437784584815, "cohen_kappa": 0.9561106571728727, "mcc": 0.9563409567919698, "data_info": {"train_count": 2252, "test_count": 564, "actives_count": 256, "decoys_count": 2560}}, "svc": {"protein_name": "hormone_sensitive_lipase", "uniprot_id": "Q05469", "roc_auc": 0.9973626877651646, "accuracy": 0.9840425531914894, "f1_score": 0.9846188685390342, "cohen_kappa": 0.9101338432122371, "mcc": 0.9138313407288271, "data_info": {"train_count": 2252, "test_count": 564, "actives_count": 256, "decoys_count": 2560}}, "mlp": {"protein_name": "hormone_sensitive_lipase", "uniprot_id": "Q05469", "roc_auc": 0.9990062301723808, "accuracy": 0.9893617021276596, "f1_score": 0.9894536044905893, "cohen_kappa": 0.9364507042253521, "mcc": 0.9366608787571983, "data_info": {"train_count": 2252, "test_count": 564, "actives_count": 256, "decoys_count": 2560}}}