{"xgb": {"protein_name": "glutamate_receptor_ionotropic_nmda_1", "uniprot_id": "Q05586", "roc_auc": 0.9963996399639964, "accuracy": 0.9734939759036144, "f1_score": 0.9604189652382423, "cohen_kappa": 0.0, "mcc": 0.0, "data_info": {"train_count": 1657, "test_count": 415, "actives_count": 56, "decoys_count": 2016}}, "rf": {"protein_name": "glutamate_receptor_ionotropic_nmda_1", "uniprot_id": "Q05586", "roc_auc": 0.9997749774977498, "accuracy": 0.9927710843373494, "f1_score": 0.9922137508434673, "cohen_kappa": 0.8385004540147879, "mcc": 0.8496540440904565, "data_info": {"train_count": 1657, "test_count": 415, "actives_count": 56, "decoys_count": 2016}}, "svc": {"protein_name": "glutamate_receptor_ionotropic_nmda_1", "uniprot_id": "Q05586", "roc_auc": 0.9828982898289829, "accuracy": 0.9951807228915662, "f1_score": 0.9951807228915662, "cohen_kappa": 0.9066156615661566, "mcc": 0.9066156615661566, "data_info": {"train_count": 1657, "test_count": 415, "actives_count": 56, "decoys_count": 2016}}, "mlp": {"protein_name": "glutamate_receptor_ionotropic_nmda_1", "uniprot_id": "Q05586", "roc_auc": 0.9072907290729073, "accuracy": 0.9879518072289156, "f1_score": 0.9862170627376012, "cohen_kappa": 0.7002744474938611, "mcc": 0.7340207060956155, "data_info": {"train_count": 1657, "test_count": 415, "actives_count": 56, "decoys_count": 2016}}}