{"xgb": {"protein_name": "glutamate_receptor_ionotropic_nmda_1", "uniprot_id": "Q05586", "roc_auc": 1.0, "accuracy": 0.9838709677419355, "f1_score": 0.9831352574985852, "cohen_kappa": 0.8913234005258546, "mcc": 0.896634021867317, "data_info": {"train_count": 492, "test_count": 124, "actives_count": 56, "decoys_count": 560}}, "rf": {"protein_name": "glutamate_receptor_ionotropic_nmda_1", "uniprot_id": "Q05586", "roc_auc": 1.0, "accuracy": 0.9919354838709677, "f1_score": 0.9917612348335668, "cohen_kappa": 0.947986577181208, "mcc": 0.9492715246083268, "data_info": {"train_count": 492, "test_count": 124, "actives_count": 56, "decoys_count": 560}}, "svc": {"protein_name": "glutamate_receptor_ionotropic_nmda_1", "uniprot_id": "Q05586", "roc_auc": 1.0, "accuracy": 0.9919354838709677, "f1_score": 0.9920928782920367, "cohen_kappa": 0.9520865533230294, "mcc": 0.9531812903490009, "data_info": {"train_count": 492, "test_count": 124, "actives_count": 56, "decoys_count": 560}}, "mlp": {"protein_name": "glutamate_receptor_ionotropic_nmda_1", "uniprot_id": "Q05586", "roc_auc": 0.9670152855993563, "accuracy": 0.9838709677419355, "f1_score": 0.9831352574985852, "cohen_kappa": 0.8913234005258546, "mcc": 0.896634021867317, "data_info": {"train_count": 492, "test_count": 124, "actives_count": 56, "decoys_count": 560}}}