{"xgb": {"protein_name": "protein_kinase_c_delta_type", "uniprot_id": "Q05655", "roc_auc": 0.9994538077403246, "accuracy": 0.9948979591836735, "f1_score": 0.9948322186017264, "cohen_kappa": 0.9686299615877081, "mcc": 0.9691069179909034, "data_info": {"train_count": 1566, "test_count": 392, "actives_count": 178, "decoys_count": 1780}}, "rf": {"protein_name": "protein_kinase_c_delta_type", "uniprot_id": "Q05655", "roc_auc": 0.9992197253433208, "accuracy": 0.9948979591836735, "f1_score": 0.9948322186017264, "cohen_kappa": 0.9686299615877081, "mcc": 0.9691069179909034, "data_info": {"train_count": 1566, "test_count": 392, "actives_count": 178, "decoys_count": 1780}}, "svc": {"protein_name": "protein_kinase_c_delta_type", "uniprot_id": "Q05655", "roc_auc": 0.9953963795255931, "accuracy": 0.9846938775510204, "f1_score": 0.9850534326130096, "cohen_kappa": 0.9126040428061831, "mcc": 0.9141570018661089, "data_info": {"train_count": 1566, "test_count": 392, "actives_count": 178, "decoys_count": 1780}}, "mlp": {"protein_name": "protein_kinase_c_delta_type", "uniprot_id": "Q05655", "roc_auc": 0.9968789013732834, "accuracy": 0.9897959183673469, "f1_score": 0.9896644372034527, "cohen_kappa": 0.9372599231754162, "mcc": 0.9377214328742118, "data_info": {"train_count": 1566, "test_count": 392, "actives_count": 178, "decoys_count": 1780}}}