{"xgb": {"protein_name": "tyrosine_protein_phosphatase_non_receptor_type_11", "uniprot_id": "Q06124", "roc_auc": 0.9956521739130435, "accuracy": 0.9411764705882353, "f1_score": 0.929500221141088, "cohen_kappa": 0.5459940652818991, "mcc": 0.612788873986492, "data_info": {"train_count": 202, "test_count": 51, "actives_count": 23, "decoys_count": 230}}, "rf": {"protein_name": "tyrosine_protein_phosphatase_non_receptor_type_11", "uniprot_id": "Q06124", "roc_auc": 0.9717391304347827, "accuracy": 0.9411764705882353, "f1_score": 0.929500221141088, "cohen_kappa": 0.5459940652818991, "mcc": 0.612788873986492, "data_info": {"train_count": 202, "test_count": 51, "actives_count": 23, "decoys_count": 230}}, "svc": {"protein_name": "tyrosine_protein_phosphatase_non_receptor_type_11", "uniprot_id": "Q06124", "roc_auc": 0.9304347826086956, "accuracy": 0.9607843137254902, "f1_score": 0.9607843137254902, "cohen_kappa": 0.7782608695652173, "mcc": 0.7782608695652173, "data_info": {"train_count": 202, "test_count": 51, "actives_count": 23, "decoys_count": 230}}, "mlp": {"protein_name": "tyrosine_protein_phosphatase_non_receptor_type_11", "uniprot_id": "Q06124", "roc_auc": 0.6956521739130435, "accuracy": 0.9411764705882353, "f1_score": 0.929500221141088, "cohen_kappa": 0.5459940652818991, "mcc": 0.612788873986492, "data_info": {"train_count": 202, "test_count": 51, "actives_count": 23, "decoys_count": 230}}}