{"xgb": {"protein_name": "tyrosine_protein_kinase_receptor_tyro3", "uniprot_id": "Q06418", "roc_auc": 0.975, "accuracy": 0.9811320754716981, "f1_score": 0.9801811147852774, "cohen_kappa": 0.8787185354691076, "mcc": 0.885253336275981, "data_info": {"train_count": 211, "test_count": 53, "actives_count": 24, "decoys_count": 240}}, "rf": {"protein_name": "tyrosine_protein_kinase_receptor_tyro3", "uniprot_id": "Q06418", "roc_auc": 1.0, "accuracy": 0.9811320754716981, "f1_score": 0.9801811147852774, "cohen_kappa": 0.8787185354691076, "mcc": 0.885253336275981, "data_info": {"train_count": 211, "test_count": 53, "actives_count": 24, "decoys_count": 240}}, "svc": {"protein_name": "tyrosine_protein_kinase_receptor_tyro3", "uniprot_id": "Q06418", "roc_auc": 0.9916666666666667, "accuracy": 0.9811320754716981, "f1_score": 0.9801811147852774, "cohen_kappa": 0.8787185354691076, "mcc": 0.885253336275981, "data_info": {"train_count": 211, "test_count": 53, "actives_count": 24, "decoys_count": 240}}, "mlp": {"protein_name": "tyrosine_protein_kinase_receptor_tyro3", "uniprot_id": "Q06418", "roc_auc": 0.8625, "accuracy": 0.9811320754716981, "f1_score": 0.9801811147852774, "cohen_kappa": 0.8787185354691076, "mcc": 0.885253336275981, "data_info": {"train_count": 211, "test_count": 53, "actives_count": 24, "decoys_count": 240}}}