{"xgb": {"protein_name": "glutamyl_aminopeptidase", "uniprot_id": "Q07075", "roc_auc": 0.9970588235294118, "accuracy": 0.967741935483871, "f1_score": 0.9642995453176323, "cohen_kappa": 0.7528786536758193, "mcc": 0.7769769506350762, "data_info": {"train_count": 369, "test_count": 93, "actives_count": 42, "decoys_count": 420}}, "rf": {"protein_name": "glutamyl_aminopeptidase", "uniprot_id": "Q07075", "roc_auc": 1.0, "accuracy": 0.978494623655914, "f1_score": 0.9770835566034366, "cohen_kappa": 0.8457711442786069, "mcc": 0.8560132129176834, "data_info": {"train_count": 369, "test_count": 93, "actives_count": 42, "decoys_count": 420}}, "svc": {"protein_name": "glutamyl_aminopeptidase", "uniprot_id": "Q07075", "roc_auc": 1.0, "accuracy": 1.0, "f1_score": 1.0, "cohen_kappa": 1.0, "mcc": 1.0, "data_info": {"train_count": 369, "test_count": 93, "actives_count": 42, "decoys_count": 420}}, "ann": {"protein_name": "glutamyl_aminopeptidase", "uniprot_id": "Q07075", "roc_auc": 0.9955882352941176, "accuracy": 0.967741935483871, "f1_score": 0.9642995453176323, "cohen_kappa": 0.7528786536758193, "mcc": 0.7769769506350762, "data_info": {"train_count": 369, "test_count": 93, "actives_count": 42, "decoys_count": 420}}}