{"xgb": {"protein_name": "induced_myeloid_leukemia_cell_differentiation_protein_mcl_1", "uniprot_id": "Q07820", "roc_auc": 0.9990043679342241, "accuracy": 0.9934640522875817, "f1_score": 0.9933547293867767, "cohen_kappa": 0.9593841252986461, "mcc": 0.9601764293660848, "data_info": {"train_count": 2446, "test_count": 612, "actives_count": 278, "decoys_count": 2780}}, "rf": {"protein_name": "induced_myeloid_leukemia_cell_differentiation_protein_mcl_1", "uniprot_id": "Q07820", "roc_auc": 0.9992934224049331, "accuracy": 0.9918300653594772, "f1_score": 0.9917286260097213, "cohen_kappa": 0.9496478641479629, "mcc": 0.9500815430676433, "data_info": {"train_count": 2446, "test_count": 612, "actives_count": 278, "decoys_count": 2780}}, "svc": {"protein_name": "induced_myeloid_leukemia_cell_differentiation_protein_mcl_1", "uniprot_id": "Q07820", "roc_auc": 0.997944501541624, "accuracy": 0.988562091503268, "f1_score": 0.9886958110435403, "cohen_kappa": 0.9328231825879696, "mcc": 0.9332100166391935, "data_info": {"train_count": 2446, "test_count": 612, "actives_count": 278, "decoys_count": 2780}}, "mlp": {"protein_name": "induced_myeloid_leukemia_cell_differentiation_protein_mcl_1", "uniprot_id": "Q07820", "roc_auc": 0.9958890030832477, "accuracy": 0.988562091503268, "f1_score": 0.9887806603891411, "cohen_kappa": 0.9338603100104984, "mcc": 0.9349041835064702, "data_info": {"train_count": 2446, "test_count": 612, "actives_count": 278, "decoys_count": 2780}}}