{"xgb": {"protein_name": "bcl_2_like_protein_1", "uniprot_id": "Q07817", "roc_auc": 0.9991506228765572, "accuracy": 0.9907312049433573, "f1_score": 0.9906087803699787, "cohen_kappa": 0.9422913103484709, "mcc": 0.9427759596181625, "data_info": {"train_count": 3880, "test_count": 971, "actives_count": 441, "decoys_count": 4410}}, "rf": {"protein_name": "bcl_2_like_protein_1", "uniprot_id": "Q07817", "roc_auc": 0.9995624420879234, "accuracy": 0.9938208032955715, "f1_score": 0.9937222200418154, "cohen_kappa": 0.9613244997942086, "mcc": 0.9620442792378294, "data_info": {"train_count": 3880, "test_count": 971, "actives_count": 441, "decoys_count": 4410}}, "svc": {"protein_name": "bcl_2_like_protein_1", "uniprot_id": "Q07817", "roc_auc": 0.9993436631318852, "accuracy": 0.995880535530381, "f1_score": 0.9959013432918807, "cohen_kappa": 0.97526083134817, "mcc": 0.9753354505911617, "data_info": {"train_count": 3880, "test_count": 971, "actives_count": 441, "decoys_count": 4410}}, "ann": {"protein_name": "bcl_2_like_protein_1", "uniprot_id": "Q07817", "roc_auc": 0.9987388036651911, "accuracy": 0.9927909371781668, "f1_score": 0.9927723797717276, "cohen_kappa": 0.9560386254713381, "mcc": 0.9560574795248745, "data_info": {"train_count": 3880, "test_count": 971, "actives_count": 441, "decoys_count": 4410}}}