{"xgb": {"protein_name": "1_25_dihydroxyvitamin_d_3_24_hydroxylase_mitochondrial", "uniprot_id": "Q07973", "roc_auc": 0.993010752688172, "accuracy": 0.9717868338557993, "f1_score": 0.9578820937847308, "cohen_kappa": 0.0, "mcc": 0.0, "data_info": {"train_count": 1272, "test_count": 319, "actives_count": 43, "decoys_count": 1548}}, "rf": {"protein_name": "1_25_dihydroxyvitamin_d_3_24_hydroxylase_mitochondrial", "uniprot_id": "Q07973", "roc_auc": 1.0, "accuracy": 0.9937304075235109, "f1_score": 0.9933486377244, "cohen_kappa": 0.8718360787464845, "mcc": 0.8790859018275874, "data_info": {"train_count": 1272, "test_count": 319, "actives_count": 43, "decoys_count": 1548}}, "svc": {"protein_name": "1_25_dihydroxyvitamin_d_3_24_hydroxylase_mitochondrial", "uniprot_id": "Q07973", "roc_auc": 1.0, "accuracy": 0.9968652037617555, "f1_score": 0.9969451662540159, "cohen_kappa": 0.945757524230573, "mcc": 0.9471519277251926, "data_info": {"train_count": 1272, "test_count": 319, "actives_count": 43, "decoys_count": 1548}}, "mlp": {"protein_name": "1_25_dihydroxyvitamin_d_3_24_hydroxylase_mitochondrial", "uniprot_id": "Q07973", "roc_auc": 0.9867383512544803, "accuracy": 0.9968652037617555, "f1_score": 0.9967755278629254, "cohen_kappa": 0.9395718886152681, "mcc": 0.9412920509910945, "data_info": {"train_count": 1272, "test_count": 319, "actives_count": 43, "decoys_count": 1548}}}