{"xgb": {"protein_name": "epithelial_discoidin_domain_containing_receptor_1", "uniprot_id": "Q08345", "roc_auc": 0.9924242424242424, "accuracy": 0.979381443298969, "f1_score": 0.9782086180933627, "cohen_kappa": 0.8639551192145862, "mcc": 0.8720629720154927, "data_info": {"train_count": 387, "test_count": 97, "actives_count": 44, "decoys_count": 440}}, "rf": {"protein_name": "epithelial_discoidin_domain_containing_receptor_1", "uniprot_id": "Q08345", "roc_auc": 1.0, "accuracy": 0.979381443298969, "f1_score": 0.9782086180933627, "cohen_kappa": 0.8639551192145862, "mcc": 0.8720629720154927, "data_info": {"train_count": 387, "test_count": 97, "actives_count": 44, "decoys_count": 440}}, "svc": {"protein_name": "epithelial_discoidin_domain_containing_receptor_1", "uniprot_id": "Q08345", "roc_auc": 1.0, "accuracy": 0.9896907216494846, "f1_score": 0.9899325633671807, "cohen_kappa": 0.94167167769092, "mcc": 0.9432776512102506, "data_info": {"train_count": 387, "test_count": 97, "actives_count": 44, "decoys_count": 440}}, "mlp": {"protein_name": "epithelial_discoidin_domain_containing_receptor_1", "uniprot_id": "Q08345", "roc_auc": 0.9949494949494949, "accuracy": 0.9587628865979382, "f1_score": 0.9587628865979382, "cohen_kappa": 0.755050505050505, "mcc": 0.7550505050505051, "data_info": {"train_count": 387, "test_count": 97, "actives_count": 44, "decoys_count": 440}}}