{"xgb": {"protein_name": "epithelial_discoidin_domain_containing_receptor_1", "uniprot_id": "Q08345", "roc_auc": 0.9675779880827201, "accuracy": 0.9723926380368099, "f1_score": 0.958782165653713, "cohen_kappa": 0.0, "mcc": 0.0, "data_info": {"train_count": 1302, "test_count": 326, "actives_count": 44, "decoys_count": 1584}}, "rf": {"protein_name": "epithelial_discoidin_domain_containing_receptor_1", "uniprot_id": "Q08345", "roc_auc": 0.9516298633017877, "accuracy": 0.9846625766871165, "f1_score": 0.9817730777723866, "cohen_kappa": 0.6087373979836774, "mcc": 0.6614704325934055, "data_info": {"train_count": 1302, "test_count": 326, "actives_count": 44, "decoys_count": 1584}}, "svc": {"protein_name": "epithelial_discoidin_domain_containing_receptor_1", "uniprot_id": "Q08345", "roc_auc": 0.7602523659305993, "accuracy": 0.9877300613496932, "f1_score": 0.9869824825404175, "cohen_kappa": 0.7438113948919449, "mcc": 0.7499898166698402, "data_info": {"train_count": 1302, "test_count": 326, "actives_count": 44, "decoys_count": 1584}}, "mlp": {"protein_name": "epithelial_discoidin_domain_containing_receptor_1", "uniprot_id": "Q08345", "roc_auc": 0.7308096740273395, "accuracy": 0.9877300613496932, "f1_score": 0.9860156767286025, "cohen_kappa": 0.7085382208314708, "mcc": 0.7406974719103793, "data_info": {"train_count": 1302, "test_count": 326, "actives_count": 44, "decoys_count": 1584}}}