{"xgb": {"protein_name": "tyrosine_protein_kinase_itk_tsk", "uniprot_id": "Q08881", "roc_auc": 0.9770321361058601, "accuracy": 0.9861660079051383, "f1_score": 0.9856486048376397, "cohen_kappa": 0.9101516919486581, "mcc": 0.9138477843816617, "data_info": {"train_count": 2024, "test_count": 506, "actives_count": 230, "decoys_count": 2300}}, "rf": {"protein_name": "tyrosine_protein_kinase_itk_tsk", "uniprot_id": "Q08881", "roc_auc": 0.9957466918714557, "accuracy": 0.9901185770750988, "f1_score": 0.989861334688921, "cohen_kappa": 0.9371428571428572, "mcc": 0.93899969654283, "data_info": {"train_count": 2024, "test_count": 506, "actives_count": 230, "decoys_count": 2300}}, "svc": {"protein_name": "tyrosine_protein_kinase_itk_tsk", "uniprot_id": "Q08881", "roc_auc": 0.9804820415879016, "accuracy": 0.9920948616600791, "f1_score": 0.9920156006923905, "cohen_kappa": 0.9512195121951219, "mcc": 0.9515025711248198, "data_info": {"train_count": 2024, "test_count": 506, "actives_count": 230, "decoys_count": 2300}}, "ann": {"protein_name": "tyrosine_protein_kinase_itk_tsk", "uniprot_id": "Q08881", "roc_auc": 0.9867674858223062, "accuracy": 0.9901185770750988, "f1_score": 0.989861334688921, "cohen_kappa": 0.9371428571428572, "mcc": 0.93899969654283, "data_info": {"train_count": 2024, "test_count": 506, "actives_count": 230, "decoys_count": 2300}}}