{"xgb": {"protein_name": "alpha_1_6_mannosyl_glycoprotein_2_beta_n_acetylglucosaminyltransferase", "uniprot_id": "Q10469", "roc_auc": 0.9810910307898258, "accuracy": 0.9736070381231672, "f1_score": 0.9605870331556955, "cohen_kappa": 0.0, "mcc": 0.0, "data_info": {"train_count": 1361, "test_count": 341, "actives_count": 46, "decoys_count": 1656}}, "rf": {"protein_name": "alpha_1_6_mannosyl_glycoprotein_2_beta_n_acetylglucosaminyltransferase", "uniprot_id": "Q10469", "roc_auc": 0.999330655957162, "accuracy": 0.9882697947214076, "f1_score": 0.9866291714852659, "cohen_kappa": 0.7087959009393681, "mcc": 0.7409060662066407, "data_info": {"train_count": 1361, "test_count": 341, "actives_count": 46, "decoys_count": 1656}}, "svc": {"protein_name": "alpha_1_6_mannosyl_glycoprotein_2_beta_n_acetylglucosaminyltransferase", "uniprot_id": "Q10469", "roc_auc": 0.9989959839357431, "accuracy": 0.9941348973607038, "f1_score": 0.9937771349061671, "cohen_kappa": 0.8720450281425891, "mcc": 0.8792726686387088, "data_info": {"train_count": 1361, "test_count": 341, "actives_count": 46, "decoys_count": 1656}}, "mlp": {"protein_name": "alpha_1_6_mannosyl_glycoprotein_2_beta_n_acetylglucosaminyltransferase", "uniprot_id": "Q10469", "roc_auc": 0.998995983935743, "accuracy": 0.9941348973607038, "f1_score": 0.9937771349061671, "cohen_kappa": 0.8720450281425891, "mcc": 0.8792726686387088, "data_info": {"train_count": 1361, "test_count": 341, "actives_count": 46, "decoys_count": 1656}}}