{"xgb": {"protein_name": "prolyl_endopeptidase_fap", "uniprot_id": "Q12884", "roc_auc": 1.0, "accuracy": 0.9795918367346939, "f1_score": 0.9784297052154195, "cohen_kappa": 0.8640776699029127, "mcc": 0.8721718641894846, "data_info": {"train_count": 783, "test_count": 196, "actives_count": 89, "decoys_count": 890}}, "rf": {"protein_name": "prolyl_endopeptidase_fap", "uniprot_id": "Q12884", "roc_auc": 1.0, "accuracy": 0.9948979591836735, "f1_score": 0.9948322186017264, "cohen_kappa": 0.9686299615877081, "mcc": 0.9691069179909034, "data_info": {"train_count": 783, "test_count": 196, "actives_count": 89, "decoys_count": 890}}, "svc": {"protein_name": "prolyl_endopeptidase_fap", "uniprot_id": "Q12884", "roc_auc": 0.9987515605493135, "accuracy": 0.9846938775510204, "f1_score": 0.984879159124632, "cohen_kappa": 0.9104750304506699, "mcc": 0.9108807015598983, "data_info": {"train_count": 783, "test_count": 196, "actives_count": 89, "decoys_count": 890}}, "mlp": {"protein_name": "prolyl_endopeptidase_fap", "uniprot_id": "Q12884", "roc_auc": 1.0, "accuracy": 1.0, "f1_score": 1.0, "cohen_kappa": 1.0, "mcc": 1.0, "data_info": {"train_count": 783, "test_count": 196, "actives_count": 89, "decoys_count": 890}}}