{"xgb": {"protein_name": "tissue_factor", "uniprot_id": "Q12860", "roc_auc": 0.9999999999999999, "accuracy": 0.9939393939393939, "f1_score": 0.9938449681833803, "cohen_kappa": 0.9621993127147767, "mcc": 0.9628874897311704, "data_info": {"train_count": 660, "test_count": 165, "actives_count": 75, "decoys_count": 750}}, "rf": {"protein_name": "tissue_factor", "uniprot_id": "Q12860", "roc_auc": 1.0, "accuracy": 1.0, "f1_score": 1.0, "cohen_kappa": 1.0, "mcc": 1.0, "data_info": {"train_count": 660, "test_count": 165, "actives_count": 75, "decoys_count": 750}}, "svc": {"protein_name": "tissue_factor", "uniprot_id": "Q12860", "roc_auc": 1.0, "accuracy": 0.9939393939393939, "f1_score": 0.9940270108573056, "cohen_kappa": 0.9644012944983819, "mcc": 0.9650129532809392, "data_info": {"train_count": 660, "test_count": 165, "actives_count": 75, "decoys_count": 750}}, "ann": {"protein_name": "tissue_factor", "uniprot_id": "Q12860", "roc_auc": 0.9995555555555555, "accuracy": 0.9939393939393939, "f1_score": 0.9938449681833803, "cohen_kappa": 0.9621993127147767, "mcc": 0.9628874897311704, "data_info": {"train_count": 660, "test_count": 165, "actives_count": 75, "decoys_count": 750}}}