{"xgb": {"protein_name": "glutamate_receptor_ionotropic_kainate_2", "uniprot_id": "Q13002", "roc_auc": 1.0, "accuracy": 0.9983333333333333, "f1_score": 0.9983071644728976, "cohen_kappa": 0.9668874172185431, "mcc": 0.9674179220468452, "data_info": {"train_count": 2397, "test_count": 600, "actives_count": 81, "decoys_count": 2916}}, "rf": {"protein_name": "glutamate_receptor_ionotropic_kainate_2", "uniprot_id": "Q13002", "roc_auc": 1.0, "accuracy": 0.9983333333333333, "f1_score": 0.9983071644728976, "cohen_kappa": 0.9668874172185431, "mcc": 0.9674179220468452, "data_info": {"train_count": 2397, "test_count": 600, "actives_count": 81, "decoys_count": 2916}}, "svc": {"protein_name": "glutamate_receptor_ionotropic_kainate_2", "uniprot_id": "Q13002", "roc_auc": 0.9997859589041096, "accuracy": 0.9983333333333333, "f1_score": 0.9983071644728976, "cohen_kappa": 0.9668874172185431, "mcc": 0.9674179220468452, "data_info": {"train_count": 2397, "test_count": 600, "actives_count": 81, "decoys_count": 2916}}, "ann": {"protein_name": "glutamate_receptor_ionotropic_kainate_2", "uniprot_id": "Q13002", "roc_auc": 0.993257705479452, "accuracy": 0.9983333333333333, "f1_score": 0.9983071644728976, "cohen_kappa": 0.9668874172185431, "mcc": 0.9674179220468452, "data_info": {"train_count": 2397, "test_count": 600, "actives_count": 81, "decoys_count": 2916}}}