{"xgb": {"protein_name": "acetyl_coa_carboxylase_1", "uniprot_id": "Q13085", "roc_auc": 0.9974810495626822, "accuracy": 0.991106170094497, "f1_score": 0.9902587156175277, "cohen_kappa": 0.8005045604502232, "mcc": 0.8169257860099172, "data_info": {"train_count": 7192, "test_count": 1799, "actives_count": 243, "decoys_count": 8748}}, "rf": {"protein_name": "acetyl_coa_carboxylase_1", "uniprot_id": "Q13085", "roc_auc": 0.9999883381924198, "accuracy": 0.9966648137854364, "f1_score": 0.9965589115519684, "cohen_kappa": 0.9330787258050517, "mcc": 0.9351751464335419, "data_info": {"train_count": 7192, "test_count": 1799, "actives_count": 243, "decoys_count": 8748}}, "svc": {"protein_name": "acetyl_coa_carboxylase_1", "uniprot_id": "Q13085", "roc_auc": 0.9899475218658893, "accuracy": 0.9972206781545303, "f1_score": 0.9972343179740958, "cohen_kappa": 0.9480661197106253, "mcc": 0.9481172649610867, "data_info": {"train_count": 7192, "test_count": 1799, "actives_count": 243, "decoys_count": 8748}}, "ann": {"protein_name": "acetyl_coa_carboxylase_1", "uniprot_id": "Q13085", "roc_auc": 0.989201166180758, "accuracy": 0.9994441356309061, "f1_score": 0.9994413497371667, "cohen_kappa": 0.9894051201714968, "mcc": 0.9894606559408469, "data_info": {"train_count": 7192, "test_count": 1799, "actives_count": 243, "decoys_count": 8748}}}