{"xgb": {"protein_name": "oxysterols_receptor_lxr_alpha", "uniprot_id": "Q13133", "roc_auc": 0.9900343642611684, "accuracy": 0.9868667917448405, "f1_score": 0.9863973656036259, "cohen_kappa": 0.9142318567389256, "mcc": 0.9176131477310516, "data_info": {"train_count": 2129, "test_count": 533, "actives_count": 242, "decoys_count": 2420}}, "rf": {"protein_name": "oxysterols_receptor_lxr_alpha", "uniprot_id": "Q13133", "roc_auc": 0.9863616838487972, "accuracy": 0.9868667917448405, "f1_score": 0.9863973656036259, "cohen_kappa": 0.9142318567389256, "mcc": 0.9176131477310516, "data_info": {"train_count": 2129, "test_count": 533, "actives_count": 242, "decoys_count": 2420}}, "svc": {"protein_name": "oxysterols_receptor_lxr_alpha", "uniprot_id": "Q13133", "roc_auc": 0.9659793814432989, "accuracy": 0.9793621013133208, "f1_score": 0.9796427834614835, "cohen_kappa": 0.8775250151448685, "mcc": 0.8780149575550831, "data_info": {"train_count": 2129, "test_count": 533, "actives_count": 242, "decoys_count": 2420}}, "ann": {"protein_name": "oxysterols_receptor_lxr_alpha", "uniprot_id": "Q13133", "roc_auc": 0.982517182130584, "accuracy": 0.9831144465290806, "f1_score": 0.9834886608162318, "cohen_kappa": 0.901589906657093, "mcc": 0.902940386969977, "data_info": {"train_count": 2129, "test_count": 533, "actives_count": 242, "decoys_count": 2420}}}