{"xgb": {"protein_name": "glutamate_receptor_ionotropic_nmda_2b", "uniprot_id": "Q13224", "roc_auc": 0.9749019607843137, "accuracy": 0.982837528604119, "f1_score": 0.979012021462869, "cohen_kappa": 0.5385427666314677, "mcc": 0.6070396278881549, "data_info": {"train_count": 3492, "test_count": 874, "actives_count": 118, "decoys_count": 4248}}, "rf": {"protein_name": "glutamate_receptor_ionotropic_nmda_2b", "uniprot_id": "Q13224", "roc_auc": 0.9992156862745099, "accuracy": 0.994279176201373, "f1_score": 0.9939549584712591, "cohen_kappa": 0.8808290155440415, "mcc": 0.8871510790372951, "data_info": {"train_count": 3492, "test_count": 874, "actives_count": 118, "decoys_count": 4248}}, "svc": {"protein_name": "glutamate_receptor_ionotropic_nmda_2b", "uniprot_id": "Q13224", "roc_auc": 0.9917156862745098, "accuracy": 0.9897025171624714, "f1_score": 0.9899962822279949, "cohen_kappa": 0.8182448357132954, "mcc": 0.8197506862818944, "data_info": {"train_count": 3492, "test_count": 874, "actives_count": 118, "decoys_count": 4248}}, "mlp": {"protein_name": "glutamate_receptor_ionotropic_nmda_2b", "uniprot_id": "Q13224", "roc_auc": 0.9966666666666667, "accuracy": 0.9908466819221968, "f1_score": 0.991024357637064, "cohen_kappa": 0.8352963346838782, "mcc": 0.8360053405044743, "data_info": {"train_count": 3492, "test_count": 874, "actives_count": 118, "decoys_count": 4248}}}