{"xgb": {"protein_name": "acid_ceramidase", "uniprot_id": "Q13510", "roc_auc": 0.9987623762376239, "accuracy": 0.9742765273311897, "f1_score": 0.9615823706232914, "cohen_kappa": 0.0, "mcc": 0.0, "data_info": {"train_count": 1243, "test_count": 311, "actives_count": 42, "decoys_count": 1512}}, "rf": {"protein_name": "acid_ceramidase", "uniprot_id": "Q13510", "roc_auc": 1.0, "accuracy": 0.9967845659163987, "f1_score": 0.9966800334080246, "cohen_kappa": 0.9316933889743026, "mcc": 0.9338745689471984, "data_info": {"train_count": 1243, "test_count": 311, "actives_count": 42, "decoys_count": 1512}}, "svc": {"protein_name": "acid_ceramidase", "uniprot_id": "Q13510", "roc_auc": 1.0, "accuracy": 1.0, "f1_score": 1.0, "cohen_kappa": 1.0, "mcc": 1.0, "data_info": {"train_count": 1243, "test_count": 311, "actives_count": 42, "decoys_count": 1512}}, "mlp": {"protein_name": "acid_ceramidase", "uniprot_id": "Q13510", "roc_auc": 1.0, "accuracy": 0.9903536977491961, "f1_score": 0.9892644222392531, "cohen_kappa": 0.7645722937168812, "mcc": 0.7866845295412945, "data_info": {"train_count": 1243, "test_count": 311, "actives_count": 42, "decoys_count": 1512}}}