{"xgb": {"protein_name": "peptidyl_prolyl_cis_trans_isomerase_nima_interacting_1", "uniprot_id": "Q13526", "roc_auc": 0.9981884057971014, "accuracy": 0.9736842105263158, "f1_score": 0.9716791979949875, "cohen_kappa": 0.819477434679335, "mcc": 0.8331656437585733, "data_info": {"train_count": 607, "test_count": 152, "actives_count": 69, "decoys_count": 690}}, "rf": {"protein_name": "peptidyl_prolyl_cis_trans_isomerase_nima_interacting_1", "uniprot_id": "Q13526", "roc_auc": 0.9912008281573499, "accuracy": 0.9736842105263158, "f1_score": 0.9727667258905425, "cohen_kappa": 0.831858407079646, "mcc": 0.8348138283294237, "data_info": {"train_count": 607, "test_count": 152, "actives_count": 69, "decoys_count": 690}}, "svc": {"protein_name": "peptidyl_prolyl_cis_trans_isomerase_nima_interacting_1", "uniprot_id": "Q13526", "roc_auc": 0.9368530020703933, "accuracy": 0.9671052631578947, "f1_score": 0.967612605180663, "cohen_kappa": 0.8094282848545638, "mcc": 0.8100168557036366, "data_info": {"train_count": 607, "test_count": 152, "actives_count": 69, "decoys_count": 690}}, "ann": {"protein_name": "peptidyl_prolyl_cis_trans_isomerase_nima_interacting_1", "uniprot_id": "Q13526", "roc_auc": 0.8757763975155279, "accuracy": 0.9671052631578947, "f1_score": 0.9665554781458261, "cohen_kappa": 0.7967914438502673, "mcc": 0.7974503097858866, "data_info": {"train_count": 607, "test_count": 152, "actives_count": 69, "decoys_count": 690}}}