{"xgb": {"protein_name": "5_hydroxytryptamine_receptor_4", "uniprot_id": "Q13639", "roc_auc": 0.9918562846063773, "accuracy": 0.995260663507109, "f1_score": 0.9950407394275339, "cohen_kappa": 0.9023543703360907, "mcc": 0.9066872042934722, "data_info": {"train_count": 10124, "test_count": 2532, "actives_count": 344, "decoys_count": 12312}}, "rf": {"protein_name": "5_hydroxytryptamine_receptor_4", "uniprot_id": "Q13639", "roc_auc": 0.9997969955339018, "accuracy": 0.9980252764612955, "f1_score": 0.9979891587758122, "cohen_kappa": 0.9613934936143741, "mcc": 0.9621107558991687, "data_info": {"train_count": 10124, "test_count": 2532, "actives_count": 344, "decoys_count": 12312}}, "svc": {"protein_name": "5_hydroxytryptamine_receptor_4", "uniprot_id": "Q13639", "roc_auc": 0.9987702048285642, "accuracy": 0.9964454976303317, "f1_score": 0.996528766839934, "cohen_kappa": 0.9361057837892399, "mcc": 0.9372638527305766, "data_info": {"train_count": 10124, "test_count": 2532, "actives_count": 344, "decoys_count": 12312}}, "ann": {"protein_name": "5_hydroxytryptamine_receptor_4", "uniprot_id": "Q13639", "roc_auc": 0.9976580934055912, "accuracy": 0.9976303317535545, "f1_score": 0.9976467767066864, "cohen_kappa": 0.9559245913624732, "mcc": 0.9560277757848676, "data_info": {"train_count": 10124, "test_count": 2532, "actives_count": 344, "decoys_count": 12312}}}