{"xgb": {"protein_name": "dual_specificity_tyrosine_phosphorylation_regulated_kinase_1a", "uniprot_id": "Q13627", "roc_auc": 0.999195494770716, "accuracy": 0.9838709677419355, "f1_score": 0.9838709677419355, "cohen_kappa": 0.9002413515687852, "mcc": 0.9002413515687852, "data_info": {"train_count": 492, "test_count": 124, "actives_count": 56, "decoys_count": 560}}, "rf": {"protein_name": "dual_specificity_tyrosine_phosphorylation_regulated_kinase_1a", "uniprot_id": "Q13627", "roc_auc": 1.0, "accuracy": 0.9919354838709677, "f1_score": 0.9917612348335668, "cohen_kappa": 0.947986577181208, "mcc": 0.9492715246083268, "data_info": {"train_count": 492, "test_count": 124, "actives_count": 56, "decoys_count": 560}}, "svc": {"protein_name": "dual_specificity_tyrosine_phosphorylation_regulated_kinase_1a", "uniprot_id": "Q13627", "roc_auc": 1.0, "accuracy": 0.9758064516129032, "f1_score": 0.97709532764357, "cohen_kappa": 0.8667621776504297, "mcc": 0.8745596688689322, "data_info": {"train_count": 492, "test_count": 124, "actives_count": 56, "decoys_count": 560}}, "ann": {"protein_name": "dual_specificity_tyrosine_phosphorylation_regulated_kinase_1a", "uniprot_id": "Q13627", "roc_auc": 0.9919549477071601, "accuracy": 0.9758064516129032, "f1_score": 0.9762786348761103, "cohen_kappa": 0.8562596599690881, "mcc": 0.8572442124242639, "data_info": {"train_count": 492, "test_count": 124, "actives_count": 56, "decoys_count": 560}}}