{"xgb": {"protein_name": "ectonucleotide_pyrophosphatase_phosphodiesterase_family_member_2", "uniprot_id": "Q13822", "roc_auc": 0.9620689655172414, "accuracy": 0.9820627802690582, "f1_score": 0.9816347119447261, "cohen_kappa": 0.8849625999484138, "mcc": 0.8864301478917896, "data_info": {"train_count": 888, "test_count": 223, "actives_count": 101, "decoys_count": 1010}}, "rf": {"protein_name": "ectonucleotide_pyrophosphatase_phosphodiesterase_family_member_2", "uniprot_id": "Q13822", "roc_auc": 0.9660098522167487, "accuracy": 0.9775784753363229, "f1_score": 0.9761133218303196, "cohen_kappa": 0.8452463566967384, "mcc": 0.8555531274246818, "data_info": {"train_count": 888, "test_count": 223, "actives_count": 101, "decoys_count": 1010}}, "svc": {"protein_name": "ectonucleotide_pyrophosphatase_phosphodiesterase_family_member_2", "uniprot_id": "Q13822", "roc_auc": 0.933743842364532, "accuracy": 0.9730941704035875, "f1_score": 0.9736681868058684, "cohen_kappa": 0.8423285411265614, "mcc": 0.8434943196445858, "data_info": {"train_count": 888, "test_count": 223, "actives_count": 101, "decoys_count": 1010}}, "mlp": {"protein_name": "ectonucleotide_pyrophosphatase_phosphodiesterase_family_member_2", "uniprot_id": "Q13822", "roc_auc": 0.9093596059113301, "accuracy": 0.9820627802690582, "f1_score": 0.9811537666946176, "cohen_kappa": 0.879263670817542, "mcc": 0.8857432262241312, "data_info": {"train_count": 888, "test_count": 223, "actives_count": 101, "decoys_count": 1010}}}