{"xgb": {"protein_name": "metabotropic_glutamate_receptor_2", "uniprot_id": "Q14416", "roc_auc": 0.994047619047619, "accuracy": 0.9891891891891892, "f1_score": 0.9888833359987206, "cohen_kappa": 0.9316081330868762, "mcc": 0.9337945803757378, "data_info": {"train_count": 739, "test_count": 185, "actives_count": 84, "decoys_count": 840}}, "rf": {"protein_name": "metabotropic_glutamate_receptor_2", "uniprot_id": "Q14416", "roc_auc": 0.9936974789915967, "accuracy": 0.9945945945945946, "f1_score": 0.9945207144020202, "cohen_kappa": 0.966732602049991, "mcc": 0.9672679975303087, "data_info": {"train_count": 739, "test_count": 185, "actives_count": 84, "decoys_count": 840}}, "svc": {"protein_name": "metabotropic_glutamate_receptor_2", "uniprot_id": "Q14416", "roc_auc": 0.990546218487395, "accuracy": 0.9837837837837838, "f1_score": 0.9835621432060604, "cohen_kappa": 0.900197806149973, "mcc": 0.9006963533550456, "data_info": {"train_count": 739, "test_count": 185, "actives_count": 84, "decoys_count": 840}}, "ann": {"protein_name": "metabotropic_glutamate_receptor_2", "uniprot_id": "Q14416", "roc_auc": 0.9334733893557423, "accuracy": 0.9783783783783784, "f1_score": 0.9777666719974413, "cohen_kappa": 0.8632162661737524, "mcc": 0.8652422004672015, "data_info": {"train_count": 739, "test_count": 185, "actives_count": 84, "decoys_count": 840}}}