{"xgb": {"protein_name": "maternal_embryonic_leucine_zipper_kinase", "uniprot_id": "Q14680", "roc_auc": 1.0, "accuracy": 0.9992636229749632, "f1_score": 0.9992622691685578, "cohen_kappa": 0.995513680301819, "mcc": 0.9955236988370463, "data_info": {"train_count": 5429, "test_count": 1358, "actives_count": 617, "decoys_count": 6170}}, "rf": {"protein_name": "maternal_embryonic_leucine_zipper_kinase", "uniprot_id": "Q14680", "roc_auc": 1.0, "accuracy": 0.9992636229749632, "f1_score": 0.9992622691685578, "cohen_kappa": 0.995513680301819, "mcc": 0.9955236988370463, "data_info": {"train_count": 5429, "test_count": 1358, "actives_count": 617, "decoys_count": 6170}}, "svc": {"protein_name": "maternal_embryonic_leucine_zipper_kinase", "uniprot_id": "Q14680", "roc_auc": 1.0, "accuracy": 0.9992636229749632, "f1_score": 0.999264964492165, "cohen_kappa": 0.9955464020306832, "mcc": 0.9955562752774709, "data_info": {"train_count": 5429, "test_count": 1358, "actives_count": 617, "decoys_count": 6170}}, "mlp": {"protein_name": "maternal_embryonic_leucine_zipper_kinase", "uniprot_id": "Q14680", "roc_auc": 1.0, "accuracy": 1.0, "f1_score": 1.0, "cohen_kappa": 1.0, "mcc": 1.0, "data_info": {"train_count": 5429, "test_count": 1358, "actives_count": 617, "decoys_count": 6170}}}