{"xgb": {"protein_name": "bromodomain_containing_protein_3", "uniprot_id": "Q15059", "roc_auc": 0.9922878160677091, "accuracy": 0.991740412979351, "f1_score": 0.9910166248469442, "cohen_kappa": 0.8164250460291183, "mcc": 0.8305394702572579, "data_info": {"train_count": 6778, "test_count": 1695, "actives_count": 229, "decoys_count": 8244}}, "rf": {"protein_name": "bromodomain_containing_protein_3", "uniprot_id": "Q15059", "roc_auc": 0.998411421942152, "accuracy": 0.9970501474926253, "f1_score": 0.9969676143229911, "cohen_kappa": 0.9410200914449556, "mcc": 0.9426611042232984, "data_info": {"train_count": 6778, "test_count": 1695, "actives_count": 229, "decoys_count": 8244}}, "svc": {"protein_name": "bromodomain_containing_protein_3", "uniprot_id": "Q15059", "roc_auc": 0.9914309067418989, "accuracy": 0.9982300884955753, "f1_score": 0.998220631956787, "cohen_kappa": 0.9661237134006195, "mcc": 0.9661853151959159, "data_info": {"train_count": 6778, "test_count": 1695, "actives_count": 229, "decoys_count": 8244}}, "mlp": {"protein_name": "bromodomain_containing_protein_3", "uniprot_id": "Q15059", "roc_auc": 0.9974688216837609, "accuracy": 0.9976401179941002, "f1_score": 0.9976146121986831, "cohen_kappa": 0.9543440492383941, "mcc": 0.9545928086633646, "data_info": {"train_count": 6778, "test_count": 1695, "actives_count": 229, "decoys_count": 8244}}}