{"xgb": {"protein_name": "3_beta_hydroxysteroid_delta_8_delta_7_isomerase", "uniprot_id": "Q15125", "roc_auc": 0.9503012048192772, "accuracy": 0.945054945054945, "f1_score": 0.933370722844407, "cohen_kappa": 0.5225603357817419, "mcc": 0.5947210958240693, "data_info": {"train_count": 360, "test_count": 91, "actives_count": 41, "decoys_count": 410}}, "rf": {"protein_name": "3_beta_hydroxysteroid_delta_8_delta_7_isomerase", "uniprot_id": "Q15125", "roc_auc": 0.9849397590361445, "accuracy": 0.967032967032967, "f1_score": 0.9635216854151767, "cohen_kappa": 0.7524932003626473, "mcc": 0.7766580163872673, "data_info": {"train_count": 360, "test_count": 91, "actives_count": 41, "decoys_count": 410}}, "svc": {"protein_name": "3_beta_hydroxysteroid_delta_8_delta_7_isomerase", "uniprot_id": "Q15125", "roc_auc": 0.9021084337349398, "accuracy": 0.9340659340659341, "f1_score": 0.9297488226059655, "cohen_kappa": 0.5365025466893039, "mcc": 0.5430226625983859, "data_info": {"train_count": 360, "test_count": 91, "actives_count": 41, "decoys_count": 410}}, "mlp": {"protein_name": "3_beta_hydroxysteroid_delta_8_delta_7_isomerase", "uniprot_id": "Q15125", "roc_auc": 0.9171686746987951, "accuracy": 0.967032967032967, "f1_score": 0.9635216854151767, "cohen_kappa": 0.7524932003626473, "mcc": 0.7766580163872673, "data_info": {"train_count": 360, "test_count": 91, "actives_count": 41, "decoys_count": 410}}}