{"xgb": {"protein_name": "_pyruvate_dehydrogenase_acetyl_transferring_kinase_isozyme_1_mitochondrial", "uniprot_id": "Q15118", "roc_auc": 0.9509852216748769, "accuracy": 0.9955156950672646, "f1_score": 0.9954637129525021, "cohen_kappa": 0.971903741967998, "mcc": 0.9722875795025369, "data_info": {"train_count": 888, "test_count": 223, "actives_count": 101, "decoys_count": 1010}}, "rf": {"protein_name": "_pyruvate_dehydrogenase_acetyl_transferring_kinase_isozyme_1_mitochondrial", "uniprot_id": "Q15118", "roc_auc": 0.9666256157635467, "accuracy": 0.9955156950672646, "f1_score": 0.9954637129525021, "cohen_kappa": 0.971903741967998, "mcc": 0.9722875795025369, "data_info": {"train_count": 888, "test_count": 223, "actives_count": 101, "decoys_count": 1010}}, "svc": {"protein_name": "_pyruvate_dehydrogenase_acetyl_transferring_kinase_isozyme_1_mitochondrial", "uniprot_id": "Q15118", "roc_auc": 0.9785714285714284, "accuracy": 0.9910313901345291, "f1_score": 0.9910313901345292, "cohen_kappa": 0.9450738916256157, "mcc": 0.9450738916256157, "data_info": {"train_count": 888, "test_count": 223, "actives_count": 101, "decoys_count": 1010}}, "mlp": {"protein_name": "_pyruvate_dehydrogenase_acetyl_transferring_kinase_isozyme_1_mitochondrial", "uniprot_id": "Q15118", "roc_auc": 0.9733990147783251, "accuracy": 0.9910313901345291, "f1_score": 0.9910313901345292, "cohen_kappa": 0.9450738916256157, "mcc": 0.9450738916256157, "data_info": {"train_count": 888, "test_count": 223, "actives_count": 101, "decoys_count": 1010}}}