{"xgb": {"protein_name": "mitogen_activated_protein_kinase_11", "uniprot_id": "Q15759", "roc_auc": 0.9656084656084656, "accuracy": 0.9420289855072463, "f1_score": 0.928428093645485, "cohen_kappa": 0.4772727272727273, "mcc": 0.5598507263734642, "data_info": {"train_count": 272, "test_count": 69, "actives_count": 31, "decoys_count": 310}}, "rf": {"protein_name": "mitogen_activated_protein_kinase_11", "uniprot_id": "Q15759", "roc_auc": 0.9788359788359788, "accuracy": 0.9565217391304348, "f1_score": 0.9547166288008464, "cohen_kappa": 0.703862660944206, "mcc": 0.7073171983259131, "data_info": {"train_count": 272, "test_count": 69, "actives_count": 31, "decoys_count": 310}}, "svc": {"protein_name": "mitogen_activated_protein_kinase_11", "uniprot_id": "Q15759", "roc_auc": 0.9761904761904762, "accuracy": 0.9565217391304348, "f1_score": 0.96033934252386, "cohen_kappa": 0.7766990291262136, "mcc": 0.7968190728895957, "data_info": {"train_count": 272, "test_count": 69, "actives_count": 31, "decoys_count": 310}}, "mlp": {"protein_name": "mitogen_activated_protein_kinase_11", "uniprot_id": "Q15759", "roc_auc": 0.835978835978836, "accuracy": 0.9420289855072463, "f1_score": 0.9457022640753355, "cohen_kappa": 0.6827586206896552, "mcc": 0.6915134608310518, "data_info": {"train_count": 272, "test_count": 69, "actives_count": 31, "decoys_count": 310}}}