{"xgb": {"protein_name": "nt_3_growth_factor_receptor", "uniprot_id": "Q16288", "roc_auc": 0.9777777777777779, "accuracy": 0.9285714285714286, "f1_score": 0.9297173414820473, "cohen_kappa": 0.851063829787234, "mcc": 0.8606629658238705, "data_info": {"train_count": 52, "test_count": 14, "actives_count": 22, "decoys_count": 44}}, "rf": {"protein_name": "nt_3_growth_factor_receptor", "uniprot_id": "Q16288", "roc_auc": 1.0, "accuracy": 0.9285714285714286, "f1_score": 0.926482873851295, "cohen_kappa": 0.8372093023255814, "mcc": 0.848528137423857, "data_info": {"train_count": 52, "test_count": 14, "actives_count": 22, "decoys_count": 44}}, "svc": {"protein_name": "nt_3_growth_factor_receptor", "uniprot_id": "Q16288", "roc_auc": 0.9555555555555555, "accuracy": 0.8571428571428571, "f1_score": 0.8571428571428571, "cohen_kappa": 0.6888888888888889, "mcc": 0.6888888888888889, "data_info": {"train_count": 52, "test_count": 14, "actives_count": 22, "decoys_count": 44}}, "mlp": {"protein_name": "nt_3_growth_factor_receptor", "uniprot_id": "Q16288", "roc_auc": 1.0, "accuracy": 0.9285714285714286, "f1_score": 0.9297173414820473, "cohen_kappa": 0.851063829787234, "mcc": 0.8606629658238705, "data_info": {"train_count": 52, "test_count": 14, "actives_count": 22, "decoys_count": 44}}}