{"xgb": {"protein_name": "mitogen_activated_protein_kinase_14", "uniprot_id": "Q16539", "roc_auc": 0.9994131657483931, "accuracy": 0.9927685950413223, "f1_score": 0.9926862053147182, "cohen_kappa": 0.9552585705984893, "mcc": 0.9556251843317809, "data_info": {"train_count": 11616, "test_count": 2904, "actives_count": 1320, "decoys_count": 13200}}, "rf": {"protein_name": "mitogen_activated_protein_kinase_14", "uniprot_id": "Q16539", "roc_auc": 0.9993012511478421, "accuracy": 0.9931129476584022, "f1_score": 0.9930282615328015, "cohen_kappa": 0.9573147070236709, "mcc": 0.9577423371270304, "data_info": {"train_count": 11616, "test_count": 2904, "actives_count": 1320, "decoys_count": 13200}}, "svc": {"protein_name": "mitogen_activated_protein_kinase_14", "uniprot_id": "Q16539", "roc_auc": 0.9951977157943067, "accuracy": 0.9924242424242424, "f1_score": 0.9924498509351469, "cohen_kappa": 0.954477050413845, "mcc": 0.954509746307961, "data_info": {"train_count": 11616, "test_count": 2904, "actives_count": 1320, "decoys_count": 13200}}, "ann": {"protein_name": "mitogen_activated_protein_kinase_14", "uniprot_id": "Q16539", "roc_auc": 0.9973657024793389, "accuracy": 0.9958677685950413, "f1_score": 0.9958606949650498, "cohen_kappa": 0.9749144811858609, "mcc": 0.9749230020941994, "data_info": {"train_count": 11616, "test_count": 2904, "actives_count": 1320, "decoys_count": 13200}}}