{"xgb": {"protein_name": "bcl_2_related_protein_a1", "uniprot_id": "Q16548", "roc_auc": 1.0, "accuracy": 0.9629629629629629, "f1_score": 0.9642158014251039, "cohen_kappa": 0.8860759493670887, "mcc": 0.8918825850158447, "data_info": {"train_count": 105, "test_count": 27, "actives_count": 22, "decoys_count": 110}}, "rf": {"protein_name": "bcl_2_related_protein_a1", "uniprot_id": "Q16548", "roc_auc": 1.0, "accuracy": 1.0, "f1_score": 1.0, "cohen_kappa": 1.0, "mcc": 1.0, "data_info": {"train_count": 105, "test_count": 27, "actives_count": 22, "decoys_count": 110}}, "svc": {"protein_name": "bcl_2_related_protein_a1", "uniprot_id": "Q16548", "roc_auc": 1.0, "accuracy": 0.9629629629629629, "f1_score": 0.9642158014251039, "cohen_kappa": 0.8860759493670887, "mcc": 0.8918825850158447, "data_info": {"train_count": 105, "test_count": 27, "actives_count": 22, "decoys_count": 110}}, "ann": {"protein_name": "bcl_2_related_protein_a1", "uniprot_id": "Q16548", "roc_auc": 0.6727272727272727, "accuracy": 0.8148148148148148, "f1_score": 0.8065843621399177, "cohen_kappa": 0.3349753694581281, "mcc": 0.3379781783072063, "data_info": {"train_count": 105, "test_count": 27, "actives_count": 22, "decoys_count": 110}}}