{"xgb": {"protein_name": "calcitonin_gene_related_peptide_type_1_receptor", "uniprot_id": "Q16602", "roc_auc": 0.9999242596379612, "accuracy": 0.9955357142857143, "f1_score": 0.9955105479691877, "cohen_kappa": 0.9725494401127434, "mcc": 0.9726410590986678, "data_info": {"train_count": 3581, "test_count": 896, "actives_count": 407, "decoys_count": 4070}}, "rf": {"protein_name": "calcitonin_gene_related_peptide_type_1_receptor", "uniprot_id": "Q16602", "roc_auc": 1.0, "accuracy": 0.9955357142857143, "f1_score": 0.9954846685819642, "cohen_kappa": 0.9722372844593862, "mcc": 0.9726121860705751, "data_info": {"train_count": 3581, "test_count": 896, "actives_count": 407, "decoys_count": 4070}}, "svc": {"protein_name": "calcitonin_gene_related_peptide_type_1_receptor", "uniprot_id": "Q16602", "roc_auc": 0.9989699310762705, "accuracy": 0.9955357142857143, "f1_score": 0.9955601933498276, "cohen_kappa": 0.9731531558525222, "mcc": 0.9732408430898741, "data_info": {"train_count": 3581, "test_count": 896, "actives_count": 407, "decoys_count": 4070}}, "ann": {"protein_name": "calcitonin_gene_related_peptide_type_1_receptor", "uniprot_id": "Q16602", "roc_auc": 0.9961523896084223, "accuracy": 0.9933035714285714, "f1_score": 0.9932658219537814, "cohen_kappa": 0.9588241601691151, "mcc": 0.9589144861655234, "data_info": {"train_count": 3581, "test_count": 896, "actives_count": 407, "decoys_count": 4070}}}