{"xgb": {"protein_name": "discoidin_domain_containing_receptor_2", "uniprot_id": "Q16832", "roc_auc": 0.9534632034632035, "accuracy": 0.9746835443037974, "f1_score": 0.9621876014281078, "cohen_kappa": 0.0, "mcc": 0.0, "data_info": {"train_count": 947, "test_count": 237, "actives_count": 32, "decoys_count": 1152}}, "rf": {"protein_name": "discoidin_domain_containing_receptor_2", "uniprot_id": "Q16832", "roc_auc": 0.9999999999999999, "accuracy": 0.9915611814345991, "f1_score": 0.9907354866870363, "cohen_kappa": 0.7958656330749354, "mcc": 0.8129847513997933, "data_info": {"train_count": 947, "test_count": 237, "actives_count": 32, "decoys_count": 1152}}, "svc": {"protein_name": "discoidin_domain_containing_receptor_2", "uniprot_id": "Q16832", "roc_auc": 1.0, "accuracy": 0.9915611814345991, "f1_score": 0.9921456089315196, "cohen_kappa": 0.8528864059590316, "mcc": 0.8622682259636462, "data_info": {"train_count": 947, "test_count": 237, "actives_count": 32, "decoys_count": 1152}}, "mlp": {"protein_name": "discoidin_domain_containing_receptor_2", "uniprot_id": "Q16832", "roc_auc": 0.9985569985569985, "accuracy": 0.9704641350210971, "f1_score": 0.9756777532926767, "cohen_kappa": 0.6183574879227054, "mcc": 0.6689936080056726, "data_info": {"train_count": 947, "test_count": 237, "actives_count": 32, "decoys_count": 1152}}}