{"xgb": {"protein_name": "2_acylglycerol_o_acyltransferase_2", "uniprot_id": "Q3SYC2", "roc_auc": 0.9963046417305093, "accuracy": 0.9976976208749041, "f1_score": 0.9976474352818226, "cohen_kappa": 0.9540447443599299, "mcc": 0.9550537594757775, "data_info": {"train_count": 5209, "test_count": 1303, "actives_count": 176, "decoys_count": 6336}}, "rf": {"protein_name": "2_acylglycerol_o_acyltransferase_2", "uniprot_id": "Q3SYC2", "roc_auc": 0.9999324019828751, "accuracy": 0.9984650805832693, "f1_score": 0.9984431130140896, "cohen_kappa": 0.9698009131573458, "mcc": 0.9702434377304195, "data_info": {"train_count": 5209, "test_count": 1303, "actives_count": 176, "decoys_count": 6336}}, "svc": {"protein_name": "2_acylglycerol_o_acyltransferase_2", "uniprot_id": "Q3SYC2", "roc_auc": 1.0, "accuracy": 0.9992325402916347, "f1_score": 0.9992271302427916, "cohen_kappa": 0.9851131650804894, "mcc": 0.9852223425603409, "data_info": {"train_count": 5209, "test_count": 1303, "actives_count": 176, "decoys_count": 6336}}, "mlp": {"protein_name": "2_acylglycerol_o_acyltransferase_2", "uniprot_id": "Q3SYC2", "roc_auc": 0.9997521406038756, "accuracy": 0.9976976208749041, "f1_score": 0.997713380694234, "cohen_kappa": 0.9565632882557532, "mcc": 0.9566635703455756, "data_info": {"train_count": 5209, "test_count": 1303, "actives_count": 176, "decoys_count": 6336}}}