{"xgb": {"protein_name": "leucine_rich_repeat_serine_threonine_protein_kinase_2", "uniprot_id": "Q5S007", "roc_auc": 0.9979591836734693, "accuracy": 0.988011988011988, "f1_score": 0.9877626335032206, "cohen_kappa": 0.9244851258581236, "mcc": 0.925658884766869, "data_info": {"train_count": 4004, "test_count": 1001, "actives_count": 455, "decoys_count": 4550}}, "rf": {"protein_name": "leucine_rich_repeat_serine_threonine_protein_kinase_2", "uniprot_id": "Q5S007", "roc_auc": 0.9978867286559594, "accuracy": 0.99000999000999, "f1_score": 0.9897468778521008, "cohen_kappa": 0.9364161849710982, "mcc": 0.9383148632568364, "data_info": {"train_count": 4004, "test_count": 1001, "actives_count": 455, "decoys_count": 4550}}, "svc": {"protein_name": "leucine_rich_repeat_serine_threonine_protein_kinase_2", "uniprot_id": "Q5S007", "roc_auc": 0.9977055911121846, "accuracy": 0.99000999000999, "f1_score": 0.9899086966650538, "cohen_kappa": 0.9383408071748879, "mcc": 0.9386263323792972, "data_info": {"train_count": 4004, "test_count": 1001, "actives_count": 455, "decoys_count": 4550}}, "mlp": {"protein_name": "leucine_rich_repeat_serine_threonine_protein_kinase_2", "uniprot_id": "Q5S007", "roc_auc": 0.9860765608018356, "accuracy": 0.988011988011988, "f1_score": 0.9876281437545245, "cohen_kappa": 0.9228971962616822, "mcc": 0.9256527274309918, "data_info": {"train_count": 4004, "test_count": 1001, "actives_count": 455, "decoys_count": 4550}}}