{"xgb": {"protein_name": "transient_receptor_potential_cation_channel_subfamily_m_member_8", "uniprot_id": "Q7Z2W7", "roc_auc": 0.9835329341317365, "accuracy": 0.9904761904761905, "f1_score": 0.9902385433391936, "cohen_kappa": 0.9396870054510287, "mcc": 0.9414008122051754, "data_info": {"train_count": 2939, "test_count": 735, "actives_count": 334, "decoys_count": 3340}}, "rf": {"protein_name": "transient_receptor_potential_cation_channel_subfamily_m_member_8", "uniprot_id": "Q7Z2W7", "roc_auc": 0.9884037894360532, "accuracy": 0.9904761904761905, "f1_score": 0.9902385433391936, "cohen_kappa": 0.9396870054510287, "mcc": 0.9414008122051754, "data_info": {"train_count": 2939, "test_count": 735, "actives_count": 334, "decoys_count": 3340}}, "svc": {"protein_name": "transient_receptor_potential_cation_channel_subfamily_m_member_8", "uniprot_id": "Q7Z2W7", "roc_auc": 0.979555813745643, "accuracy": 0.9904761904761905, "f1_score": 0.9903093755754909, "cohen_kappa": 0.940525044216075, "mcc": 0.9413748914749968, "data_info": {"train_count": 2939, "test_count": 735, "actives_count": 334, "decoys_count": 3340}}, "mlp": {"protein_name": "transient_receptor_potential_cation_channel_subfamily_m_member_8", "uniprot_id": "Q7Z2W7", "roc_auc": 0.9718473500759675, "accuracy": 0.9931972789115646, "f1_score": 0.9930781254110649, "cohen_kappa": 0.9575178887257678, "mcc": 0.9583830905171571, "data_info": {"train_count": 2939, "test_count": 735, "actives_count": 334, "decoys_count": 3340}}}