{"xgb": {"protein_name": "dipeptidyl_peptidase_9", "uniprot_id": "Q86TI2", "roc_auc": 0.9979591836734694, "accuracy": 0.9891774891774892, "f1_score": 0.988867023920578, "cohen_kappa": 0.9308176100628931, "mcc": 0.9330531792422754, "data_info": {"train_count": 1848, "test_count": 462, "actives_count": 210, "decoys_count": 2100}}, "rf": {"protein_name": "dipeptidyl_peptidase_9", "uniprot_id": "Q86TI2", "roc_auc": 0.9993197278911565, "accuracy": 0.9913419913419913, "f1_score": 0.9911460577337357, "cohen_kappa": 0.945273631840796, "mcc": 0.946692355041668, "data_info": {"train_count": 1848, "test_count": 462, "actives_count": 210, "decoys_count": 2100}}, "svc": {"protein_name": "dipeptidyl_peptidase_9", "uniprot_id": "Q86TI2", "roc_auc": 0.9967687074829931, "accuracy": 0.987012987012987, "f1_score": 0.987148501163043, "cohen_kappa": 0.9230769230769231, "mcc": 0.9233805168766386, "data_info": {"train_count": 1848, "test_count": 462, "actives_count": 210, "decoys_count": 2100}}, "mlp": {"protein_name": "dipeptidyl_peptidase_9", "uniprot_id": "Q86TI2", "roc_auc": 0.9920634920634921, "accuracy": 0.9848484848484849, "f1_score": 0.9845948612259408, "cohen_kappa": 0.9052890528905289, "mcc": 0.9060357442380185, "data_info": {"train_count": 1848, "test_count": 462, "actives_count": 210, "decoys_count": 2100}}}