{"xgb": {"protein_name": "serine_threonine_protein_kinase_pim_3", "uniprot_id": "Q86V86", "roc_auc": 0.9988996997752244, "accuracy": 0.9943502824858758, "f1_score": 0.9942926296488561, "cohen_kappa": 0.9652260726271095, "mcc": 0.9655239595744891, "data_info": {"train_count": 4954, "test_count": 1239, "actives_count": 563, "decoys_count": 5630}}, "rf": {"protein_name": "serine_threonine_protein_kinase_pim_3", "uniprot_id": "Q86V86", "roc_auc": 0.9978111884814285, "accuracy": 0.993543179983858, "f1_score": 0.993463711029879, "cohen_kappa": 0.960096297071635, "mcc": 0.9605265517307413, "data_info": {"train_count": 4954, "test_count": 1239, "actives_count": 563, "decoys_count": 5630}}, "svc": {"protein_name": "serine_threonine_protein_kinase_pim_3", "uniprot_id": "Q86V86", "roc_auc": 0.9957795627092535, "accuracy": 0.9919289749798225, "f1_score": 0.9919919771788428, "cohen_kappa": 0.9520748236167843, "mcc": 0.9522498116007369, "data_info": {"train_count": 4954, "test_count": 1239, "actives_count": 563, "decoys_count": 5630}}, "mlp": {"protein_name": "serine_threonine_protein_kinase_pim_3", "uniprot_id": "Q86V86", "roc_auc": 0.9963611499709206, "accuracy": 0.993543179983858, "f1_score": 0.9934907345653827, "cohen_kappa": 0.9604191291569498, "mcc": 0.9606072639413401, "data_info": {"train_count": 4954, "test_count": 1239, "actives_count": 563, "decoys_count": 5630}}}