{"xgb": {"protein_name": "histone_arginine_methyltransferase_carm1", "uniprot_id": "Q86X55", "roc_auc": 0.9065656565656566, "accuracy": 0.9746835443037974, "f1_score": 0.9621876014281078, "cohen_kappa": 0.0, "mcc": 0.0, "data_info": {"train_count": 947, "test_count": 237, "actives_count": 32, "decoys_count": 1152}}, "rf": {"protein_name": "histone_arginine_methyltransferase_carm1", "uniprot_id": "Q86X55", "roc_auc": 0.8769841269841271, "accuracy": 0.9915611814345991, "f1_score": 0.9907354866870363, "cohen_kappa": 0.7958656330749354, "mcc": 0.8129847513997933, "data_info": {"train_count": 947, "test_count": 237, "actives_count": 32, "decoys_count": 1152}}, "svc": {"protein_name": "histone_arginine_methyltransferase_carm1", "uniprot_id": "Q86X55", "roc_auc": 0.9848484848484849, "accuracy": 0.9957805907172996, "f1_score": 0.9955933559837654, "cohen_kappa": 0.9069493521790342, "mcc": 0.9109014103130726, "data_info": {"train_count": 947, "test_count": 237, "actives_count": 32, "decoys_count": 1152}}, "mlp": {"protein_name": "histone_arginine_methyltransferase_carm1", "uniprot_id": "Q86X55", "roc_auc": 0.9992784992784993, "accuracy": 0.9915611814345991, "f1_score": 0.9915611814345991, "cohen_kappa": 0.829004329004329, "mcc": 0.829004329004329, "data_info": {"train_count": 947, "test_count": 237, "actives_count": 32, "decoys_count": 1152}}}