{"xgb": {"protein_name": "histone_arginine_methyltransferase_carm1", "uniprot_id": "Q86X55", "roc_auc": 0.9974358974358974, "accuracy": 0.971830985915493, "f1_score": 0.9692274861288945, "cohen_kappa": 0.7854984894259819, "mcc": 0.8042177374033905, "data_info": {"train_count": 281, "test_count": 71, "actives_count": 32, "decoys_count": 320}}, "rf": {"protein_name": "histone_arginine_methyltransferase_carm1", "uniprot_id": "Q86X55", "roc_auc": 1.0, "accuracy": 0.9859154929577465, "f1_score": 0.986402613654497, "cohen_kappa": 0.9153754469606674, "mcc": 0.9186708028211433, "data_info": {"train_count": 281, "test_count": 71, "actives_count": 32, "decoys_count": 320}}, "svc": {"protein_name": "histone_arginine_methyltransferase_carm1", "uniprot_id": "Q86X55", "roc_auc": 1.0, "accuracy": 0.9859154929577465, "f1_score": 0.986402613654497, "cohen_kappa": 0.9153754469606674, "mcc": 0.9186708028211433, "data_info": {"train_count": 281, "test_count": 71, "actives_count": 32, "decoys_count": 320}}, "mlp": {"protein_name": "histone_arginine_methyltransferase_carm1", "uniprot_id": "Q86X55", "roc_auc": 1.0, "accuracy": 1.0, "f1_score": 1.0, "cohen_kappa": 1.0, "mcc": 1.0, "data_info": {"train_count": 281, "test_count": 71, "actives_count": 32, "decoys_count": 320}}}