{"xgb": {"protein_name": "transient_receptor_potential_cation_channel_subfamily_v_member_1", "uniprot_id": "Q8NER1", "roc_auc": 0.9998833041593731, "accuracy": 0.996096291476903, "f1_score": 0.9960575746326584, "cohen_kappa": 0.9758810214081435, "mcc": 0.9761649925652188, "data_info": {"train_count": 12293, "test_count": 3074, "actives_count": 1397, "decoys_count": 13970}}, "rf": {"protein_name": "transient_receptor_potential_cation_channel_subfamily_v_member_1", "uniprot_id": "Q8NER1", "roc_auc": 0.999867915696873, "accuracy": 0.9941444372153546, "f1_score": 0.9940764041291424, "cohen_kappa": 0.9637021069466657, "mcc": 0.9640863857336458, "data_info": {"train_count": 12293, "test_count": 3074, "actives_count": 1397, "decoys_count": 13970}}, "svc": {"protein_name": "transient_receptor_potential_cation_channel_subfamily_v_member_1", "uniprot_id": "Q8NER1", "roc_auc": 0.9972800892530825, "accuracy": 0.9899154196486663, "f1_score": 0.9900491149426114, "cohen_kappa": 0.9405297862806746, "mcc": 0.9410303537400216, "data_info": {"train_count": 12293, "test_count": 3074, "actives_count": 1397, "decoys_count": 13970}}, "mlp": {"protein_name": "transient_receptor_potential_cation_channel_subfamily_v_member_1", "uniprot_id": "Q8NER1", "roc_auc": 0.9995332166374927, "accuracy": 0.9964216005204944, "f1_score": 0.9964302077034144, "cohen_kappa": 0.9784233625454485, "mcc": 0.9784403033005938, "data_info": {"train_count": 12293, "test_count": 3074, "actives_count": 1397, "decoys_count": 13970}}}