{"xgb": {"protein_name": "g_protein_coupled_bile_acid_receptor_1", "uniprot_id": "Q8TDU6", "roc_auc": 0.9765256272253043, "accuracy": 0.9821989528795811, "f1_score": 0.9779565395163301, "cohen_kappa": 0.5073884152076948, "mcc": 0.5830380111892037, "data_info": {"train_count": 3818, "test_count": 955, "actives_count": 129, "decoys_count": 4644}}, "rf": {"protein_name": "g_protein_coupled_bile_acid_receptor_1", "uniprot_id": "Q8TDU6", "roc_auc": 0.978492175209075, "accuracy": 0.9968586387434555, "f1_score": 0.9967650066179219, "cohen_kappa": 0.9371696747735696, "mcc": 0.9390249784757521, "data_info": {"train_count": 3818, "test_count": 955, "actives_count": 129, "decoys_count": 4644}}, "svc": {"protein_name": "g_protein_coupled_bile_acid_receptor_1", "uniprot_id": "Q8TDU6", "roc_auc": 0.9603585327481989, "accuracy": 0.9926701570680628, "f1_score": 0.9929817522505018, "cohen_kappa": 0.8734452795183916, "mcc": 0.8770359700331409, "data_info": {"train_count": 3818, "test_count": 955, "actives_count": 129, "decoys_count": 4644}}, "ann": {"protein_name": "g_protein_coupled_bile_acid_receptor_1", "uniprot_id": "Q8TDU6", "roc_auc": 0.9619938726504926, "accuracy": 0.993717277486911, "f1_score": 0.9938302391125554, "cohen_kappa": 0.8856606936185497, "mcc": 0.8863046544204007, "data_info": {"train_count": 3818, "test_count": 955, "actives_count": 129, "decoys_count": 4644}}}