{"xgb": {"protein_name": "hydroxycarboxylic_acid_receptor_2", "uniprot_id": "Q8TDS4", "roc_auc": 0.9975490196078431, "accuracy": 0.9847328244274809, "f1_score": 0.9841024751330096, "cohen_kappa": 0.9008327024981075, "mcc": 0.9052951058357367, "data_info": {"train_count": 1047, "test_count": 262, "actives_count": 119, "decoys_count": 1190}}, "rf": {"protein_name": "hydroxycarboxylic_acid_receptor_2", "uniprot_id": "Q8TDS4", "roc_auc": 0.9970238095238095, "accuracy": 0.9847328244274809, "f1_score": 0.9841024751330096, "cohen_kappa": 0.9008327024981075, "mcc": 0.9052951058357367, "data_info": {"train_count": 1047, "test_count": 262, "actives_count": 119, "decoys_count": 1190}}, "svc": {"protein_name": "hydroxycarboxylic_acid_receptor_2", "uniprot_id": "Q8TDS4", "roc_auc": 0.9989495798319327, "accuracy": 0.9847328244274809, "f1_score": 0.9844328690041896, "cohen_kappa": 0.9046926154965442, "mcc": 0.9057215899759209, "data_info": {"train_count": 1047, "test_count": 262, "actives_count": 119, "decoys_count": 1190}}, "mlp": {"protein_name": "hydroxycarboxylic_acid_receptor_2", "uniprot_id": "Q8TDS4", "roc_auc": 0.9865196078431372, "accuracy": 0.9847328244274809, "f1_score": 0.9841024751330096, "cohen_kappa": 0.9008327024981075, "mcc": 0.9052951058357367, "data_info": {"train_count": 1047, "test_count": 262, "actives_count": 119, "decoys_count": 1190}}}