{"xgb": {"protein_name": "g2_mitotic_specific_cyclin_b3", "uniprot_id": "Q8WWL7", "roc_auc": 0.9977324263038548, "accuracy": 0.987012987012987, "f1_score": 0.9867190866006033, "cohen_kappa": 0.917910447761194, "mcc": 0.9192881026588828, "data_info": {"train_count": 1848, "test_count": 462, "actives_count": 210, "decoys_count": 2100}}, "rf": {"protein_name": "g2_mitotic_specific_cyclin_b3", "uniprot_id": "Q8WWL7", "roc_auc": 0.9999999999999999, "accuracy": 0.9891774891774892, "f1_score": 0.988867023920578, "cohen_kappa": 0.9308176100628931, "mcc": 0.9330531792422754, "data_info": {"train_count": 1848, "test_count": 462, "actives_count": 210, "decoys_count": 2100}}, "svc": {"protein_name": "g2_mitotic_specific_cyclin_b3", "uniprot_id": "Q8WWL7", "roc_auc": 0.9984693877551021, "accuracy": 0.9805194805194806, "f1_score": 0.9810083612142416, "cohen_kappa": 0.888135593220339, "mcc": 0.8898556720892714, "data_info": {"train_count": 1848, "test_count": 462, "actives_count": 210, "decoys_count": 2100}}, "mlp": {"protein_name": "g2_mitotic_specific_cyclin_b3", "uniprot_id": "Q8WWL7", "roc_auc": 0.9812925170068028, "accuracy": 0.9805194805194806, "f1_score": 0.9794539029874718, "cohen_kappa": 0.8695652173913043, "mcc": 0.8770580193070292, "data_info": {"train_count": 1848, "test_count": 462, "actives_count": 210, "decoys_count": 2100}}}