{"xgb": {"protein_name": "creb_binding_protein", "uniprot_id": "Q92793", "roc_auc": 0.9751139151770066, "accuracy": 0.9723926380368099, "f1_score": 0.958782165653713, "cohen_kappa": 0.0, "mcc": 0.0, "data_info": {"train_count": 1302, "test_count": 326, "actives_count": 44, "decoys_count": 1584}}, "rf": {"protein_name": "creb_binding_protein", "uniprot_id": "Q92793", "roc_auc": 0.9985979670522256, "accuracy": 0.9815950920245399, "f1_score": 0.9770801380368098, "cohen_kappa": 0.49300155520995326, "mcc": 0.5719627460498953, "data_info": {"train_count": 1302, "test_count": 326, "actives_count": 44, "decoys_count": 1584}}, "svc": {"protein_name": "creb_binding_protein", "uniprot_id": "Q92793", "roc_auc": 0.9838766211005959, "accuracy": 0.9785276073619632, "f1_score": 0.9800103059706572, "cohen_kappa": 0.6558069381598793, "mcc": 0.663060576451134, "data_info": {"train_count": 1302, "test_count": 326, "actives_count": 44, "decoys_count": 1584}}, "mlp": {"protein_name": "creb_binding_protein", "uniprot_id": "Q92793", "roc_auc": 0.9929898352611286, "accuracy": 0.9846625766871165, "f1_score": 0.9817730777723866, "cohen_kappa": 0.6087373979836774, "mcc": 0.6614704325934055, "data_info": {"train_count": 1302, "test_count": 326, "actives_count": 44, "decoys_count": 1584}}}