{"xgb": {"protein_name": "creb_binding_protein", "uniprot_id": "Q92793", "roc_auc": 0.9608585858585859, "accuracy": 0.9278350515463918, "f1_score": 0.9062536809705982, "cohen_kappa": 0.34141610087293894, "mcc": 0.4537046982524804, "data_info": {"train_count": 387, "test_count": 97, "actives_count": 44, "decoys_count": 440}}, "rf": {"protein_name": "creb_binding_protein", "uniprot_id": "Q92793", "roc_auc": 0.9974747474747474, "accuracy": 0.9484536082474226, "f1_score": 0.9392528073396104, "cohen_kappa": 0.592094196804037, "mcc": 0.64849794281856, "data_info": {"train_count": 387, "test_count": 97, "actives_count": 44, "decoys_count": 440}}, "svc": {"protein_name": "creb_binding_protein", "uniprot_id": "Q92793", "roc_auc": 0.9633838383838383, "accuracy": 0.9587628865979382, "f1_score": 0.9587628865979382, "cohen_kappa": 0.755050505050505, "mcc": 0.7550505050505051, "data_info": {"train_count": 387, "test_count": 97, "actives_count": 44, "decoys_count": 440}}, "ann": {"protein_name": "creb_binding_protein", "uniprot_id": "Q92793", "roc_auc": 0.8964646464646464, "accuracy": 0.9175257731958762, "f1_score": 0.9175257731958762, "cohen_kappa": 0.51010101010101, "mcc": 0.51010101010101, "data_info": {"train_count": 387, "test_count": 97, "actives_count": 44, "decoys_count": 440}}}