{"xgb": {"protein_name": "growth_hormone_secretagogue_receptor_type_1", "uniprot_id": "Q92847", "roc_auc": 0.9998025540801028, "accuracy": 0.9970059880239521, "f1_score": 0.9969397836330024, "cohen_kappa": 0.9416475652708671, "mcc": 0.9426752664418744, "data_info": {"train_count": 13356, "test_count": 3340, "actives_count": 460, "decoys_count": 16236}}, "rf": {"protein_name": "growth_hormone_secretagogue_receptor_type_1", "uniprot_id": "Q92847", "roc_auc": 0.9997272569072606, "accuracy": 0.9976047904191617, "f1_score": 0.9975655268596626, "cohen_kappa": 0.9538272253480238, "mcc": 0.9543996588116921, "data_info": {"train_count": 13356, "test_count": 3340, "actives_count": 460, "decoys_count": 16236}}, "svc": {"protein_name": "growth_hormone_secretagogue_receptor_type_1", "uniprot_id": "Q92847", "roc_auc": 0.9992503748125936, "accuracy": 0.9964071856287425, "f1_score": 0.9964622534996507, "cohen_kappa": 0.9349950046061424, "mcc": 0.9354892663869091, "data_info": {"train_count": 13356, "test_count": 3340, "actives_count": 460, "decoys_count": 16236}}, "ann": {"protein_name": "growth_hormone_secretagogue_receptor_type_1", "uniprot_id": "Q92847", "roc_auc": 0.9994879792246734, "accuracy": 0.9976047904191617, "f1_score": 0.9975789139669379, "cohen_kappa": 0.9543254109345514, "mcc": 0.9545743687222751, "data_info": {"train_count": 13356, "test_count": 3340, "actives_count": 460, "decoys_count": 16236}}}