{"xgb": {"protein_name": "bcl2_associated_agonist_of_cell_death", "uniprot_id": "Q92934", "roc_auc": 0.8041666666666667, "accuracy": 0.9622641509433962, "f1_score": 0.9579322294955718, "cohen_kappa": 0.7309644670050761, "mcc": 0.7589466384404111, "data_info": {"train_count": 211, "test_count": 53, "actives_count": 24, "decoys_count": 240}}, "rf": {"protein_name": "bcl2_associated_agonist_of_cell_death", "uniprot_id": "Q92934", "roc_auc": 0.83125, "accuracy": 0.9811320754716981, "f1_score": 0.9801811147852774, "cohen_kappa": 0.8787185354691076, "mcc": 0.885253336275981, "data_info": {"train_count": 211, "test_count": 53, "actives_count": 24, "decoys_count": 240}}, "svc": {"protein_name": "bcl2_associated_agonist_of_cell_death", "uniprot_id": "Q92934", "roc_auc": 0.8791666666666667, "accuracy": 0.9433962264150944, "f1_score": 0.9456712106165929, "cohen_kappa": 0.6959847036328872, "mcc": 0.6995861660885712, "data_info": {"train_count": 211, "test_count": 53, "actives_count": 24, "decoys_count": 240}}, "ann": {"protein_name": "bcl2_associated_agonist_of_cell_death", "uniprot_id": "Q92934", "roc_auc": 0.9291666666666667, "accuracy": 0.9245283018867925, "f1_score": 0.9245283018867925, "cohen_kappa": 0.5583333333333333, "mcc": 0.5583333333333333, "data_info": {"train_count": 211, "test_count": 53, "actives_count": 24, "decoys_count": 240}}}