{"xgb": {"protein_name": "nad_dependent_protein_deacetylase_sirtuin_1", "uniprot_id": "Q96EB6", "roc_auc": 0.9653061224489795, "accuracy": 0.9675324675324676, "f1_score": 0.9642881908328131, "cohen_kappa": 0.7659574468085106, "mcc": 0.7878385971583353, "data_info": {"train_count": 616, "test_count": 154, "actives_count": 70, "decoys_count": 700}}, "rf": {"protein_name": "nad_dependent_protein_deacetylase_sirtuin_1", "uniprot_id": "Q96EB6", "roc_auc": 0.9874999999999999, "accuracy": 0.974025974025974, "f1_score": 0.972044387537345, "cohen_kappa": 0.819672131147541, "mcc": 0.8333333333333334, "data_info": {"train_count": 616, "test_count": 154, "actives_count": 70, "decoys_count": 700}}, "svc": {"protein_name": "nad_dependent_protein_deacetylase_sirtuin_1", "uniprot_id": "Q96EB6", "roc_auc": 0.9892857142857143, "accuracy": 0.961038961038961, "f1_score": 0.9621975147155003, "cohen_kappa": 0.7785234899328859, "mcc": 0.78065375798434, "data_info": {"train_count": 616, "test_count": 154, "actives_count": 70, "decoys_count": 700}}, "ann": {"protein_name": "nad_dependent_protein_deacetylase_sirtuin_1", "uniprot_id": "Q96EB6", "roc_auc": 0.9040816326530612, "accuracy": 0.9675324675324676, "f1_score": 0.9657565049791196, "cohen_kappa": 0.782608695652174, "mcc": 0.7893522173763263, "data_info": {"train_count": 616, "test_count": 154, "actives_count": 70, "decoys_count": 700}}}