{"xgb": {"protein_name": "trace_amine_associated_receptor_1", "uniprot_id": "Q96RJ0", "roc_auc": 0.9932659932659933, "accuracy": 0.9747899159663865, "f1_score": 0.9729723179827086, "cohen_kappa": 0.8287769784172662, "mcc": 0.841199564679338, "data_info": {"train_count": 475, "test_count": 119, "actives_count": 54, "decoys_count": 540}}, "rf": {"protein_name": "trace_amine_associated_receptor_1", "uniprot_id": "Q96RJ0", "roc_auc": 1.0, "accuracy": 0.957983193277311, "f1_score": 0.9522795543556789, "cohen_kappa": 0.6853516657852987, "mcc": 0.7220245069081975, "data_info": {"train_count": 475, "test_count": 119, "actives_count": 54, "decoys_count": 540}}, "svc": {"protein_name": "trace_amine_associated_receptor_1", "uniprot_id": "Q96RJ0", "roc_auc": 0.9966329966329966, "accuracy": 0.9831932773109243, "f1_score": 0.983815021335637, "cohen_kappa": 0.9073929961089494, "mcc": 0.911309130034551, "data_info": {"train_count": 475, "test_count": 119, "actives_count": 54, "decoys_count": 540}}, "ann": {"protein_name": "trace_amine_associated_receptor_1", "uniprot_id": "Q96RJ0", "roc_auc": 0.9974747474747475, "accuracy": 0.9747899159663865, "f1_score": 0.9729723179827086, "cohen_kappa": 0.8287769784172662, "mcc": 0.841199564679338, "data_info": {"train_count": 475, "test_count": 119, "actives_count": 54, "decoys_count": 540}}}