{"xgb": {"protein_name": "mitogen_activated_protein_kinase_kinase_kinase_14", "uniprot_id": "Q99558", "roc_auc": 0.9999191570777979, "accuracy": 0.9947312961011591, "f1_score": 0.994771869620612, "cohen_kappa": 0.9685275955613629, "mcc": 0.9687003226756554, "data_info": {"train_count": 3792, "test_count": 949, "actives_count": 431, "decoys_count": 4310}}, "rf": {"protein_name": "mitogen_activated_protein_kinase_kinase_kinase_14", "uniprot_id": "Q99558", "roc_auc": 1.0, "accuracy": 0.9989462592202318, "f1_score": 0.9989434831852367, "cohen_kappa": 0.9935730297509803, "mcc": 0.9935935506239542, "data_info": {"train_count": 3792, "test_count": 949, "actives_count": 431, "decoys_count": 4310}}, "svc": {"protein_name": "mitogen_activated_protein_kinase_kinase_kinase_14", "uniprot_id": "Q99558", "roc_auc": 0.999986526179633, "accuracy": 0.9989462592202318, "f1_score": 0.9989434831852367, "cohen_kappa": 0.9935730297509803, "mcc": 0.9935935506239542, "data_info": {"train_count": 3792, "test_count": 949, "actives_count": 431, "decoys_count": 4310}}, "ann": {"protein_name": "mitogen_activated_protein_kinase_kinase_kinase_14", "uniprot_id": "Q99558", "roc_auc": 1.0, "accuracy": 0.9989462592202318, "f1_score": 0.9989434831852367, "cohen_kappa": 0.9935730297509803, "mcc": 0.9935935506239542, "data_info": {"train_count": 3792, "test_count": 949, "actives_count": 431, "decoys_count": 4310}}}