{"xgb": {"protein_name": "tankyrase_2", "uniprot_id": "Q9H2K2", "roc_auc": 1.0, "accuracy": 0.9931192660550459, "f1_score": 0.9929982083002681, "cohen_kappa": 0.9572716581732654, "mcc": 0.9581467073376367, "data_info": {"train_count": 1742, "test_count": 436, "actives_count": 198, "decoys_count": 1980}}, "rf": {"protein_name": "tankyrase_2", "uniprot_id": "Q9H2K2", "roc_auc": 0.9994949494949494, "accuracy": 0.9885321100917431, "f1_score": 0.9881858191459564, "cohen_kappa": 0.9270903010033444, "mcc": 0.9295642933983089, "data_info": {"train_count": 1742, "test_count": 436, "actives_count": 198, "decoys_count": 1980}}, "svc": {"protein_name": "tankyrase_2", "uniprot_id": "Q9H2K2", "roc_auc": 0.9926767676767677, "accuracy": 0.9724770642201835, "f1_score": 0.9730625170479872, "cohen_kappa": 0.8419526341227647, "mcc": 0.8431234668408298, "data_info": {"train_count": 1742, "test_count": 436, "actives_count": 198, "decoys_count": 1980}}, "ann": {"protein_name": "tankyrase_2", "uniprot_id": "Q9H2K2", "roc_auc": 0.9765151515151516, "accuracy": 0.9908256880733946, "f1_score": 0.9907196232387461, "cohen_kappa": 0.9436838026349781, "mcc": 0.9440581385609363, "data_info": {"train_count": 1742, "test_count": 436, "actives_count": 198, "decoys_count": 1980}}}