{"xgb": {"protein_name": "lysine_specific_demethylase_4c", "uniprot_id": "Q9H3R0", "roc_auc": 0.9747126436781609, "accuracy": 0.9772727272727273, "f1_score": 0.97707348174911, "cohen_kappa": 0.9485981308411215, "mcc": 0.9498537899183338, "data_info": {"train_count": 175, "test_count": 44, "actives_count": 73, "decoys_count": 146}}, "rf": {"protein_name": "lysine_specific_demethylase_4c", "uniprot_id": "Q9H3R0", "roc_auc": 0.9816091954022989, "accuracy": 0.9772727272727273, "f1_score": 0.97707348174911, "cohen_kappa": 0.9485981308411215, "mcc": 0.9498537899183338, "data_info": {"train_count": 175, "test_count": 44, "actives_count": 73, "decoys_count": 146}}, "svc": {"protein_name": "lysine_specific_demethylase_4c", "uniprot_id": "Q9H3R0", "roc_auc": 0.9517241379310345, "accuracy": 0.9090909090909091, "f1_score": 0.9090909090909091, "cohen_kappa": 0.7977011494252874, "mcc": 0.7977011494252874, "data_info": {"train_count": 175, "test_count": 44, "actives_count": 73, "decoys_count": 146}}, "ann": {"protein_name": "lysine_specific_demethylase_4c", "uniprot_id": "Q9H3R0", "roc_auc": 0.9632183908045977, "accuracy": 0.8636363636363636, "f1_score": 0.8636363636363636, "cohen_kappa": 0.6965517241379311, "mcc": 0.696551724137931, "data_info": {"train_count": 175, "test_count": 44, "actives_count": 73, "decoys_count": 146}}}