{"xgb": {"protein_name": "egl_nine_homolog_3", "uniprot_id": "Q9H6Z9", "roc_auc": 0.9580160744500845, "accuracy": 0.985172981878089, "f1_score": 0.9823280650289392, "cohen_kappa": 0.6023149159205066, "mcc": 0.656458300275044, "data_info": {"train_count": 2427, "test_count": 607, "actives_count": 82, "decoys_count": 2952}}, "rf": {"protein_name": "egl_nine_homolog_3", "uniprot_id": "Q9H6Z9", "roc_auc": 0.9997884940778343, "accuracy": 0.9950576606260296, "f1_score": 0.9948082785083381, "cohen_kappa": 0.8940478268458719, "mcc": 0.8991087056893979, "data_info": {"train_count": 2427, "test_count": 607, "actives_count": 82, "decoys_count": 2952}}, "svc": {"protein_name": "egl_nine_homolog_3", "uniprot_id": "Q9H6Z9", "roc_auc": 0.9984137055837563, "accuracy": 0.9934102141680395, "f1_score": 0.993598446834127, "cohen_kappa": 0.8789751769514506, "mcc": 0.8805889046426023, "data_info": {"train_count": 2427, "test_count": 607, "actives_count": 82, "decoys_count": 2952}}, "mlp": {"protein_name": "egl_nine_homolog_3", "uniprot_id": "Q9H6Z9", "roc_auc": 0.9817047377326565, "accuracy": 0.9950576606260296, "f1_score": 0.9948082785083381, "cohen_kappa": 0.8940478268458719, "mcc": 0.8991087056893979, "data_info": {"train_count": 2427, "test_count": 607, "actives_count": 82, "decoys_count": 2952}}}