{"xgb": {"protein_name": "bromodomain_containing_protein_9", "uniprot_id": "Q9H8M2", "roc_auc": 0.9984939759036144, "accuracy": 0.978021978021978, "f1_score": 0.9765829408686552, "cohen_kappa": 0.8455008488964346, "mcc": 0.855776221436697, "data_info": {"train_count": 360, "test_count": 91, "actives_count": 41, "decoys_count": 410}}, "rf": {"protein_name": "bromodomain_containing_protein_9", "uniprot_id": "Q9H8M2", "roc_auc": 1.0, "accuracy": 0.989010989010989, "f1_score": 0.9886775898751948, "cohen_kappa": 0.9273743016759777, "mcc": 0.9298297335175582, "data_info": {"train_count": 360, "test_count": 91, "actives_count": 41, "decoys_count": 410}}, "svc": {"protein_name": "bromodomain_containing_protein_9", "uniprot_id": "Q9H8M2", "roc_auc": 1.0, "accuracy": 1.0, "f1_score": 1.0, "cohen_kappa": 1.0, "mcc": 1.0, "data_info": {"train_count": 360, "test_count": 91, "actives_count": 41, "decoys_count": 410}}, "ann": {"protein_name": "bromodomain_containing_protein_9", "uniprot_id": "Q9H8M2", "roc_auc": 1.0, "accuracy": 0.967032967032967, "f1_score": 0.9693322499263733, "cohen_kappa": 0.8242112041210561, "mcc": 0.8372489242911723, "data_info": {"train_count": 360, "test_count": 91, "actives_count": 41, "decoys_count": 410}}}