{"xgb": {"protein_name": "dual_specificity_protein_kinase_clk4", "uniprot_id": "Q9HAZ1", "roc_auc": 0.9040697674418604, "accuracy": 0.9148936170212766, "f1_score": 0.8742316784869977, "cohen_kappa": 0.0, "mcc": 0.0, "data_info": {"train_count": 184, "test_count": 47, "actives_count": 21, "decoys_count": 210}}, "rf": {"protein_name": "dual_specificity_protein_kinase_clk4", "uniprot_id": "Q9HAZ1", "roc_auc": 0.8691860465116279, "accuracy": 0.9787234042553191, "f1_score": 0.9773259267023023, "cohen_kappa": 0.8459016393442623, "mcc": 0.856127645538062, "data_info": {"train_count": 184, "test_count": 47, "actives_count": 21, "decoys_count": 210}}, "svc": {"protein_name": "dual_specificity_protein_kinase_clk4", "uniprot_id": "Q9HAZ1", "roc_auc": 0.9011627906976745, "accuracy": 0.9361702127659575, "f1_score": 0.9393408427200668, "cohen_kappa": 0.6318537859007833, "mcc": 0.636665767974643, "data_info": {"train_count": 184, "test_count": 47, "actives_count": 21, "decoys_count": 210}}, "mlp": {"protein_name": "dual_specificity_protein_kinase_clk4", "uniprot_id": "Q9HAZ1", "roc_auc": 0.813953488372093, "accuracy": 0.8936170212765957, "f1_score": 0.8989014045334444, "cohen_kappa": 0.3864229765013054, "mcc": 0.3893658415712693, "data_info": {"train_count": 184, "test_count": 47, "actives_count": 21, "decoys_count": 210}}}