{"xgb": {"protein_name": "dual_3_5_cyclic_amp_and_gmp_phosphodiesterase_11a", "uniprot_id": "Q9HCR9", "roc_auc": 0.9858356940509915, "accuracy": 0.9724517906336089, "f1_score": 0.9588700617141451, "cohen_kappa": 0.0, "mcc": 0.0, "data_info": {"train_count": 1450, "test_count": 363, "actives_count": 49, "decoys_count": 1764}}, "rf": {"protein_name": "dual_3_5_cyclic_amp_and_gmp_phosphodiesterase_11a", "uniprot_id": "Q9HCR9", "roc_auc": 0.9971671388101984, "accuracy": 0.9944903581267218, "f1_score": 0.9941920488915866, "cohen_kappa": 0.8860997803577032, "mcc": 0.891904119144249, "data_info": {"train_count": 1450, "test_count": 363, "actives_count": 49, "decoys_count": 1764}}, "svc": {"protein_name": "dual_3_5_cyclic_amp_and_gmp_phosphodiesterase_11a", "uniprot_id": "Q9HCR9", "roc_auc": 0.9509915014164306, "accuracy": 0.9889807162534435, "f1_score": 0.9894659403956925, "cohen_kappa": 0.8125484120836561, "mcc": 0.8161410247301905, "data_info": {"train_count": 1450, "test_count": 363, "actives_count": 49, "decoys_count": 1764}}, "mlp": {"protein_name": "dual_3_5_cyclic_amp_and_gmp_phosphodiesterase_11a", "uniprot_id": "Q9HCR9", "roc_auc": 0.9351274787535411, "accuracy": 0.9972451790633609, "f1_score": 0.9971746320223274, "cohen_kappa": 0.9459580169718624, "mcc": 0.9473424022594175, "data_info": {"train_count": 1450, "test_count": 363, "actives_count": 49, "decoys_count": 1764}}}