{"xgb": {"protein_name": "g_protein_coupled_receptor_35", "uniprot_id": "Q9HC97", "roc_auc": 0.945216049382716, "accuracy": 0.972972972972973, "f1_score": 0.9596445760829322, "cohen_kappa": 0.0, "mcc": 0.0, "data_info": {"train_count": 888, "test_count": 222, "actives_count": 30, "decoys_count": 1080}}, "rf": {"protein_name": "g_protein_coupled_receptor_35", "uniprot_id": "Q9HC97", "roc_auc": 0.9938271604938271, "accuracy": 0.9864864864864865, "f1_score": 0.9842808325566946, "cohen_kappa": 0.6605504587155964, "mcc": 0.7022468831767834, "data_info": {"train_count": 888, "test_count": 222, "actives_count": 30, "decoys_count": 1080}}, "svc": {"protein_name": "g_protein_coupled_receptor_35", "uniprot_id": "Q9HC97", "roc_auc": 0.8395061728395062, "accuracy": 0.9864864864864865, "f1_score": 0.9858878403913045, "cohen_kappa": 0.7204030226700252, "mcc": 0.7235522826900419, "data_info": {"train_count": 888, "test_count": 222, "actives_count": 30, "decoys_count": 1080}}, "mlp": {"protein_name": "g_protein_coupled_receptor_35", "uniprot_id": "Q9HC97", "roc_auc": 0.7770061728395061, "accuracy": 0.9819819819819819, "f1_score": 0.9802216963507285, "cohen_kappa": 0.5911602209944752, "mcc": 0.6039128698184151, "data_info": {"train_count": 888, "test_count": 222, "actives_count": 30, "decoys_count": 1080}}}