{"xgb": {"protein_name": "potassium_channel_subfamily_k_member_9", "uniprot_id": "Q9NPC2", "roc_auc": 0.986857825567503, "accuracy": 0.9901960784313726, "f1_score": 0.9899339414910349, "cohen_kappa": 0.9358490566037736, "mcc": 0.9377806908406011, "data_info": {"train_count": 404, "test_count": 102, "actives_count": 46, "decoys_count": 460}}, "rf": {"protein_name": "potassium_channel_subfamily_k_member_9", "uniprot_id": "Q9NPC2", "roc_auc": 0.959378733572282, "accuracy": 0.9901960784313726, "f1_score": 0.9899339414910349, "cohen_kappa": 0.9358490566037736, "mcc": 0.9377806908406011, "data_info": {"train_count": 404, "test_count": 102, "actives_count": 46, "decoys_count": 460}}, "svc": {"protein_name": "potassium_channel_subfamily_k_member_9", "uniprot_id": "Q9NPC2", "roc_auc": 0.9235364396654718, "accuracy": 0.9607843137254902, "f1_score": 0.9625319693094629, "cohen_kappa": 0.7785016286644951, "mcc": 0.7833203114721997, "data_info": {"train_count": 404, "test_count": 102, "actives_count": 46, "decoys_count": 460}}, "mlp": {"protein_name": "potassium_channel_subfamily_k_member_9", "uniprot_id": "Q9NPC2", "roc_auc": 0.8984468339307049, "accuracy": 0.9901960784313726, "f1_score": 0.9899339414910349, "cohen_kappa": 0.9358490566037736, "mcc": 0.9377806908406011, "data_info": {"train_count": 404, "test_count": 102, "actives_count": 46, "decoys_count": 460}}}