{"xgb": {"protein_name": "nadph_oxidase_4", "uniprot_id": "Q9NPH5", "roc_auc": 0.9881944444444444, "accuracy": 0.9621212121212122, "f1_score": 0.9575236793281906, "cohen_kappa": 0.717948717948718, "mcc": 0.7483314773547882, "data_info": {"train_count": 528, "test_count": 132, "actives_count": 60, "decoys_count": 600}}, "rf": {"protein_name": "nadph_oxidase_4", "uniprot_id": "Q9NPH5", "roc_auc": 0.9534722222222222, "accuracy": 0.9772727272727273, "f1_score": 0.975789642456309, "cohen_kappa": 0.8450704225352113, "mcc": 0.8553989227683015, "data_info": {"train_count": 528, "test_count": 132, "actives_count": 60, "decoys_count": 600}}, "svc": {"protein_name": "nadph_oxidase_4", "uniprot_id": "Q9NPH5", "roc_auc": 0.9895833333333334, "accuracy": 0.9848484848484849, "f1_score": 0.984222389181067, "cohen_kappa": 0.9009009009009009, "mcc": 0.9053574604251854, "data_info": {"train_count": 528, "test_count": 132, "actives_count": 60, "decoys_count": 600}}, "ann": {"protein_name": "nadph_oxidase_4", "uniprot_id": "Q9NPH5", "roc_auc": 0.8590277777777778, "accuracy": 0.9772727272727273, "f1_score": 0.975789642456309, "cohen_kappa": 0.8450704225352113, "mcc": 0.8553989227683015, "data_info": {"train_count": 528, "test_count": 132, "actives_count": 60, "decoys_count": 600}}}