{"xgb": {"protein_name": "protein_arginine_n_methyltransferase_8", "uniprot_id": "Q9NR22", "roc_auc": 1.0, "accuracy": 0.9772727272727273, "f1_score": 0.9757896424563092, "cohen_kappa": 0.8450704225352113, "mcc": 0.8553989227683015, "data_info": {"train_count": 176, "test_count": 44, "actives_count": 20, "decoys_count": 200}}, "rf": {"protein_name": "protein_arginine_n_methyltransferase_8", "uniprot_id": "Q9NR22", "roc_auc": 1.0, "accuracy": 1.0, "f1_score": 1.0, "cohen_kappa": 1.0, "mcc": 1.0, "data_info": {"train_count": 176, "test_count": 44, "actives_count": 20, "decoys_count": 200}}, "svc": {"protein_name": "protein_arginine_n_methyltransferase_8", "uniprot_id": "Q9NR22", "roc_auc": 0.99375, "accuracy": 0.9772727272727273, "f1_score": 0.9783915100370796, "cohen_kappa": 0.8764044943820225, "mcc": 0.8831760866327847, "data_info": {"train_count": 176, "test_count": 44, "actives_count": 20, "decoys_count": 200}}, "mlp": {"protein_name": "protein_arginine_n_methyltransferase_8", "uniprot_id": "Q9NR22", "roc_auc": 0.8374999999999999, "accuracy": 0.9545454545454546, "f1_score": 0.9475240206947523, "cohen_kappa": 0.6451612903225807, "mcc": 0.6900655593423543, "data_info": {"train_count": 176, "test_count": 44, "actives_count": 20, "decoys_count": 200}}}