{"xgb": {"protein_name": "interleukin_1_receptor_associated_kinase_4", "uniprot_id": "Q9NWZ3", "roc_auc": 0.9982491582491582, "accuracy": 0.9933774834437086, "f1_score": 0.9932621246686896, "cohen_kappa": 0.9579211369653058, "mcc": 0.9587703271269759, "data_info": {"train_count": 1205, "test_count": 302, "actives_count": 137, "decoys_count": 1370}}, "rf": {"protein_name": "interleukin_1_receptor_associated_kinase_4", "uniprot_id": "Q9NWZ3", "roc_auc": 1.0, "accuracy": 0.9933774834437086, "f1_score": 0.9932621246686896, "cohen_kappa": 0.9579211369653058, "mcc": 0.9587703271269759, "data_info": {"train_count": 1205, "test_count": 302, "actives_count": 137, "decoys_count": 1370}}, "svc": {"protein_name": "interleukin_1_receptor_associated_kinase_4", "uniprot_id": "Q9NWZ3", "roc_auc": 0.9993265993265994, "accuracy": 0.9933774834437086, "f1_score": 0.9933774834437086, "cohen_kappa": 0.9593265993265994, "mcc": 0.9593265993265994, "data_info": {"train_count": 1205, "test_count": 302, "actives_count": 137, "decoys_count": 1370}}, "ann": {"protein_name": "interleukin_1_receptor_associated_kinase_4", "uniprot_id": "Q9NWZ3", "roc_auc": 0.99003367003367, "accuracy": 0.9933774834437086, "f1_score": 0.9932621246686896, "cohen_kappa": 0.9579211369653058, "mcc": 0.9587703271269759, "data_info": {"train_count": 1205, "test_count": 302, "actives_count": 137, "decoys_count": 1370}}}