{"xgb": {"protein_name": "serine_threonine_protein_kinase_pim_2", "uniprot_id": "Q9P1W9", "roc_auc": 0.9999761904761905, "accuracy": 0.9983831851253031, "f1_score": 0.9983831851253031, "cohen_kappa": 0.9901825396825397, "mcc": 0.9901825396825397, "data_info": {"train_count": 4945, "test_count": 1237, "actives_count": 562, "decoys_count": 5620}}, "rf": {"protein_name": "serine_threonine_protein_kinase_pim_2", "uniprot_id": "Q9P1W9", "roc_auc": 1.0, "accuracy": 0.9975747776879548, "f1_score": 0.9975599315650233, "cohen_kappa": 0.9850940508754383, "mcc": 0.9852035068187813, "data_info": {"train_count": 4945, "test_count": 1237, "actives_count": 562, "decoys_count": 5620}}, "svc": {"protein_name": "serine_threonine_protein_kinase_pim_2", "uniprot_id": "Q9P1W9", "roc_auc": 0.9997539682539682, "accuracy": 0.9967663702506063, "f1_score": 0.9967918559672576, "cohen_kappa": 0.9806758002280787, "mcc": 0.9808589558074797, "data_info": {"train_count": 4945, "test_count": 1237, "actives_count": 562, "decoys_count": 5620}}, "mlp": {"protein_name": "serine_threonine_protein_kinase_pim_2", "uniprot_id": "Q9P1W9", "roc_auc": 0.9999365079365079, "accuracy": 0.9975747776879548, "f1_score": 0.9975698786686363, "cohen_kappa": 0.9852143736528187, "mcc": 0.9852263395591752, "data_info": {"train_count": 4945, "test_count": 1237, "actives_count": 562, "decoys_count": 5620}}}