{"xgb": {"protein_name": "cathepsin_f", "uniprot_id": "Q9UBX1", "roc_auc": 0.6499999999999999, "accuracy": 0.896551724137931, "f1_score": 0.8918601923528031, "cohen_kappa": 0.6063348416289593, "mcc": 0.6116235225474355, "data_info": {"train_count": 115, "test_count": 29, "actives_count": 24, "decoys_count": 120}}, "rf": {"protein_name": "cathepsin_f", "uniprot_id": "Q9UBX1", "roc_auc": 0.9125, "accuracy": 0.9310344827586207, "f1_score": 0.9237931034482759, "cohen_kappa": 0.7128712871287128, "mcc": 0.7442084075352507, "data_info": {"train_count": 115, "test_count": 29, "actives_count": 24, "decoys_count": 120}}, "svc": {"protein_name": "cathepsin_f", "uniprot_id": "Q9UBX1", "roc_auc": 0.9833333333333334, "accuracy": 0.9310344827586207, "f1_score": 0.9310344827586207, "cohen_kappa": 0.7583333333333333, "mcc": 0.7583333333333333, "data_info": {"train_count": 115, "test_count": 29, "actives_count": 24, "decoys_count": 120}}, "ann": {"protein_name": "cathepsin_f", "uniprot_id": "Q9UBX1", "roc_auc": 0.8916666666666668, "accuracy": 0.9310344827586207, "f1_score": 0.9237931034482759, "cohen_kappa": 0.7128712871287128, "mcc": 0.7442084075352507, "data_info": {"train_count": 115, "test_count": 29, "actives_count": 24, "decoys_count": 120}}}