{"xgb": {"protein_name": "lysine_specific_demethylase_5b", "uniprot_id": "Q9UGL1", "roc_auc": 0.849058769513315, "accuracy": 0.972972972972973, "f1_score": 0.9596445760829323, "cohen_kappa": 0.0, "mcc": 0.0, "data_info": {"train_count": 1628, "test_count": 407, "actives_count": 55, "decoys_count": 1980}}, "rf": {"protein_name": "lysine_specific_demethylase_5b", "uniprot_id": "Q9UGL1", "roc_auc": 0.9886363636363638, "accuracy": 0.9852579852579852, "f1_score": 0.9825492786019101, "cohen_kappa": 0.6185567010309279, "mcc": 0.6691496051182058, "data_info": {"train_count": 1628, "test_count": 407, "actives_count": 55, "decoys_count": 1980}}, "svc": {"protein_name": "lysine_specific_demethylase_5b", "uniprot_id": "Q9UGL1", "roc_auc": 0.9540863177226814, "accuracy": 0.9877149877149877, "f1_score": 0.9874302333318729, "cohen_kappa": 0.7556142668428005, "mcc": 0.7565184592071674, "data_info": {"train_count": 1628, "test_count": 407, "actives_count": 55, "decoys_count": 1980}}, "mlp": {"protein_name": "lysine_specific_demethylase_5b", "uniprot_id": "Q9UGL1", "roc_auc": 0.9373278236914602, "accuracy": 0.9828009828009828, "f1_score": 0.9788632186629683, "cohen_kappa": 0.526508226691042, "mcc": 0.5977625776640615, "data_info": {"train_count": 1628, "test_count": 407, "actives_count": 55, "decoys_count": 1980}}}