{"xgb": {"protein_name": "poly_adp_ribose_polymerase_2", "uniprot_id": "Q9UGN5", "roc_auc": 0.9774159663865546, "accuracy": 0.96, "f1_score": 0.9569565217391304, "cohen_kappa": 0.7289156626506024, "mcc": 0.7411188857944132, "data_info": {"train_count": 598, "test_count": 150, "actives_count": 68, "decoys_count": 680}}, "rf": {"protein_name": "poly_adp_ribose_polymerase_2", "uniprot_id": "Q9UGN5", "roc_auc": 0.9950105042016807, "accuracy": 0.9733333333333334, "f1_score": 0.9713043478260869, "cohen_kappa": 0.8192771084337349, "mcc": 0.8329931278350429, "data_info": {"train_count": 598, "test_count": 150, "actives_count": 68, "decoys_count": 680}}, "svc": {"protein_name": "poly_adp_ribose_polymerase_2", "uniprot_id": "Q9UGN5", "roc_auc": 1.0, "accuracy": 1.0, "f1_score": 1.0, "cohen_kappa": 1.0, "mcc": 1.0, "data_info": {"train_count": 598, "test_count": 150, "actives_count": 68, "decoys_count": 680}}, "ann": {"protein_name": "poly_adp_ribose_polymerase_2", "uniprot_id": "Q9UGN5", "roc_auc": 0.9338235294117647, "accuracy": 0.9733333333333334, "f1_score": 0.9713043478260869, "cohen_kappa": 0.8192771084337349, "mcc": 0.8329931278350429, "data_info": {"train_count": 598, "test_count": 150, "actives_count": 68, "decoys_count": 680}}}