{"xgb": {"protein_name": "dipeptidyl_peptidase_2", "uniprot_id": "Q9UHL4", "roc_auc": 0.9845832704592324, "accuracy": 0.9902242668200115, "f1_score": 0.9891695595900241, "cohen_kappa": 0.7744711366081032, "mcc": 0.7949518903049142, "data_info": {"train_count": 6956, "test_count": 1739, "actives_count": 235, "decoys_count": 8460}}, "rf": {"protein_name": "dipeptidyl_peptidase_2", "uniprot_id": "Q9UHL4", "roc_auc": 0.9840614154217594, "accuracy": 0.9953996549741231, "f1_score": 0.9951911103732078, "cohen_kappa": 0.904639175257732, "mcc": 0.9087806957353224, "data_info": {"train_count": 6956, "test_count": 1739, "actives_count": 235, "decoys_count": 8460}}, "svc": {"protein_name": "dipeptidyl_peptidase_2", "uniprot_id": "Q9UHL4", "roc_auc": 0.99295810069916, "accuracy": 0.9890741805635422, "f1_score": 0.989238289231886, "cohen_kappa": 0.7985096016050444, "mcc": 0.7989140135702192, "data_info": {"train_count": 6956, "test_count": 1739, "actives_count": 235, "decoys_count": 8460}}, "mlp": {"protein_name": "dipeptidyl_peptidase_2", "uniprot_id": "Q9UHL4", "roc_auc": 0.9976610834465067, "accuracy": 0.9953996549741231, "f1_score": 0.9952468961318519, "cohen_kappa": 0.9067422810333964, "mcc": 0.908968372509871, "data_info": {"train_count": 6956, "test_count": 1739, "actives_count": 235, "decoys_count": 8460}}}