{"xgb": {"protein_name": "acid_sensing_ion_channel_3", "uniprot_id": "Q9UHC3", "roc_auc": 0.984375, "accuracy": 0.9473684210526315, "f1_score": 0.9473684210526315, "cohen_kappa": 0.8020833333333333, "mcc": 0.8020833333333334, "data_info": {"train_count": 148, "test_count": 38, "actives_count": 31, "decoys_count": 155}}, "rf": {"protein_name": "acid_sensing_ion_channel_3", "uniprot_id": "Q9UHC3", "roc_auc": 0.9427083333333334, "accuracy": 0.9736842105263158, "f1_score": 0.9726904674273096, "cohen_kappa": 0.8938547486033519, "mcc": 0.8989331499509895, "data_info": {"train_count": 148, "test_count": 38, "actives_count": 31, "decoys_count": 155}}, "svc": {"protein_name": "acid_sensing_ion_channel_3", "uniprot_id": "Q9UHC3", "roc_auc": 0.9583333333333334, "accuracy": 0.9473684210526315, "f1_score": 0.9473684210526315, "cohen_kappa": 0.8020833333333333, "mcc": 0.8020833333333334, "data_info": {"train_count": 148, "test_count": 38, "actives_count": 31, "decoys_count": 155}}, "ann": {"protein_name": "acid_sensing_ion_channel_3", "uniprot_id": "Q9UHC3", "roc_auc": 0.875, "accuracy": 0.9473684210526315, "f1_score": 0.9429027113237639, "cohen_kappa": 0.7710843373493976, "mcc": 0.7921180343813395, "data_info": {"train_count": 148, "test_count": 38, "actives_count": 31, "decoys_count": 155}}}