{"xgb": {"protein_name": "acid_sensing_ion_channel_3", "uniprot_id": "Q9UHC3", "roc_auc": 0.9973958333333333, "accuracy": 0.9739130434782609, "f1_score": 0.9610419459873588, "cohen_kappa": 0.0, "mcc": 0.0, "data_info": {"train_count": 917, "test_count": 230, "actives_count": 31, "decoys_count": 1116}}, "rf": {"protein_name": "acid_sensing_ion_channel_3", "uniprot_id": "Q9UHC3", "roc_auc": 1.0, "accuracy": 0.9956521739130435, "f1_score": 0.9954593871317026, "cohen_kappa": 0.9068825910931174, "mcc": 0.9108400680852976, "data_info": {"train_count": 917, "test_count": 230, "actives_count": 31, "decoys_count": 1116}}, "svc": {"protein_name": "acid_sensing_ion_channel_3", "uniprot_id": "Q9UHC3", "roc_auc": 0.9985119047619048, "accuracy": 0.9869565217391304, "f1_score": 0.9863781613951073, "cohen_kappa": 0.7206477732793523, "mcc": 0.7237925541034954, "data_info": {"train_count": 917, "test_count": 230, "actives_count": 31, "decoys_count": 1116}}, "mlp": {"protein_name": "acid_sensing_ion_channel_3", "uniprot_id": "Q9UHC3", "roc_auc": 0.9985119047619048, "accuracy": 0.991304347826087, "f1_score": 0.991304347826087, "cohen_kappa": 0.8288690476190477, "mcc": 0.8288690476190477, "data_info": {"train_count": 917, "test_count": 230, "actives_count": 31, "decoys_count": 1116}}}