{"xgb": {"protein_name": "traf2_and_nck_interacting_protein_kinase", "uniprot_id": "Q9UKE5", "roc_auc": 0.9917929292929293, "accuracy": 0.9831932773109243, "f1_score": 0.9824300362346774, "cohen_kappa": 0.8909257561869844, "mcc": 0.8962732759175445, "data_info": {"train_count": 950, "test_count": 238, "actives_count": 108, "decoys_count": 1080}}, "rf": {"protein_name": "traf2_and_nck_interacting_protein_kinase", "uniprot_id": "Q9UKE5", "roc_auc": 0.9866372053872055, "accuracy": 0.9915966386554622, "f1_score": 0.9914159212071926, "cohen_kappa": 0.9477841158402808, "mcc": 0.9490788299826668, "data_info": {"train_count": 950, "test_count": 238, "actives_count": 108, "decoys_count": 1080}}, "svc": {"protein_name": "traf2_and_nck_interacting_protein_kinase", "uniprot_id": "Q9UKE5", "roc_auc": 0.9987373737373737, "accuracy": 0.9957983193277311, "f1_score": 0.9957543144009846, "cohen_kappa": 0.9744360902255639, "mcc": 0.9747546499329883, "data_info": {"train_count": 950, "test_count": 238, "actives_count": 108, "decoys_count": 1080}}, "ann": {"protein_name": "traf2_and_nck_interacting_protein_kinase", "uniprot_id": "Q9UKE5", "roc_auc": 0.9303451178451179, "accuracy": 0.9831932773109243, "f1_score": 0.9824300362346774, "cohen_kappa": 0.8909257561869844, "mcc": 0.8962732759175445, "data_info": {"train_count": 950, "test_count": 238, "actives_count": 108, "decoys_count": 1080}}}