{"xgb": {"protein_name": "histone_deacetylase_9", "uniprot_id": "Q9UKV0", "roc_auc": 0.9984820886460231, "accuracy": 0.9900497512437811, "f1_score": 0.9897841355880443, "cohen_kappa": 0.9357622243528284, "mcc": 0.9376989278437292, "data_info": {"train_count": 800, "test_count": 201, "actives_count": 91, "decoys_count": 910}}, "rf": {"protein_name": "histone_deacetylase_9", "uniprot_id": "Q9UKV0", "roc_auc": 0.9987856709168185, "accuracy": 0.9950248756218906, "f1_score": 0.9949605805150968, "cohen_kappa": 0.9687062120504437, "mcc": 0.9691808882777758, "data_info": {"train_count": 800, "test_count": 201, "actives_count": 91, "decoys_count": 910}}, "svc": {"protein_name": "histone_deacetylase_9", "uniprot_id": "Q9UKV0", "roc_auc": 0.9908925318761385, "accuracy": 0.9850746268656716, "f1_score": 0.9848817415452903, "cohen_kappa": 0.9061186361513311, "mcc": 0.906562643808527, "data_info": {"train_count": 800, "test_count": 201, "actives_count": 91, "decoys_count": 910}}, "mlp": {"protein_name": "histone_deacetylase_9", "uniprot_id": "Q9UKV0", "roc_auc": 0.9839101396478446, "accuracy": 0.9950248756218906, "f1_score": 0.9949605805150968, "cohen_kappa": 0.9687062120504437, "mcc": 0.9691808882777758, "data_info": {"train_count": 800, "test_count": 201, "actives_count": 91, "decoys_count": 910}}}