{"xgb": {"protein_name": "a_disintegrin_and_metalloproteinase_with_thrombospondin_motifs_5", "uniprot_id": "Q9UNA0", "roc_auc": 0.9941610223215775, "accuracy": 0.9926813040585496, "f1_score": 0.99212807758606, "cohen_kappa": 0.8414146355500561, "mcc": 0.8521989835976841, "data_info": {"train_count": 6008, "test_count": 1503, "actives_count": 203, "decoys_count": 7308}}, "rf": {"protein_name": "a_disintegrin_and_metalloproteinase_with_thrombospondin_motifs_5", "uniprot_id": "Q9UNA0", "roc_auc": 0.9973390944579761, "accuracy": 0.9960079840319361, "f1_score": 0.9958544918426127, "cohen_kappa": 0.9190179421325814, "mcc": 0.9220463486165662, "data_info": {"train_count": 6008, "test_count": 1503, "actives_count": 203, "decoys_count": 7308}}, "svc": {"protein_name": "a_disintegrin_and_metalloproteinase_with_thrombospondin_motifs_5", "uniprot_id": "Q9UNA0", "roc_auc": 0.9820159487504587, "accuracy": 0.9940119760479041, "f1_score": 0.9940470241871405, "cohen_kappa": 0.8884876963027081, "mcc": 0.8885559037799793, "data_info": {"train_count": 6008, "test_count": 1503, "actives_count": 203, "decoys_count": 7308}}, "ann": {"protein_name": "a_disintegrin_and_metalloproteinase_with_thrombospondin_motifs_5", "uniprot_id": "Q9UNA0", "roc_auc": 0.996379833839378, "accuracy": 0.9953426480372588, "f1_score": 0.9951308664372608, "cohen_kappa": 0.9042997353029463, "mcc": 0.9084694314605135, "data_info": {"train_count": 6008, "test_count": 1503, "actives_count": 203, "decoys_count": 7308}}}