{"xgb": {"protein_name": "histone_deacetylase_5", "uniprot_id": "Q9UQL6", "roc_auc": 0.9938650306748467, "accuracy": 0.9776536312849162, "f1_score": 0.9761928946286489, "cohen_kappa": 0.8452895419187554, "mcc": 0.8555909818036376, "data_info": {"train_count": 712, "test_count": 179, "actives_count": 81, "decoys_count": 810}}, "rf": {"protein_name": "histone_deacetylase_5", "uniprot_id": "Q9UQL6", "roc_auc": 0.9764187116564417, "accuracy": 0.9832402234636871, "f1_score": 0.9824497508254583, "cohen_kappa": 0.8875392670157068, "mcc": 0.8932056118611442, "data_info": {"train_count": 712, "test_count": 179, "actives_count": 81, "decoys_count": 810}}, "svc": {"protein_name": "histone_deacetylase_5", "uniprot_id": "Q9UQL6", "roc_auc": 0.9846625766871165, "accuracy": 0.9608938547486033, "f1_score": 0.9590494185927363, "cohen_kappa": 0.7375916230366493, "mcc": 0.7423006524244808, "data_info": {"train_count": 712, "test_count": 179, "actives_count": 81, "decoys_count": 810}}, "mlp": {"protein_name": "histone_deacetylase_5", "uniprot_id": "Q9UQL6", "roc_auc": 0.9574386503067485, "accuracy": 0.9776536312849162, "f1_score": 0.9761928946286489, "cohen_kappa": 0.8452895419187554, "mcc": 0.8555909818036376, "data_info": {"train_count": 712, "test_count": 179, "actives_count": 81, "decoys_count": 810}}}