{"xgb": {"protein_name": "histone_deacetylase_5", "uniprot_id": "Q9UQL6", "roc_auc": 0.9946489726027397, "accuracy": 0.9733333333333334, "f1_score": 0.9601801801801803, "cohen_kappa": 0.0, "mcc": 0.0, "data_info": {"train_count": 2397, "test_count": 600, "actives_count": 81, "decoys_count": 2916}}, "rf": {"protein_name": "histone_deacetylase_5", "uniprot_id": "Q9UQL6", "roc_auc": 1.0, "accuracy": 0.995, "f1_score": 0.9947477840925821, "cohen_kappa": 0.8940178991992463, "mcc": 0.8990814923090156, "data_info": {"train_count": 2397, "test_count": 600, "actives_count": 81, "decoys_count": 2916}}, "svc": {"protein_name": "histone_deacetylase_5", "uniprot_id": "Q9UQL6", "roc_auc": 0.9949700342465754, "accuracy": 0.9933333333333333, "f1_score": 0.9933333333333333, "cohen_kappa": 0.8715753424657534, "mcc": 0.8715753424657534, "data_info": {"train_count": 2397, "test_count": 600, "actives_count": 81, "decoys_count": 2916}}, "mlp": {"protein_name": "histone_deacetylase_5", "uniprot_id": "Q9UQL6", "roc_auc": 0.9985017123287672, "accuracy": 0.9933333333333333, "f1_score": 0.993116809116809, "cohen_kappa": 0.8632634457611668, "mcc": 0.865288088453232, "data_info": {"train_count": 2397, "test_count": 600, "actives_count": 81, "decoys_count": 2916}}}