{"xgb": {"protein_name": "carbonic_anhydrase_5b_mitochondrial", "uniprot_id": "Q9Y2D0", "roc_auc": 0.9894088669950739, "accuracy": 0.9820627802690582, "f1_score": 0.9816347119447261, "cohen_kappa": 0.8849625999484138, "mcc": 0.8864301478917896, "data_info": {"train_count": 888, "test_count": 223, "actives_count": 101, "decoys_count": 1010}}, "rf": {"protein_name": "carbonic_anhydrase_5b_mitochondrial", "uniprot_id": "Q9Y2D0", "roc_auc": 0.9967980295566503, "accuracy": 0.9865470852017937, "f1_score": 0.9866945366015692, "cohen_kappa": 0.9194267132361797, "mcc": 0.9197585021000232, "data_info": {"train_count": 888, "test_count": 223, "actives_count": 101, "decoys_count": 1010}}, "svc": {"protein_name": "carbonic_anhydrase_5b_mitochondrial", "uniprot_id": "Q9Y2D0", "roc_auc": 0.9763546798029555, "accuracy": 0.9506726457399103, "f1_score": 0.9531055271636554, "cohen_kappa": 0.7285002767017155, "mcc": 0.7341119033294187, "data_info": {"train_count": 888, "test_count": 223, "actives_count": 101, "decoys_count": 1010}}, "ann": {"protein_name": "carbonic_anhydrase_5b_mitochondrial", "uniprot_id": "Q9Y2D0", "roc_auc": 0.9522167487684728, "accuracy": 0.9865470852017937, "f1_score": 0.9860510350823595, "cohen_kappa": 0.9116365077268525, "mcc": 0.9152165641110857, "data_info": {"train_count": 888, "test_count": 223, "actives_count": 101, "decoys_count": 1010}}}