{"xgb": {"protein_name": "heparanase", "uniprot_id": "Q9Y251", "roc_auc": 0.998175182481752, "accuracy": 0.987719298245614, "f1_score": 0.986596578923725, "cohen_kappa": 0.8046989720998532, "mcc": 0.8204990391333028, "data_info": {"train_count": 2276, "test_count": 570, "actives_count": 110, "decoys_count": 2736}}, "rf": {"protein_name": "heparanase", "uniprot_id": "Q9Y251", "roc_auc": 0.9995852687458527, "accuracy": 0.9982456140350877, "f1_score": 0.9982260138272584, "cohen_kappa": 0.9758331213431697, "mcc": 0.9761182080493349, "data_info": {"train_count": 2276, "test_count": 570, "actives_count": 110, "decoys_count": 2736}}, "svc": {"protein_name": "heparanase", "uniprot_id": "Q9Y251", "roc_auc": 0.9978433974784341, "accuracy": 0.9912280701754386, "f1_score": 0.9914959870525626, "cohen_kappa": 0.8890618917866875, "mcc": 0.8910380062395433, "data_info": {"train_count": 2276, "test_count": 570, "actives_count": 110, "decoys_count": 2736}}, "ann": {"protein_name": "heparanase", "uniprot_id": "Q9Y251", "roc_auc": 0.9980922362309224, "accuracy": 0.9947368421052631, "f1_score": 0.9947929183689816, "cohen_kappa": 0.9305950158292069, "mcc": 0.9308441560894585, "data_info": {"train_count": 2276, "test_count": 570, "actives_count": 110, "decoys_count": 2736}}}