{"xgb": {"protein_name": "carbonic_anhydrase_5b_mitochondrial", "uniprot_id": "Q9Y2D0", "roc_auc": 0.9668956043956043, "accuracy": 0.9732620320855615, "f1_score": 0.9600741996724781, "cohen_kappa": 0.0, "mcc": 0.0, "data_info": {"train_count": 2989, "test_count": 748, "actives_count": 101, "decoys_count": 3636}}, "rf": {"protein_name": "carbonic_anhydrase_5b_mitochondrial", "uniprot_id": "Q9Y2D0", "roc_auc": 0.9941277472527472, "accuracy": 0.9919786096256684, "f1_score": 0.9912872996481269, "cohen_kappa": 0.8195561273721453, "mcc": 0.8332334181700308, "data_info": {"train_count": 2989, "test_count": 748, "actives_count": 101, "decoys_count": 3636}}, "svc": {"protein_name": "carbonic_anhydrase_5b_mitochondrial", "uniprot_id": "Q9Y2D0", "roc_auc": 0.9271291208791208, "accuracy": 0.9786096256684492, "f1_score": 0.9791042088962633, "cohen_kappa": 0.6080691642651297, "mcc": 0.6088002099520792, "data_info": {"train_count": 2989, "test_count": 748, "actives_count": 101, "decoys_count": 3636}}, "mlp": {"protein_name": "carbonic_anhydrase_5b_mitochondrial", "uniprot_id": "Q9Y2D0", "roc_auc": 0.9936126373626374, "accuracy": 0.9946524064171123, "f1_score": 0.9945153480298533, "cohen_kappa": 0.8920011550678603, "mcc": 0.8933045160164724, "data_info": {"train_count": 2989, "test_count": 748, "actives_count": 101, "decoys_count": 3636}}}