{"xgb": {"protein_name": "suppressor_of_tumorigenicity_14_protein", "uniprot_id": "Q9Y5Y6", "roc_auc": 0.9998505231689088, "accuracy": 0.9959266802443992, "f1_score": 0.9958849488059838, "cohen_kappa": 0.9750368600335554, "mcc": 0.975340803278363, "data_info": {"train_count": 1962, "test_count": 491, "actives_count": 223, "decoys_count": 2230}}, "rf": {"protein_name": "suppressor_of_tumorigenicity_14_protein", "uniprot_id": "Q9Y5Y6", "roc_auc": 1.0, "accuracy": 0.9959266802443992, "f1_score": 0.9958849488059838, "cohen_kappa": 0.9750368600335554, "mcc": 0.975340803278363, "data_info": {"train_count": 1962, "test_count": 491, "actives_count": 223, "decoys_count": 2230}}, "svc": {"protein_name": "suppressor_of_tumorigenicity_14_protein", "uniprot_id": "Q9Y5Y6", "roc_auc": 1.0, "accuracy": 1.0, "f1_score": 1.0, "cohen_kappa": 1.0, "mcc": 1.0, "data_info": {"train_count": 1962, "test_count": 491, "actives_count": 223, "decoys_count": 2230}}, "mlp": {"protein_name": "suppressor_of_tumorigenicity_14_protein", "uniprot_id": "Q9Y5Y6", "roc_auc": 0.994369706028899, "accuracy": 0.9959266802443992, "f1_score": 0.9958849488059838, "cohen_kappa": 0.9750368600335554, "mcc": 0.975340803278363, "data_info": {"train_count": 1962, "test_count": 491, "actives_count": 223, "decoys_count": 2230}}}