{"xgb": {"protein_name": "beta_secretase_2", "uniprot_id": "Q9Y5Z0", "roc_auc": 0.9984133941093969, "accuracy": 0.9935197817189632, "f1_score": 0.9930939282259345, "cohen_kappa": 0.8619900310168165, "mcc": 0.870318245720012, "data_info": {"train_count": 11724, "test_count": 2932, "actives_count": 400, "decoys_count": 14256}}, "rf": {"protein_name": "beta_secretase_2", "uniprot_id": "Q9Y5Z0", "roc_auc": 0.9998553646563815, "accuracy": 0.9972714870395635, "f1_score": 0.9972015947902819, "cohen_kappa": 0.94597184344365, "mcc": 0.9473555391100626, "data_info": {"train_count": 11724, "test_count": 2932, "actives_count": 400, "decoys_count": 14256}}, "svc": {"protein_name": "beta_secretase_2", "uniprot_id": "Q9Y5Z0", "roc_auc": 0.9996493688639552, "accuracy": 0.9986357435197817, "f1_score": 0.9986357435197817, "cohen_kappa": 0.9742987377279102, "mcc": 0.9742987377279102, "data_info": {"train_count": 11724, "test_count": 2932, "actives_count": 400, "decoys_count": 14256}}, "mlp": {"protein_name": "beta_secretase_2", "uniprot_id": "Q9Y5Z0", "roc_auc": 0.9983169705469846, "accuracy": 0.9969304229195088, "f1_score": 0.9969019025425944, "cohen_kappa": 0.9410987401898198, "mcc": 0.941280182027975, "data_info": {"train_count": 11724, "test_count": 2932, "actives_count": 400, "decoys_count": 14256}}}