{"xgb": {"protein_name": "prostaglandin_d2_receptor_2", "uniprot_id": "Q9Y5Y4", "roc_auc": 0.9996646819727197, "accuracy": 0.9975694444444444, "f1_score": 0.9975631425862539, "cohen_kappa": 0.9852282152811768, "mcc": 0.9852479591505312, "data_info": {"train_count": 11519, "test_count": 2880, "actives_count": 1309, "decoys_count": 13090}}, "rf": {"protein_name": "prostaglandin_d2_receptor_2", "uniprot_id": "Q9Y5Y4", "roc_auc": 0.9996872794919495, "accuracy": 0.9986111111111111, "f1_score": 0.9986062993410321, "cohen_kappa": 0.9915443831803689, "mcc": 0.9915798315315858, "data_info": {"train_count": 11519, "test_count": 2880, "actives_count": 1309, "decoys_count": 13090}}, "svc": {"protein_name": "prostaglandin_d2_receptor_2", "uniprot_id": "Q9Y5Y4", "roc_auc": 0.9998308830818934, "accuracy": 0.996875, "f1_score": 0.9968935062283031, "cohen_kappa": 0.98133000654026, "mcc": 0.9814334857646125, "data_info": {"train_count": 11519, "test_count": 2880, "actives_count": 1309, "decoys_count": 13090}}, "ann": {"protein_name": "prostaglandin_d2_receptor_2", "uniprot_id": "Q9Y5Y4", "roc_auc": 0.9999139836364802, "accuracy": 0.9979166666666667, "f1_score": 0.9979130733411453, "cohen_kappa": 0.987360290245187, "mcc": 0.9873690538570871, "data_info": {"train_count": 11519, "test_count": 2880, "actives_count": 1309, "decoys_count": 13090}}}