{"xgb": {"protein_name": "intermediate_conductance_calcium_activated_potassium_channel_protein_4", "uniprot_id": "O15554", "roc_auc": 0.9816453621763357, "accuracy": 0.9741379310344828, "f1_score": 0.9613762987501884, "cohen_kappa": 0.0, "mcc": 0.0, "data_info": {"train_count": 1391, "test_count": 348, "actives_count": 47, "decoys_count": 1692}}, "rf": {"protein_name": "intermediate_conductance_calcium_activated_potassium_channel_protein_4", "uniprot_id": "O15554", "roc_auc": 0.9972140281874795, "accuracy": 0.9885057471264368, "f1_score": 0.9878042596348884, "cohen_kappa": 0.7442116868798236, "mcc": 0.7503738905136186, "data_info": {"train_count": 1391, "test_count": 348, "actives_count": 47, "decoys_count": 1692}}, "svc": {"protein_name": "intermediate_conductance_calcium_activated_potassium_channel_protein_4", "uniprot_id": "O15554", "roc_auc": 0.9967223861029171, "accuracy": 0.9942528735632183, "f1_score": 0.9942528735632183, "cohen_kappa": 0.8859390363815143, "mcc": 0.8859390363815143, "data_info": {"train_count": 1391, "test_count": 348, "actives_count": 47, "decoys_count": 1692}}, "mlp": {"protein_name": "intermediate_conductance_calcium_activated_potassium_channel_protein_4", "uniprot_id": "O15554", "roc_auc": 0.9668960996394625, "accuracy": 0.985632183908046, "f1_score": 0.9842270494708593, "cohen_kappa": 0.65962441314554, "mcc": 0.6738260368545401, "data_info": {"train_count": 1391, "test_count": 348, "actives_count": 47, "decoys_count": 1692}}}