{"xgb": {"protein_name": "mitogen_activated_protein_kinase_kinase_kinase_7", "uniprot_id": "O43318", "roc_auc": 0.89, "accuracy": 0.9090909090909091, "f1_score": 0.8658008658008657, "cohen_kappa": 0.0, "mcc": 0.0, "data_info": {"train_count": 220, "test_count": 55, "actives_count": 25, "decoys_count": 250}}, "rf": {"protein_name": "mitogen_activated_protein_kinase_kinase_kinase_7", "uniprot_id": "O43318", "roc_auc": 0.9680000000000001, "accuracy": 0.9636363636363636, "f1_score": 0.9594474153297682, "cohen_kappa": 0.7317073170731707, "mcc": 0.75955452531275, "data_info": {"train_count": 220, "test_count": 55, "actives_count": 25, "decoys_count": 250}}, "svc": {"protein_name": "mitogen_activated_protein_kinase_kinase_kinase_7", "uniprot_id": "O43318", "roc_auc": 0.952, "accuracy": 0.9636363636363636, "f1_score": 0.9594474153297682, "cohen_kappa": 0.7317073170731707, "mcc": 0.75955452531275, "data_info": {"train_count": 220, "test_count": 55, "actives_count": 25, "decoys_count": 250}}, "mlp": {"protein_name": "mitogen_activated_protein_kinase_kinase_kinase_7", "uniprot_id": "O43318", "roc_auc": 0.9199999999999999, "accuracy": 0.9636363636363636, "f1_score": 0.9594474153297682, "cohen_kappa": 0.7317073170731707, "mcc": 0.75955452531275, "data_info": {"train_count": 220, "test_count": 55, "actives_count": 25, "decoys_count": 250}}}