{"xgb": {"protein_name": "hematopoietic_prostaglandin_d_synthase", "uniprot_id": "O60760", "roc_auc": 0.9918279569892473, "accuracy": 0.9588235294117647, "f1_score": 0.9550326797385621, "cohen_kappa": 0.6987341772151898, "mcc": 0.7154966693639935, "data_info": {"train_count": 677, "test_count": 170, "actives_count": 77, "decoys_count": 770}}, "rf": {"protein_name": "hematopoietic_prostaglandin_d_synthase", "uniprot_id": "O60760", "roc_auc": 0.9898924731182795, "accuracy": 0.9705882352941176, "f1_score": 0.9678804855275442, "cohen_kappa": 0.7848101265822784, "mcc": 0.8036375634160796, "data_info": {"train_count": 677, "test_count": 170, "actives_count": 77, "decoys_count": 770}}, "svc": {"protein_name": "hematopoietic_prostaglandin_d_synthase", "uniprot_id": "O60760", "roc_auc": 0.9212903225806451, "accuracy": 0.9411764705882353, "f1_score": 0.9442522106881969, "cohen_kappa": 0.6737044145873321, "mcc": 0.6795170653740027, "data_info": {"train_count": 677, "test_count": 170, "actives_count": 77, "decoys_count": 770}}, "mlp": {"protein_name": "hematopoietic_prostaglandin_d_synthase", "uniprot_id": "O60760", "roc_auc": 0.92, "accuracy": 0.9588235294117647, "f1_score": 0.9567332790411159, "cohen_kappa": 0.718676122931442, "mcc": 0.7239572852735127, "data_info": {"train_count": 677, "test_count": 170, "actives_count": 77, "decoys_count": 770}}}