{"xgb": {"protein_name": "cathepsin_l2", "uniprot_id": "O60911", "roc_auc": 0.9043544561165706, "accuracy": 0.9721627408993576, "f1_score": 0.9584405740897033, "cohen_kappa": 0.0, "mcc": 0.0, "data_info": {"train_count": 1864, "test_count": 467, "actives_count": 63, "decoys_count": 2268}}, "rf": {"protein_name": "cathepsin_l2", "uniprot_id": "O60911", "roc_auc": 0.9162148424262962, "accuracy": 0.9892933618843683, "f1_score": 0.988048079299595, "cohen_kappa": 0.7567454943223253, "mcc": 0.7801801582130339, "data_info": {"train_count": 1864, "test_count": 467, "actives_count": 63, "decoys_count": 2268}}, "svc": {"protein_name": "cathepsin_l2", "uniprot_id": "O60911", "roc_auc": 0.9262961707895628, "accuracy": 0.9828693790149893, "f1_score": 0.983462278937129, "cohen_kappa": 0.705502128330443, "mcc": 0.707422046253053, "data_info": {"train_count": 1864, "test_count": 467, "actives_count": 63, "decoys_count": 2268}}, "mlp": {"protein_name": "cathepsin_l2", "uniprot_id": "O60911", "roc_auc": 0.8337851575737039, "accuracy": 0.9850107066381156, "f1_score": 0.9823068571136481, "cohen_kappa": 0.6249856602041987, "mcc": 0.6741886125802544, "data_info": {"train_count": 1864, "test_count": 467, "actives_count": 63, "decoys_count": 2268}}}