{"xgb": {"protein_name": "adenosine_deaminase", "uniprot_id": "P00813", "roc_auc": 0.9927007299270072, "accuracy": 0.9716312056737588, "f1_score": 0.9576509005561508, "cohen_kappa": 0.0, "mcc": 0.0, "data_info": {"train_count": 1124, "test_count": 282, "actives_count": 38, "decoys_count": 1368}}, "rf": {"protein_name": "adenosine_deaminase", "uniprot_id": "P00813", "roc_auc": 1.0, "accuracy": 1.0, "f1_score": 1.0, "cohen_kappa": 1.0, "mcc": 1.0, "data_info": {"train_count": 1124, "test_count": 282, "actives_count": 38, "decoys_count": 1368}}, "svc": {"protein_name": "adenosine_deaminase", "uniprot_id": "P00813", "roc_auc": 1.0, "accuracy": 0.9964539007092199, "f1_score": 0.9965549563401539, "cohen_kappa": 0.9393548387096774, "mcc": 0.9410870144978347, "data_info": {"train_count": 1124, "test_count": 282, "actives_count": 38, "decoys_count": 1368}}, "mlp": {"protein_name": "adenosine_deaminase", "uniprot_id": "P00813", "roc_auc": 1.0, "accuracy": 0.9964539007092199, "f1_score": 0.9963389269981526, "cohen_kappa": 0.9315201554152501, "mcc": 0.9337120443788769, "data_info": {"train_count": 1124, "test_count": 282, "actives_count": 38, "decoys_count": 1368}}}