{"xgb": {"protein_name": "steroid_17_alpha_hydroxylase_17_20_lyase", "uniprot_id": "P05093", "roc_auc": 0.9996214169821525, "accuracy": 0.9968287526427061, "f1_score": 0.9968204013281844, "cohen_kappa": 0.9807130333138515, "mcc": 0.9807333013077761, "data_info": {"train_count": 3784, "test_count": 946, "actives_count": 430, "decoys_count": 4300}}, "rf": {"protein_name": "steroid_17_alpha_hydroxylase_17_20_lyase", "uniprot_id": "P05093", "roc_auc": 0.9991076257436452, "accuracy": 0.992600422832981, "f1_score": 0.9925809364324303, "cohen_kappa": 0.9549970777323202, "mcc": 0.9550168142651407, "data_info": {"train_count": 3784, "test_count": 946, "actives_count": 430, "decoys_count": 4300}}, "svc": {"protein_name": "steroid_17_alpha_hydroxylase_17_20_lyase", "uniprot_id": "P05093", "roc_auc": 0.9981341265548945, "accuracy": 0.9894291754756871, "f1_score": 0.9896393844991975, "cohen_kappa": 0.9386160714285714, "mcc": 0.939749864172412, "data_info": {"train_count": 3784, "test_count": 946, "actives_count": 430, "decoys_count": 4300}}, "mlp": {"protein_name": "steroid_17_alpha_hydroxylase_17_20_lyase", "uniprot_id": "P05093", "roc_auc": 0.9991752298539751, "accuracy": 0.9904862579281184, "f1_score": 0.9905109870609371, "cohen_kappa": 0.9427414690572585, "mcc": 0.9427605487415089, "data_info": {"train_count": 3784, "test_count": 946, "actives_count": 430, "decoys_count": 4300}}}