{"xgb": {"protein_name": "fatty_acid_binding_protein_heart", "uniprot_id": "P05413", "roc_auc": 0.7493975903614458, "accuracy": 0.9707602339181286, "f1_score": 0.9563572630884828, "cohen_kappa": 0.0, "mcc": 0.0, "data_info": {"train_count": 680, "test_count": 171, "actives_count": 23, "decoys_count": 828}}, "rf": {"protein_name": "fatty_acid_binding_protein_heart", "uniprot_id": "P05413", "roc_auc": 0.9873493975903613, "accuracy": 0.9883040935672515, "f1_score": 0.9868771229470884, "cohen_kappa": 0.7443946188340806, "mcc": 0.7699721701835353, "data_info": {"train_count": 680, "test_count": 171, "actives_count": 23, "decoys_count": 828}}, "svc": {"protein_name": "fatty_acid_binding_protein_heart", "uniprot_id": "P05413", "roc_auc": 0.755421686746988, "accuracy": 0.9824561403508771, "f1_score": 0.9815078236130867, "cohen_kappa": 0.6577718478985991, "mcc": 0.6620939841406362, "data_info": {"train_count": 680, "test_count": 171, "actives_count": 23, "decoys_count": 828}}, "mlp": {"protein_name": "fatty_acid_binding_protein_heart", "uniprot_id": "P05413", "roc_auc": 0.7373493975903614, "accuracy": 0.9883040935672515, "f1_score": 0.9868771229470884, "cohen_kappa": 0.7443946188340806, "mcc": 0.7699721701835353, "data_info": {"train_count": 680, "test_count": 171, "actives_count": 23, "decoys_count": 828}}}