{"xgb": {"protein_name": "cholinesterase", "uniprot_id": "P06276", "roc_auc": 0.997807861514198, "accuracy": 0.9888205701509223, "f1_score": 0.9885594357607965, "cohen_kappa": 0.9293817647848295, "mcc": 0.9308684497610716, "data_info": {"train_count": 7154, "test_count": 1789, "actives_count": 813, "decoys_count": 8130}}, "rf": {"protein_name": "cholinesterase", "uniprot_id": "P06276", "roc_auc": 0.9979304854398238, "accuracy": 0.9882615986584684, "f1_score": 0.987895147325999, "cohen_kappa": 0.9247646454512138, "mcc": 0.9273930587959575, "data_info": {"train_count": 7154, "test_count": 1789, "actives_count": 813, "decoys_count": 8130}}, "svc": {"protein_name": "cholinesterase", "uniprot_id": "P06276", "roc_auc": 0.9888355632022579, "accuracy": 0.9849077697037452, "f1_score": 0.9850895591152969, "cohen_kappa": 0.9110839900376075, "mcc": 0.9114844250898956, "data_info": {"train_count": 7154, "test_count": 1789, "actives_count": 813, "decoys_count": 8130}}, "mlp": {"protein_name": "cholinesterase", "uniprot_id": "P06276", "roc_auc": 0.9889072510357005, "accuracy": 0.9904974846282839, "f1_score": 0.9905105529925451, "cohen_kappa": 0.9427831259794671, "mcc": 0.9427884659136733, "data_info": {"train_count": 7154, "test_count": 1789, "actives_count": 813, "decoys_count": 8130}}}