{"xgb": {"protein_name": "prostate_specific_antigen", "uniprot_id": "P07288", "roc_auc": 1.0, "accuracy": 0.9811320754716981, "f1_score": 0.9801811147852774, "cohen_kappa": 0.8787185354691076, "mcc": 0.885253336275981, "data_info": {"train_count": 211, "test_count": 53, "actives_count": 24, "decoys_count": 240}}, "rf": {"protein_name": "prostate_specific_antigen", "uniprot_id": "P07288", "roc_auc": 1.0, "accuracy": 0.9811320754716981, "f1_score": 0.9818904035388645, "cohen_kappa": 0.8986615678776291, "mcc": 0.9033118078616167, "data_info": {"train_count": 211, "test_count": 53, "actives_count": 24, "decoys_count": 240}}, "svc": {"protein_name": "prostate_specific_antigen", "uniprot_id": "P07288", "roc_auc": 1.0, "accuracy": 0.9811320754716981, "f1_score": 0.9818904035388645, "cohen_kappa": 0.8986615678776291, "mcc": 0.9033118078616167, "data_info": {"train_count": 211, "test_count": 53, "actives_count": 24, "decoys_count": 240}}, "mlp": {"protein_name": "prostate_specific_antigen", "uniprot_id": "P07288", "roc_auc": 1.0, "accuracy": 1.0, "f1_score": 1.0, "cohen_kappa": 1.0, "mcc": 1.0, "data_info": {"train_count": 211, "test_count": 53, "actives_count": 24, "decoys_count": 240}}}