{"xgb": {"protein_name": "cathepsin_b", "uniprot_id": "P07858", "roc_auc": 0.996929729599692, "accuracy": 0.9898876404494382, "f1_score": 0.9889731110041738, "cohen_kappa": 0.7727852948685219, "mcc": 0.7870221241930693, "data_info": {"train_count": 14237, "test_count": 3560, "actives_count": 481, "decoys_count": 17316}}, "rf": {"protein_name": "cathepsin_b", "uniprot_id": "P07858", "roc_auc": 0.9964711436682063, "accuracy": 0.9924157303370786, "f1_score": 0.9919614894663402, "cohen_kappa": 0.8382798304058147, "mcc": 0.8449908653900167, "data_info": {"train_count": 14237, "test_count": 3560, "actives_count": 481, "decoys_count": 17316}}, "svc": {"protein_name": "cathepsin_b", "uniprot_id": "P07858", "roc_auc": 0.9877189183987682, "accuracy": 0.9865168539325843, "f1_score": 0.9867153004188802, "cohen_kappa": 0.7506478952160818, "mcc": 0.7510127910959513, "data_info": {"train_count": 14237, "test_count": 3560, "actives_count": 481, "decoys_count": 17316}}, "mlp": {"protein_name": "cathepsin_b", "uniprot_id": "P07858", "roc_auc": 0.9967853877983065, "accuracy": 0.9932584269662922, "f1_score": 0.9933576502094402, "cohen_kappa": 0.8753239476080409, "mcc": 0.8757494495032289, "data_info": {"train_count": 14237, "test_count": 3560, "actives_count": 481, "decoys_count": 17316}}}