{"xgb": {"protein_name": "stromelysin_1", "uniprot_id": "stromelysin_1", "roc_auc": 0.9999027210317128, "accuracy": 0.9969522519471724, "f1_score": 0.9969393204081124, "cohen_kappa": 0.9813765919800992, "mcc": 0.9814291227631543, "data_info": {"train_count": 11809, "test_count": 2953, "actives_count": 1342, "decoys_count": 13420}}, "rf": {"protein_name": "stromelysin_1", "uniprot_id": "stromelysin_1", "roc_auc": 0.999917312876956, "accuracy": 0.9966136132746359, "f1_score": 0.9965904775257122, "cohen_kappa": 0.9792016475281443, "mcc": 0.9793372195795572, "data_info": {"train_count": 11809, "test_count": 2953, "actives_count": 1342, "decoys_count": 13420}}, "svc": {"protein_name": "stromelysin_1", "uniprot_id": "stromelysin_1", "roc_auc": 0.9994635759748742, "accuracy": 0.9955976972570267, "f1_score": 0.9956087181824942, "cohen_kappa": 0.9734591343677558, "mcc": 0.9734773937432399, "data_info": {"train_count": 11809, "test_count": 2953, "actives_count": 1342, "decoys_count": 13420}}, "mlp": {"protein_name": "stromelysin_1", "uniprot_id": "stromelysin_1", "roc_auc": 0.9996734206064649, "accuracy": 0.9969522519471724, "f1_score": 0.9969699077113114, "cohen_kappa": 0.98174755627957, "mcc": 0.9818465000785072, "data_info": {"train_count": 11809, "test_count": 2953, "actives_count": 1342, "decoys_count": 13420}}}