{"xgb": {"protein_name": "glutathione_s_transferase_p", "uniprot_id": "P09211", "roc_auc": 0.9895043731778426, "accuracy": 0.9722222222222222, "f1_score": 0.9585289514866979, "cohen_kappa": 0.0, "mcc": 0.0, "data_info": {"train_count": 1007, "test_count": 252, "actives_count": 35, "decoys_count": 1224}}, "rf": {"protein_name": "glutathione_s_transferase_p", "uniprot_id": "P09211", "roc_auc": 0.9997084548104956, "accuracy": 0.996031746031746, "f1_score": 0.9958831618709418, "cohen_kappa": 0.9210526315789473, "mcc": 0.9239364353597956, "data_info": {"train_count": 1007, "test_count": 252, "actives_count": 35, "decoys_count": 1224}}, "svc": {"protein_name": "glutathione_s_transferase_p", "uniprot_id": "P09211", "roc_auc": 0.9994169096209913, "accuracy": 0.996031746031746, "f1_score": 0.9958831618709418, "cohen_kappa": 0.9210526315789473, "mcc": 0.9239364353597956, "data_info": {"train_count": 1007, "test_count": 252, "actives_count": 35, "decoys_count": 1224}}, "mlp": {"protein_name": "glutathione_s_transferase_p", "uniprot_id": "P09211", "roc_auc": 0.9895043731778426, "accuracy": 0.9841269841269841, "f1_score": 0.9810166441745389, "cohen_kappa": 0.5932203389830508, "mcc": 0.6493741194318972, "data_info": {"train_count": 1007, "test_count": 252, "actives_count": 35, "decoys_count": 1224}}}