{"xgb": {"protein_name": "transmembrane_domain_containing_protein_tmigd3", "uniprot_id": "P0DMS9", "roc_auc": 0.9621882542236524, "accuracy": 0.967741935483871, "f1_score": 0.9644382110020259, "cohen_kappa": 0.7613089509143407, "mcc": 0.7839691413618362, "data_info": {"train_count": 492, "test_count": 124, "actives_count": 56, "decoys_count": 560}}, "rf": {"protein_name": "transmembrane_domain_containing_protein_tmigd3", "uniprot_id": "P0DMS9", "roc_auc": 0.9738535800482704, "accuracy": 0.9838709677419355, "f1_score": 0.9831352574985852, "cohen_kappa": 0.8913234005258546, "mcc": 0.896634021867317, "data_info": {"train_count": 492, "test_count": 124, "actives_count": 56, "decoys_count": 560}}, "svc": {"protein_name": "transmembrane_domain_containing_protein_tmigd3", "uniprot_id": "P0DMS9", "roc_auc": 0.9863234111021721, "accuracy": 0.967741935483871, "f1_score": 0.967741935483871, "cohen_kappa": 0.8004827031375704, "mcc": 0.8004827031375704, "data_info": {"train_count": 492, "test_count": 124, "actives_count": 56, "decoys_count": 560}}, "mlp": {"protein_name": "transmembrane_domain_containing_protein_tmigd3", "uniprot_id": "P0DMS9", "roc_auc": 0.9026548672566371, "accuracy": 0.9758064516129032, "f1_score": 0.9740549076593443, "cohen_kappa": 0.8293577981651377, "mcc": 0.8417030057230758, "data_info": {"train_count": 492, "test_count": 124, "actives_count": 56, "decoys_count": 560}}}