{"xgb": {"protein_name": "cytochrome_p450_2d6", "uniprot_id": "P10635", "roc_auc": 0.9331683168316832, "accuracy": 0.9742765273311897, "f1_score": 0.9615823706232914, "cohen_kappa": 0.0, "mcc": 0.0, "data_info": {"train_count": 1243, "test_count": 311, "actives_count": 42, "decoys_count": 1512}}, "rf": {"protein_name": "cytochrome_p450_2d6", "uniprot_id": "P10635", "roc_auc": 0.9882425742574257, "accuracy": 0.9807073954983923, "f1_score": 0.9750141857386042, "cohen_kappa": 0.3937621832358674, "mcc": 0.4951218345699987, "data_info": {"train_count": 1243, "test_count": 311, "actives_count": 42, "decoys_count": 1512}}, "svc": {"protein_name": "cytochrome_p450_2d6", "uniprot_id": "P10635", "roc_auc": 0.8679867986798679, "accuracy": 0.9839228295819936, "f1_score": 0.9821073703987553, "cohen_kappa": 0.6076204895281353, "mcc": 0.6251935139060849, "data_info": {"train_count": 1243, "test_count": 311, "actives_count": 42, "decoys_count": 1512}}, "mlp": {"protein_name": "cytochrome_p450_2d6", "uniprot_id": "P10635", "roc_auc": 0.8485973597359736, "accuracy": 0.9807073954983923, "f1_score": 0.97755521585578, "cohen_kappa": 0.49127589967284624, "mcc": 0.5222269735680446, "data_info": {"train_count": 1243, "test_count": 311, "actives_count": 42, "decoys_count": 1512}}}