{"xgb": {"protein_name": "dna_topoisomerase_2_alpha", "uniprot_id": "P11388", "roc_auc": 0.8593749999999999, "accuracy": 0.972972972972973, "f1_score": 0.9596445760829322, "cohen_kappa": 0.0, "mcc": 0.0, "data_info": {"train_count": 592, "test_count": 148, "actives_count": 20, "decoys_count": 720}}, "rf": {"protein_name": "dna_topoisomerase_2_alpha", "uniprot_id": "P11388", "roc_auc": 0.9184027777777777, "accuracy": 0.9797297297297297, "f1_score": 0.9783169229536011, "cohen_kappa": 0.5612648221343873, "mcc": 0.5673649067577046, "data_info": {"train_count": 592, "test_count": 148, "actives_count": 20, "decoys_count": 720}}, "svc": {"protein_name": "dna_topoisomerase_2_alpha", "uniprot_id": "P11388", "roc_auc": 0.9774305555555556, "accuracy": 0.9864864864864865, "f1_score": 0.9864864864864865, "cohen_kappa": 0.7430555555555556, "mcc": 0.7430555555555556, "data_info": {"train_count": 592, "test_count": 148, "actives_count": 20, "decoys_count": 720}}, "mlp": {"protein_name": "dna_topoisomerase_2_alpha", "uniprot_id": "P11388", "roc_auc": 0.890625, "accuracy": 0.9864864864864865, "f1_score": 0.9864864864864865, "cohen_kappa": 0.7430555555555556, "mcc": 0.7430555555555556, "data_info": {"train_count": 592, "test_count": 148, "actives_count": 20, "decoys_count": 720}}}