{"xgb": {"protein_name": "dipeptidase_1", "uniprot_id": "P16444", "roc_auc": 0.9878472222222223, "accuracy": 0.972972972972973, "f1_score": 0.9596445760829322, "cohen_kappa": 0.0, "mcc": 0.0, "data_info": {"train_count": 592, "test_count": 148, "actives_count": 20, "decoys_count": 720}}, "rf": {"protein_name": "dipeptidase_1", "uniprot_id": "P16444", "roc_auc": 0.9878472222222222, "accuracy": 0.9932432432432432, "f1_score": 0.9927723076512002, "cohen_kappa": 0.8537549407114624, "mcc": 0.8630339426736915, "data_info": {"train_count": 592, "test_count": 148, "actives_count": 20, "decoys_count": 720}}, "svc": {"protein_name": "dipeptidase_1", "uniprot_id": "P16444", "roc_auc": 0.9947916666666666, "accuracy": 0.9932432432432432, "f1_score": 0.9927723076512002, "cohen_kappa": 0.8537549407114624, "mcc": 0.8630339426736915, "data_info": {"train_count": 592, "test_count": 148, "actives_count": 20, "decoys_count": 720}}, "mlp": {"protein_name": "dipeptidase_1", "uniprot_id": "P16444", "roc_auc": 1.0, "accuracy": 1.0, "f1_score": 1.0, "cohen_kappa": 1.0, "mcc": 1.0, "data_info": {"train_count": 592, "test_count": 148, "actives_count": 20, "decoys_count": 720}}}