{"xgb": {"protein_name": "e_selectin", "uniprot_id": "P16581", "roc_auc": 0.9975068561455995, "accuracy": 0.9923566878980892, "f1_score": 0.9917346930301696, "cohen_kappa": 0.8295331161780674, "mcc": 0.8418550062671092, "data_info": {"train_count": 3137, "test_count": 785, "actives_count": 106, "decoys_count": 3816}}, "rf": {"protein_name": "e_selectin", "uniprot_id": "P16581", "roc_auc": 1.0, "accuracy": 0.9923566878980892, "f1_score": 0.9917346930301696, "cohen_kappa": 0.8295331161780674, "mcc": 0.8418550062671092, "data_info": {"train_count": 3137, "test_count": 785, "actives_count": 106, "decoys_count": 3816}}, "svc": {"protein_name": "e_selectin", "uniprot_id": "P16581", "roc_auc": 0.9998753428072801, "accuracy": 0.9974522292993631, "f1_score": 0.9974522292993631, "cohen_kappa": 0.9510720518573922, "mcc": 0.9510720518573922, "data_info": {"train_count": 3137, "test_count": 785, "actives_count": 106, "decoys_count": 3816}}, "mlp": {"protein_name": "e_selectin", "uniprot_id": "P16581", "roc_auc": 0.9639740713039142, "accuracy": 0.9974522292993631, "f1_score": 0.9973902002414554, "cohen_kappa": 0.9486961636494347, "mcc": 0.9499471575506216, "data_info": {"train_count": 3137, "test_count": 785, "actives_count": 106, "decoys_count": 3816}}}