{"xgb": {"protein_name": "amine_oxidase_flavin_containing_b", "uniprot_id": "P21397", "roc_auc": 0.9959777262388939, "accuracy": 0.9652996845425867, "f1_score": 0.965171626092395, "cohen_kappa": 0.9213017818251577, "mcc": 0.9215140617543315, "data_info": {"train_count": 2534, "test_count": 634, "actives_count": 1056, "decoys_count": 2112}}, "rf": {"protein_name": "amine_oxidase_flavin_containing_b", "uniprot_id": "P21397", "roc_auc": 0.9948685198256642, "accuracy": 0.9700315457413249, "f1_score": 0.9697820439077076, "cohen_kappa": 0.9314594594594594, "mcc": 0.9324854080034847, "data_info": {"train_count": 2534, "test_count": 634, "actives_count": 1056, "decoys_count": 2112}}, "svc": {"protein_name": "amine_oxidase_flavin_containing_b", "uniprot_id": "P21397", "roc_auc": 0.9831378216978701, "accuracy": 0.9542586750788643, "f1_score": 0.954538394815559, "cohen_kappa": 0.8983288910516595, "mcc": 0.8989976577308423, "data_info": {"train_count": 2534, "test_count": 634, "actives_count": 1056, "decoys_count": 2112}}, "mlp": {"protein_name": "amine_oxidase_flavin_containing_b", "uniprot_id": "P21397", "roc_auc": 0.990353265436456, "accuracy": 0.973186119873817, "f1_score": 0.9732330455673182, "cohen_kappa": 0.9398354378091123, "mcc": 0.9398884144879533, "data_info": {"train_count": 2534, "test_count": 634, "actives_count": 1056, "decoys_count": 2112}}}