{"xgb": {"protein_name": "catechol_o_methyltransferase", "uniprot_id": "P21964", "roc_auc": 0.9999999999999999, "accuracy": 0.9713467048710601, "f1_score": 0.9572282934630505, "cohen_kappa": 0.0, "mcc": 0.0, "data_info": {"train_count": 1395, "test_count": 349, "actives_count": 48, "decoys_count": 1696}}, "rf": {"protein_name": "catechol_o_methyltransferase", "uniprot_id": "P21964", "roc_auc": 1.0, "accuracy": 0.994269340974212, "f1_score": 0.9939593984680788, "cohen_kappa": 0.8859849722312969, "mcc": 0.8918003800675144, "data_info": {"train_count": 1395, "test_count": 349, "actives_count": 48, "decoys_count": 1696}}, "svc": {"protein_name": "catechol_o_methyltransferase", "uniprot_id": "P21964", "roc_auc": 1.0, "accuracy": 0.994269340974212, "f1_score": 0.9945213481691331, "cohen_kappa": 0.9061575692390428, "mcc": 0.9101741110840876, "data_info": {"train_count": 1395, "test_count": 349, "actives_count": 48, "decoys_count": 1696}}, "mlp": {"protein_name": "catechol_o_methyltransferase", "uniprot_id": "P21964", "roc_auc": 1.0, "accuracy": 1.0, "f1_score": 1.0, "cohen_kappa": 1.0, "mcc": 1.0, "data_info": {"train_count": 1395, "test_count": 349, "actives_count": 48, "decoys_count": 1696}}}