{"xgb": {"protein_name": "mitogen_activated_protein_kinase_3", "uniprot_id": "P27361", "roc_auc": 0.9595744680851064, "accuracy": 0.9740932642487047, "f1_score": 0.961309888077462, "cohen_kappa": 0.0, "mcc": 0.0, "data_info": {"train_count": 769, "test_count": 193, "actives_count": 26, "decoys_count": 936}}, "rf": {"protein_name": "mitogen_activated_protein_kinase_3", "uniprot_id": "P27361", "roc_auc": 0.996808510638298, "accuracy": 0.9948186528497409, "f1_score": 0.9945376720434788, "cohen_kappa": 0.8862698880377136, "mcc": 0.8920578432855101, "data_info": {"train_count": 769, "test_count": 193, "actives_count": 26, "decoys_count": 936}}, "svc": {"protein_name": "mitogen_activated_protein_kinase_3", "uniprot_id": "P27361", "roc_auc": 0.9957446808510638, "accuracy": 0.9844559585492227, "f1_score": 0.9851417804992934, "cohen_kappa": 0.7193407658749394, "mcc": 0.722509480338423, "data_info": {"train_count": 769, "test_count": 193, "actives_count": 26, "decoys_count": 936}}, "mlp": {"protein_name": "mitogen_activated_protein_kinase_3", "uniprot_id": "P27361", "roc_auc": 0.9659574468085106, "accuracy": 0.9948186528497409, "f1_score": 0.9945376720434788, "cohen_kappa": 0.8862698880377136, "mcc": 0.8920578432855101, "data_info": {"train_count": 769, "test_count": 193, "actives_count": 26, "decoys_count": 936}}}