{"xgb": {"protein_name": "cytosol_aminopeptidase", "uniprot_id": "P28838", "roc_auc": 0.9971139971139972, "accuracy": 0.9746835443037974, "f1_score": 0.9621876014281078, "cohen_kappa": 0.0, "mcc": 0.0, "data_info": {"train_count": 947, "test_count": 237, "actives_count": 32, "decoys_count": 1152}}, "rf": {"protein_name": "cytosol_aminopeptidase", "uniprot_id": "P28838", "roc_auc": 1.0, "accuracy": 0.9957805907172996, "f1_score": 0.9955933559837654, "cohen_kappa": 0.9069493521790342, "mcc": 0.9109014103130726, "data_info": {"train_count": 947, "test_count": 237, "actives_count": 32, "decoys_count": 1152}}, "svc": {"protein_name": "cytosol_aminopeptidase", "uniprot_id": "P28838", "roc_auc": 0.9978354978354979, "accuracy": 0.9915611814345991, "f1_score": 0.9915611814345991, "cohen_kappa": 0.829004329004329, "mcc": 0.829004329004329, "data_info": {"train_count": 947, "test_count": 237, "actives_count": 32, "decoys_count": 1152}}, "mlp": {"protein_name": "cytosol_aminopeptidase", "uniprot_id": "P28838", "roc_auc": 0.9877344877344877, "accuracy": 0.9957805907172996, "f1_score": 0.9955933559837654, "cohen_kappa": 0.9069493521790342, "mcc": 0.9109014103130726, "data_info": {"train_count": 947, "test_count": 237, "actives_count": 32, "decoys_count": 1152}}}