{"xgb": {"protein_name": "multidrug_resistance_associated_protein_1", "uniprot_id": "P33527", "roc_auc": 0.9888956495284454, "accuracy": 0.9887482419127989, "f1_score": 0.9872803401393537, "cohen_kappa": 0.7280030604437644, "mcc": 0.7565254966408397, "data_info": {"train_count": 2841, "test_count": 711, "actives_count": 96, "decoys_count": 3456}}, "rf": {"protein_name": "multidrug_resistance_associated_protein_1", "uniprot_id": "P33527", "roc_auc": 0.9745968968664436, "accuracy": 0.9943741209563994, "f1_score": 0.9940512933489645, "cohen_kappa": 0.8795119471276055, "mcc": 0.8859664097068559, "data_info": {"train_count": 2841, "test_count": 711, "actives_count": 96, "decoys_count": 3456}}, "svc": {"protein_name": "multidrug_resistance_associated_protein_1", "uniprot_id": "P33527", "roc_auc": 0.9493459081229083, "accuracy": 0.9957805907172996, "f1_score": 0.9957250949253873, "cohen_kappa": 0.916754478398314, "mcc": 0.9171076234943671, "data_info": {"train_count": 2841, "test_count": 711, "actives_count": 96, "decoys_count": 3456}}, "mlp": {"protein_name": "multidrug_resistance_associated_protein_1", "uniprot_id": "P33527", "roc_auc": 0.9577121995740797, "accuracy": 0.9943741209563994, "f1_score": 0.9940512933489645, "cohen_kappa": 0.8795119471276055, "mcc": 0.8859664097068559, "data_info": {"train_count": 2841, "test_count": 711, "actives_count": 96, "decoys_count": 3456}}}