{"xgb": {"protein_name": "gamma_aminobutyric_acid_receptor_subunit_alpha_3", "uniprot_id": "P34903", "roc_auc": 0.8988636363636364, "accuracy": 0.9734513274336283, "f1_score": 0.9603555696654629, "cohen_kappa": 0.0, "mcc": 0.0, "data_info": {"train_count": 1805, "test_count": 452, "actives_count": 61, "decoys_count": 2196}}, "rf": {"protein_name": "gamma_aminobutyric_acid_receptor_subunit_alpha_3", "uniprot_id": "P34903", "roc_auc": 0.9963068181818182, "accuracy": 0.9911504424778761, "f1_score": 0.990285508349017, "cohen_kappa": 0.7956600361663653, "mcc": 0.8128103472893666, "data_info": {"train_count": 1805, "test_count": 452, "actives_count": 61, "decoys_count": 2196}}, "svc": {"protein_name": "gamma_aminobutyric_acid_receptor_subunit_alpha_3", "uniprot_id": "P34903", "roc_auc": 0.9820075757575758, "accuracy": 0.9889380530973452, "f1_score": 0.988703854053707, "cohen_kappa": 0.7769443347808922, "mcc": 0.7777186097908853, "data_info": {"train_count": 1805, "test_count": 452, "actives_count": 61, "decoys_count": 2196}}, "mlp": {"protein_name": "gamma_aminobutyric_acid_receptor_subunit_alpha_3", "uniprot_id": "P34903", "roc_auc": 0.8971590909090909, "accuracy": 0.9867256637168141, "f1_score": 0.9845582212988673, "cohen_kappa": 0.6606606606606606, "mcc": 0.7023343524283123, "data_info": {"train_count": 1805, "test_count": 452, "actives_count": 61, "decoys_count": 2196}}}