{"xgb": {"protein_name": "tyrosine_protein_kinase_syk", "uniprot_id": "P43405", "roc_auc": 0.9966668978912321, "accuracy": 0.9962486602357985, "f1_score": 0.9962130945491855, "cohen_kappa": 0.9769205488746515, "mcc": 0.9771808366327585, "data_info": {"train_count": 7462, "test_count": 1866, "actives_count": 848, "decoys_count": 8480}}, "rf": {"protein_name": "tyrosine_protein_kinase_syk", "uniprot_id": "P43405", "roc_auc": 0.9953836015538291, "accuracy": 0.9962486602357985, "f1_score": 0.9962336203180467, "cohen_kappa": 0.9771668105904605, "mcc": 0.9772136002076696, "data_info": {"train_count": 7462, "test_count": 1866, "actives_count": 848, "decoys_count": 8480}}, "svc": {"protein_name": "tyrosine_protein_kinase_syk", "uniprot_id": "P43405", "roc_auc": 0.9940552164261931, "accuracy": 0.9941050375133976, "f1_score": 0.994112811946317, "cohen_kappa": 0.9644980853249758, "mcc": 0.9645031086693078, "data_info": {"train_count": 7462, "test_count": 1866, "actives_count": 848, "decoys_count": 8480}}, "mlp": {"protein_name": "tyrosine_protein_kinase_syk", "uniprot_id": "P43405", "roc_auc": 0.9940552164261932, "accuracy": 0.9973204715969989, "f1_score": 0.9973097287986048, "cohen_kappa": 0.983690578993186, "mcc": 0.9837376809875892, "data_info": {"train_count": 7462, "test_count": 1866, "actives_count": 848, "decoys_count": 8480}}}