{"xgb": {"protein_name": "5_hydroxytryptamine_receptor_5a", "uniprot_id": "P47898", "roc_auc": 0.9514025245441795, "accuracy": 0.9795361527967258, "f1_score": 0.9735035072089735, "cohen_kappa": 0.39337931034482765, "mcc": 0.49482209035056335, "data_info": {"train_count": 2930, "test_count": 733, "actives_count": 99, "decoys_count": 3564}}, "rf": {"protein_name": "5_hydroxytryptamine_receptor_5a", "uniprot_id": "P47898", "roc_auc": 0.9980014025245442, "accuracy": 0.990450204638472, "f1_score": 0.9894606722467639, "cohen_kappa": 0.7832185559170223, "mcc": 0.8022970494496134, "data_info": {"train_count": 2930, "test_count": 733, "actives_count": 99, "decoys_count": 3564}}, "svc": {"protein_name": "5_hydroxytryptamine_receptor_5a", "uniprot_id": "P47898", "roc_auc": 0.991374474053296, "accuracy": 0.9863574351978172, "f1_score": 0.9863574351978172, "cohen_kappa": 0.7429873772791024, "mcc": 0.7429873772791024, "data_info": {"train_count": 2930, "test_count": 733, "actives_count": 99, "decoys_count": 3564}}, "mlp": {"protein_name": "5_hydroxytryptamine_receptor_5a", "uniprot_id": "P47898", "roc_auc": 0.9980364656381486, "accuracy": 0.9918144611186903, "f1_score": 0.991604784370846, "cohen_kappa": 0.8379155303309501, "mcc": 0.8391411694407972, "data_info": {"train_count": 2930, "test_count": 733, "actives_count": 99, "decoys_count": 3564}}}