{"xgb": {"protein_name": "gamma_aminobutyric_acid_receptor_subunit_alpha_4", "uniprot_id": "P48169", "roc_auc": 0.9479166666666665, "accuracy": 0.972972972972973, "f1_score": 0.9596445760829322, "cohen_kappa": 0.0, "mcc": 0.0, "data_info": {"train_count": 592, "test_count": 148, "actives_count": 20, "decoys_count": 720}}, "rf": {"protein_name": "gamma_aminobutyric_acid_receptor_subunit_alpha_4", "uniprot_id": "P48169", "roc_auc": 0.998263888888889, "accuracy": 0.9932432432432432, "f1_score": 0.9927723076512002, "cohen_kappa": 0.8537549407114624, "mcc": 0.8630339426736915, "data_info": {"train_count": 592, "test_count": 148, "actives_count": 20, "decoys_count": 720}}, "svc": {"protein_name": "gamma_aminobutyric_acid_receptor_subunit_alpha_4", "uniprot_id": "P48169", "roc_auc": 0.984375, "accuracy": 0.972972972972973, "f1_score": 0.972972972972973, "cohen_kappa": 0.48611111111111116, "mcc": 0.4861111111111111, "data_info": {"train_count": 592, "test_count": 148, "actives_count": 20, "decoys_count": 720}}, "mlp": {"protein_name": "gamma_aminobutyric_acid_receptor_subunit_alpha_4", "uniprot_id": "P48169", "roc_auc": 0.9826388888888888, "accuracy": 0.9797297297297297, "f1_score": 0.9808205417961515, "cohen_kappa": 0.6563467492260062, "mcc": 0.6606958729393098, "data_info": {"train_count": 592, "test_count": 148, "actives_count": 20, "decoys_count": 720}}}