{"xgb": {"protein_name": "methionine_aminopeptidase_2", "uniprot_id": "P50579", "roc_auc": 0.9921006066734075, "accuracy": 0.9947159841479525, "f1_score": 0.9946809656445361, "cohen_kappa": 0.9676861673745545, "mcc": 0.9678124973834302, "data_info": {"train_count": 3027, "test_count": 757, "actives_count": 344, "decoys_count": 3440}}, "rf": {"protein_name": "methionine_aminopeptidase_2", "uniprot_id": "P50579", "roc_auc": 0.9988414223120997, "accuracy": 0.9947159841479525, "f1_score": 0.9946447762337014, "cohen_kappa": 0.9672535363585241, "mcc": 0.9677725617394614, "data_info": {"train_count": 3027, "test_count": 757, "actives_count": 344, "decoys_count": 3440}}, "svc": {"protein_name": "methionine_aminopeptidase_2", "uniprot_id": "P50579", "roc_auc": 0.9875505561172901, "accuracy": 0.988110964332893, "f1_score": 0.9882971351106826, "cohen_kappa": 0.9305072471159437, "mcc": 0.931201487075604, "data_info": {"train_count": 3027, "test_count": 757, "actives_count": 344, "decoys_count": 3440}}, "mlp": {"protein_name": "methionine_aminopeptidase_2", "uniprot_id": "P50579", "roc_auc": 0.9778185035389283, "accuracy": 0.9788639365918098, "f1_score": 0.9777772123290842, "cohen_kappa": 0.8596165882380213, "mcc": 0.8661760991545694, "data_info": {"train_count": 3027, "test_count": 757, "actives_count": 344, "decoys_count": 3440}}}