{"xgb": {"protein_name": "caspase_6", "uniprot_id": "P55212", "roc_auc": 0.8861742424242424, "accuracy": 0.9734513274336283, "f1_score": 0.9603555696654629, "cohen_kappa": 0.0, "mcc": 0.0, "data_info": {"train_count": 1805, "test_count": 452, "actives_count": 61, "decoys_count": 2196}}, "rf": {"protein_name": "caspase_6", "uniprot_id": "P55212", "roc_auc": 0.9291666666666666, "accuracy": 0.9823008849557522, "f1_score": 0.9779558319381326, "cohen_kappa": 0.49327354260089695, "mcc": 0.5721721352713293, "data_info": {"train_count": 1805, "test_count": 452, "actives_count": 61, "decoys_count": 2196}}, "svc": {"protein_name": "caspase_6", "uniprot_id": "P55212", "roc_auc": 0.965719696969697, "accuracy": 0.9867256637168141, "f1_score": 0.9861373350627459, "cohen_kappa": 0.720527617477329, "mcc": 0.7236745971280545, "data_info": {"train_count": 1805, "test_count": 452, "actives_count": 61, "decoys_count": 2196}}, "mlp": {"protein_name": "caspase_6", "uniprot_id": "P55212", "roc_auc": 0.9494318181818182, "accuracy": 0.9911504424778761, "f1_score": 0.990285508349017, "cohen_kappa": 0.7956600361663653, "mcc": 0.8128103472893666, "data_info": {"train_count": 1805, "test_count": 452, "actives_count": 61, "decoys_count": 2196}}}