{"xgb": {"protein_name": "cyclin_dependent_kinase_6", "uniprot_id": "Q00534", "roc_auc": 0.9936861039223244, "accuracy": 0.9972144846796658, "f1_score": 0.9971411915578163, "cohen_kappa": 0.9445206405625205, "mcc": 0.9459776028354712, "data_info": {"train_count": 5742, "test_count": 1436, "actives_count": 194, "decoys_count": 6984}}, "rf": {"protein_name": "cyclin_dependent_kinase_6", "uniprot_id": "Q00534", "roc_auc": 0.9982196281408882, "accuracy": 0.9986072423398329, "f1_score": 0.9985894147062038, "cohen_kappa": 0.9729694117647059, "mcc": 0.9733250580310352, "data_info": {"train_count": 5742, "test_count": 1436, "actives_count": 194, "decoys_count": 6984}}, "svc": {"protein_name": "cyclin_dependent_kinase_6", "uniprot_id": "Q00534", "roc_auc": 0.9919975038085275, "accuracy": 0.9979108635097493, "f1_score": 0.9978976714158421, "cohen_kappa": 0.9599658017991227, "mcc": 0.9600512894801393, "data_info": {"train_count": 5742, "test_count": 1436, "actives_count": 194, "decoys_count": 6984}}, "mlp": {"protein_name": "cyclin_dependent_kinase_6", "uniprot_id": "Q00534", "roc_auc": 0.9881614448543582, "accuracy": 0.9986072423398329, "f1_score": 0.9985894147062038, "cohen_kappa": 0.9729694117647059, "mcc": 0.9733250580310352, "data_info": {"train_count": 5742, "test_count": 1436, "actives_count": 194, "decoys_count": 6984}}}