{"xgb": {"protein_name": "calcium_calmodulin_dependent_3_5_cyclic_nucleotide_phosphodiesterase_1c", "uniprot_id": "Q01064", "roc_auc": 0.9760802469135803, "accuracy": 0.972972972972973, "f1_score": 0.9596445760829322, "cohen_kappa": 0.0, "mcc": 0.0, "data_info": {"train_count": 888, "test_count": 222, "actives_count": 30, "decoys_count": 1080}}, "rf": {"protein_name": "calcium_calmodulin_dependent_3_5_cyclic_nucleotide_phosphodiesterase_1c", "uniprot_id": "Q01064", "roc_auc": 0.9969135802469136, "accuracy": 0.9954954954954955, "f1_score": 0.9952959467971015, "cohen_kappa": 0.906801007556675, "mcc": 0.9107651110783744, "data_info": {"train_count": 888, "test_count": 222, "actives_count": 30, "decoys_count": 1080}}, "svc": {"protein_name": "calcium_calmodulin_dependent_3_5_cyclic_nucleotide_phosphodiesterase_1c", "uniprot_id": "Q01064", "roc_auc": 0.9969135802469136, "accuracy": 0.9954954954954955, "f1_score": 0.9952959467971015, "cohen_kappa": 0.906801007556675, "mcc": 0.9107651110783744, "data_info": {"train_count": 888, "test_count": 222, "actives_count": 30, "decoys_count": 1080}}, "mlp": {"protein_name": "calcium_calmodulin_dependent_3_5_cyclic_nucleotide_phosphodiesterase_1c", "uniprot_id": "Q01064", "roc_auc": 0.841820987654321, "accuracy": 0.9864864864864865, "f1_score": 0.9858878403913045, "cohen_kappa": 0.7204030226700252, "mcc": 0.7235522826900419, "data_info": {"train_count": 888, "test_count": 222, "actives_count": 30, "decoys_count": 1080}}}