{"xgb": {"protein_name": "transcription_factor_p65", "uniprot_id": "transcription_factor_p65", "roc_auc": 0.9818181818181818, "accuracy": 0.9166666666666666, "f1_score": 0.8768115942028986, "cohen_kappa": 0.0, "mcc": 0.0, "data_info": {"train_count": 237, "test_count": 60, "actives_count": 27, "decoys_count": 270}}, "rf": {"protein_name": "transcription_factor_p65", "uniprot_id": "transcription_factor_p65", "roc_auc": 0.9927272727272727, "accuracy": 0.9666666666666667, "f1_score": 0.9666666666666667, "cohen_kappa": 0.7818181818181817, "mcc": 0.7818181818181819, "data_info": {"train_count": 237, "test_count": 60, "actives_count": 27, "decoys_count": 270}}, "svc": {"protein_name": "transcription_factor_p65", "uniprot_id": "transcription_factor_p65", "roc_auc": 0.9818181818181818, "accuracy": 0.9833333333333333, "f1_score": 0.9840144564915206, "cohen_kappa": 0.9, "mcc": 0.9045340337332908, "data_info": {"train_count": 237, "test_count": 60, "actives_count": 27, "decoys_count": 270}}, "mlp": {"protein_name": "transcription_factor_p65", "uniprot_id": "transcription_factor_p65", "roc_auc": 0.7636363636363637, "accuracy": 0.9166666666666666, "f1_score": 0.8768115942028986, "cohen_kappa": 0.0, "mcc": 0.0, "data_info": {"train_count": 237, "test_count": 60, "actives_count": 27, "decoys_count": 270}}}