{"xgb": {"protein_name": "peroxisome_proliferator_activated_receptor_alpha", "uniprot_id": "Q07869", "roc_auc": 0.9986658456486043, "accuracy": 0.9973890339425587, "f1_score": 0.9973719869015748, "cohen_kappa": 0.9840728573210795, "mcc": 0.9841976978601346, "data_info": {"train_count": 3062, "test_count": 766, "actives_count": 348, "decoys_count": 3480}}, "rf": {"protein_name": "peroxisome_proliferator_activated_receptor_alpha", "uniprot_id": "Q07869", "roc_auc": 0.9941707717569787, "accuracy": 0.9973890339425587, "f1_score": 0.9973719869015748, "cohen_kappa": 0.9840728573210795, "mcc": 0.9841976978601346, "data_info": {"train_count": 3062, "test_count": 766, "actives_count": 348, "decoys_count": 3480}}, "svc": {"protein_name": "peroxisome_proliferator_activated_receptor_alpha", "uniprot_id": "Q07869", "roc_auc": 0.9960796387520525, "accuracy": 0.9934725848563969, "f1_score": 0.993493385415537, "cohen_kappa": 0.9609446699161789, "mcc": 0.9609739861972545, "data_info": {"train_count": 3062, "test_count": 766, "actives_count": 348, "decoys_count": 3480}}, "mlp": {"protein_name": "peroxisome_proliferator_activated_receptor_alpha", "uniprot_id": "Q07869", "roc_auc": 0.9966954022988506, "accuracy": 0.9882506527415144, "f1_score": 0.9882126061843138, "cohen_kappa": 0.9287912905158344, "mcc": 0.9288203635086524, "data_info": {"train_count": 3062, "test_count": 766, "actives_count": 348, "decoys_count": 3480}}}