{"xgb": {"protein_name": "calcium_activated_potassium_channel_subunit_alpha_1", "uniprot_id": "Q12791", "roc_auc": 0.9849281458114266, "accuracy": 0.9723926380368099, "f1_score": 0.958782165653713, "cohen_kappa": 0.0, "mcc": 0.0, "data_info": {"train_count": 1302, "test_count": 326, "actives_count": 44, "decoys_count": 1584}}, "rf": {"protein_name": "calcium_activated_potassium_channel_subunit_alpha_1", "uniprot_id": "Q12791", "roc_auc": 0.9838766211005958, "accuracy": 0.9815950920245399, "f1_score": 0.9770801380368098, "cohen_kappa": 0.49300155520995326, "mcc": 0.5719627460498953, "data_info": {"train_count": 1302, "test_count": 326, "actives_count": 44, "decoys_count": 1584}}, "svc": {"protein_name": "calcium_activated_potassium_channel_subunit_alpha_1", "uniprot_id": "Q12791", "roc_auc": 0.9085173501577286, "accuracy": 0.9815950920245399, "f1_score": 0.9824862157334782, "cohen_kappa": 0.6906042391648213, "mcc": 0.6943064989242687, "data_info": {"train_count": 1302, "test_count": 326, "actives_count": 44, "decoys_count": 1584}}, "mlp": {"protein_name": "calcium_activated_potassium_channel_subunit_alpha_1", "uniprot_id": "Q12791", "roc_auc": 0.8422712933753943, "accuracy": 0.9877300613496932, "f1_score": 0.9860156767286025, "cohen_kappa": 0.7085382208314708, "mcc": 0.7406974719103793, "data_info": {"train_count": 1302, "test_count": 326, "actives_count": 44, "decoys_count": 1584}}}