{"xgb": {"protein_name": "dual_specificity_tyrosine_phosphorylation_regulated_kinase_1a", "uniprot_id": "Q13627", "roc_auc": 0.9869486948694869, "accuracy": 0.9734939759036144, "f1_score": 0.9604189652382423, "cohen_kappa": 0.0, "mcc": 0.0, "data_info": {"train_count": 1657, "test_count": 415, "actives_count": 56, "decoys_count": 2016}}, "rf": {"protein_name": "dual_specificity_tyrosine_phosphorylation_regulated_kinase_1a", "uniprot_id": "Q13627", "roc_auc": 1.0, "accuracy": 0.9951807228915662, "f1_score": 0.9949457087609698, "cohen_kappa": 0.897556158973093, "mcc": 0.902303366875855, "data_info": {"train_count": 1657, "test_count": 415, "actives_count": 56, "decoys_count": 2016}}, "svc": {"protein_name": "dual_specificity_tyrosine_phosphorylation_regulated_kinase_1a", "uniprot_id": "Q13627", "roc_auc": 1.0, "accuracy": 0.9975903614457832, "f1_score": 0.9975344783690652, "cohen_kappa": 0.9511477339611536, "mcc": 0.9522847474256707, "data_info": {"train_count": 1657, "test_count": 415, "actives_count": 56, "decoys_count": 2016}}, "mlp": {"protein_name": "dual_specificity_tyrosine_phosphorylation_regulated_kinase_1a", "uniprot_id": "Q13627", "roc_auc": 0.9984248424842485, "accuracy": 0.9975903614457832, "f1_score": 0.9975344783690652, "cohen_kappa": 0.9511477339611536, "mcc": 0.9522847474256707, "data_info": {"train_count": 1657, "test_count": 415, "actives_count": 56, "decoys_count": 2016}}}