{"xgb": {"protein_name": "caspase_8", "uniprot_id": "Q14790", "roc_auc": 1.0, "accuracy": 0.9895348837209302, "f1_score": 0.98829008090294, "cohen_kappa": 0.7517321016166282, "mcc": 0.7760284572826492, "data_info": {"train_count": 3438, "test_count": 860, "actives_count": 117, "decoys_count": 4181}}, "rf": {"protein_name": "caspase_8", "uniprot_id": "Q14790", "roc_auc": 1.0, "accuracy": 0.9976744186046511, "f1_score": 0.9976229520604278, "cohen_kappa": 0.9533546672452134, "mcc": 0.9543935111582948, "data_info": {"train_count": 3438, "test_count": 860, "actives_count": 117, "decoys_count": 4181}}, "svc": {"protein_name": "caspase_8", "uniprot_id": "Q14790", "roc_auc": 1.0, "accuracy": 0.9988372093023256, "f1_score": 0.9988246365073856, "cohen_kappa": 0.9771810655911696, "mcc": 0.977435575920067, "data_info": {"train_count": 3438, "test_count": 860, "actives_count": 117, "decoys_count": 4181}}, "mlp": {"protein_name": "caspase_8", "uniprot_id": "Q14790", "roc_auc": 1.0, "accuracy": 0.9988372093023256, "f1_score": 0.9988246365073856, "cohen_kappa": 0.9771810655911696, "mcc": 0.977435575920067, "data_info": {"train_count": 3438, "test_count": 860, "actives_count": 117, "decoys_count": 4181}}}