{"xgb": {"protein_name": "histone_deacetylase_10", "uniprot_id": "Q969S8", "roc_auc": 0.983878691141261, "accuracy": 0.9875776397515528, "f1_score": 0.9857766948757536, "cohen_kappa": 0.6979273548122307, "mcc": 0.7321288195072189, "data_info": {"train_count": 5152, "test_count": 1288, "actives_count": 175, "decoys_count": 6265}}, "rf": {"protein_name": "histone_deacetylase_10", "uniprot_id": "Q969S8", "roc_auc": 0.9990651009006954, "accuracy": 0.9945652173913043, "f1_score": 0.9942708543592642, "cohen_kappa": 0.8861386138613861, "mcc": 0.8919392106839769, "data_info": {"train_count": 5152, "test_count": 1288, "actives_count": 175, "decoys_count": 6265}}, "svc": {"protein_name": "histone_deacetylase_10", "uniprot_id": "Q969S8", "roc_auc": 0.9759206475886443, "accuracy": 0.9914596273291926, "f1_score": 0.9913994438759879, "cohen_kappa": 0.8361929426999029, "mcc": 0.8362856744780667, "data_info": {"train_count": 5152, "test_count": 1288, "actives_count": 175, "decoys_count": 6265}}, "mlp": {"protein_name": "histone_deacetylase_10", "uniprot_id": "Q969S8", "roc_auc": 0.9732755672101243, "accuracy": 0.9875776397515528, "f1_score": 0.9867959622467618, "cohen_kappa": 0.735679655234333, "mcc": 0.7421898673918231, "data_info": {"train_count": 5152, "test_count": 1288, "actives_count": 175, "decoys_count": 6265}}}