{"xgb": {"protein_name": "histone_deacetylase_11", "uniprot_id": "Q96DB2", "roc_auc": 0.9893555049515437, "accuracy": 0.985781990521327, "f1_score": 0.9833245068430301, "cohen_kappa": 0.6407236608726499, "mcc": 0.6865647508855341, "data_info": {"train_count": 3375, "test_count": 844, "actives_count": 115, "decoys_count": 4104}}, "rf": {"protein_name": "histone_deacetylase_11", "uniprot_id": "Q96DB2", "roc_auc": 0.999788169252767, "accuracy": 0.9928909952606635, "f1_score": 0.9923707610546174, "cohen_kappa": 0.846443083267633, "mcc": 0.8566025570222892, "data_info": {"train_count": 3375, "test_count": 844, "actives_count": 115, "decoys_count": 4104}}, "svc": {"protein_name": "histone_deacetylase_11", "uniprot_id": "Q96DB2", "roc_auc": 0.9947571890059843, "accuracy": 0.9917061611374408, "f1_score": 0.9917918663972519, "cohen_kappa": 0.8468001244684161, "mcc": 0.8470029990848065, "data_info": {"train_count": 3375, "test_count": 844, "actives_count": 115, "decoys_count": 4104}}, "mlp": {"protein_name": "histone_deacetylase_11", "uniprot_id": "Q96DB2", "roc_auc": 0.9957633850553408, "accuracy": 0.9917061611374408, "f1_score": 0.9914244039481183, "cohen_kappa": 0.8329752346488748, "mcc": 0.8351175489468822, "data_info": {"train_count": 3375, "test_count": 844, "actives_count": 115, "decoys_count": 4104}}}