{"xgb": {"protein_name": "sphingosine_1_phosphate_receptor_3", "uniprot_id": "Q99500", "roc_auc": 1.0, "accuracy": 0.9957537154989384, "f1_score": 0.9957081135425085, "cohen_kappa": 0.9738609245796104, "mcc": 0.9741937910166444, "data_info": {"train_count": 1883, "test_count": 471, "actives_count": 214, "decoys_count": 2140}}, "rf": {"protein_name": "sphingosine_1_phosphate_receptor_3", "uniprot_id": "Q99500", "roc_auc": 1.0, "accuracy": 0.9978768577494692, "f1_score": 0.9978656073835044, "cohen_kappa": 0.9870686104933696, "mcc": 0.9871511500636792, "data_info": {"train_count": 1883, "test_count": 471, "actives_count": 214, "decoys_count": 2140}}, "svc": {"protein_name": "sphingosine_1_phosphate_receptor_3", "uniprot_id": "Q99500", "roc_auc": 0.9997283199304499, "accuracy": 0.9978768577494692, "f1_score": 0.9978878181127709, "cohen_kappa": 0.9873363267281478, "mcc": 0.987415505134034, "data_info": {"train_count": 1883, "test_count": 471, "actives_count": 214, "decoys_count": 2140}}, "mlp": {"protein_name": "sphingosine_1_phosphate_receptor_3", "uniprot_id": "Q99500", "roc_auc": 0.9989132797217997, "accuracy": 0.9915074309978769, "f1_score": 0.9913200453290268, "cohen_kappa": 0.9465804695474651, "mcc": 0.9479339699417407, "data_info": {"train_count": 1883, "test_count": 471, "actives_count": 214, "decoys_count": 2140}}}