{"xgb": {"protein_name": "monoglyceride_lipase", "uniprot_id": "Q99685", "roc_auc": 0.9965397923875433, "accuracy": 0.9705882352941176, "f1_score": 0.9704760867196862, "cohen_kappa": 0.9333333333333333, "mcc": 0.9335638713962128, "data_info": {"train_count": 408, "test_count": 102, "actives_count": 170, "decoys_count": 340}}, "rf": {"protein_name": "monoglyceride_lipase", "uniprot_id": "Q99685", "roc_auc": 0.9991349480968857, "accuracy": 0.9901960784313726, "f1_score": 0.9901586955732289, "cohen_kappa": 0.9777777777777777, "mcc": 0.9780192938436515, "data_info": {"train_count": 408, "test_count": 102, "actives_count": 170, "decoys_count": 340}}, "svc": {"protein_name": "monoglyceride_lipase", "uniprot_id": "Q99685", "roc_auc": 0.9783737024221453, "accuracy": 0.9117647058823529, "f1_score": 0.9120772946859904, "cohen_kappa": 0.8029197080291971, "mcc": 0.8031122829462826, "data_info": {"train_count": 408, "test_count": 102, "actives_count": 170, "decoys_count": 340}}, "mlp": {"protein_name": "monoglyceride_lipase", "uniprot_id": "Q99685", "roc_auc": 0.9896193771626298, "accuracy": 0.9313725490196079, "f1_score": 0.9320484309364961, "cohen_kappa": 0.8489208633093526, "mcc": 0.8507059560744967, "data_info": {"train_count": 408, "test_count": 102, "actives_count": 170, "decoys_count": 340}}}