{"xgb": {"protein_name": "angiotensin_converting_enzyme_2", "uniprot_id": "Q9BYF1", "roc_auc": 0.9999999999999999, "accuracy": 0.974025974025974, "f1_score": 0.9612098427887902, "cohen_kappa": 0.0, "mcc": 0.0, "data_info": {"train_count": 1539, "test_count": 385, "actives_count": 52, "decoys_count": 1872}}, "rf": {"protein_name": "angiotensin_converting_enzyme_2", "uniprot_id": "Q9BYF1", "roc_auc": 1.0, "accuracy": 0.9974025974025974, "f1_score": 0.9973359739986692, "cohen_kappa": 0.9460406447091801, "mcc": 0.9474209111998338, "data_info": {"train_count": 1539, "test_count": 385, "actives_count": 52, "decoys_count": 1872}}, "svc": {"protein_name": "angiotensin_converting_enzyme_2", "uniprot_id": "Q9BYF1", "roc_auc": 1.0, "accuracy": 0.9974025974025974, "f1_score": 0.9973359739986692, "cohen_kappa": 0.9460406447091801, "mcc": 0.9474209111998338, "data_info": {"train_count": 1539, "test_count": 385, "actives_count": 52, "decoys_count": 1872}}, "mlp": {"protein_name": "angiotensin_converting_enzyme_2", "uniprot_id": "Q9BYF1", "roc_auc": 0.9992, "accuracy": 0.9974025974025974, "f1_score": 0.9973359739986692, "cohen_kappa": 0.9460406447091801, "mcc": 0.9474209111998338, "data_info": {"train_count": 1539, "test_count": 385, "actives_count": 52, "decoys_count": 1872}}}