{"xgb": {"protein_name": "toll_like_receptor_9", "uniprot_id": "Q9NR96", "roc_auc": 1.0, "accuracy": 0.9591836734693877, "f1_score": 0.9528246081041112, "cohen_kappa": 0.6474820143884892, "mcc": 0.6918984060216639, "data_info": {"train_count": 193, "test_count": 49, "actives_count": 22, "decoys_count": 220}}, "rf": {"protein_name": "toll_like_receptor_9", "uniprot_id": "Q9NR96", "roc_auc": 1.0, "accuracy": 0.9795918367346939, "f1_score": 0.9782462435523661, "cohen_kappa": 0.8463949843260188, "mcc": 0.8565603610802411, "data_info": {"train_count": 193, "test_count": 49, "actives_count": 22, "decoys_count": 220}}, "svc": {"protein_name": "toll_like_receptor_9", "uniprot_id": "Q9NR96", "roc_auc": 1.0, "accuracy": 0.9795918367346939, "f1_score": 0.9806109709801524, "cohen_kappa": 0.8778054862842893, "mcc": 0.8844332774281066, "data_info": {"train_count": 193, "test_count": 49, "actives_count": 22, "decoys_count": 220}}, "mlp": {"protein_name": "toll_like_receptor_9", "uniprot_id": "Q9NR96", "roc_auc": 1.0, "accuracy": 0.9795918367346939, "f1_score": 0.9806109709801524, "cohen_kappa": 0.8778054862842893, "mcc": 0.8844332774281066, "data_info": {"train_count": 193, "test_count": 49, "actives_count": 22, "decoys_count": 220}}}