{"xgb": {"protein_name": "histone_deacetylase_6", "uniprot_id": "Q9UBN7", "roc_auc": 0.9942668951843264, "accuracy": 0.9792176039119804, "f1_score": 0.9791077707118787, "cohen_kappa": 0.9527934876331566, "mcc": 0.9532382870180062, "data_info": {"train_count": 3271, "test_count": 818, "actives_count": 1363, "decoys_count": 2726}}, "rf": {"protein_name": "histone_deacetylase_6", "uniprot_id": "Q9UBN7", "roc_auc": 0.9946466377659038, "accuracy": 0.9682151589242054, "f1_score": 0.9678972342986399, "cohen_kappa": 0.9271967959470099, "mcc": 0.9286541975058293, "data_info": {"train_count": 3271, "test_count": 818, "actives_count": 1363, "decoys_count": 2726}}, "svc": {"protein_name": "histone_deacetylase_6", "uniprot_id": "Q9UBN7", "roc_auc": 0.9720133077931242, "accuracy": 0.9462102689486552, "f1_score": 0.9463997894781941, "cohen_kappa": 0.8799250031693501, "mcc": 0.880134776721911, "data_info": {"train_count": 3271, "test_count": 818, "actives_count": 1363, "decoys_count": 2726}}, "mlp": {"protein_name": "histone_deacetylase_6", "uniprot_id": "Q9UBN7", "roc_auc": 0.9809994287058507, "accuracy": 0.9559902200488998, "f1_score": 0.9557353458160217, "cohen_kappa": 0.8999408778618173, "mcc": 0.900441854386487, "data_info": {"train_count": 3271, "test_count": 818, "actives_count": 1363, "decoys_count": 2726}}}