{"xgb": {"protein_name": "cell_division_cycle_7_related_protein_kinase", "uniprot_id": "O00311", "roc_auc": 0.9994408201304753, "accuracy": 0.9918404351767905, "f1_score": 0.9911375121091763, "cohen_kappa": 0.8194861164148164, "mcc": 0.833173120766751, "data_info": {"train_count": 4410, "test_count": 1103, "actives_count": 149, "decoys_count": 5364}}, "rf": {"protein_name": "cell_division_cycle_7_related_protein_kinase", "uniprot_id": "O00311", "roc_auc": 1.0, "accuracy": 0.99909338168631, "f1_score": 0.9990859096163385, "cohen_kappa": 0.9825852187504934, "mcc": 0.9827342492217416, "data_info": {"train_count": 4410, "test_count": 1103, "actives_count": 149, "decoys_count": 5364}}, "svc": {"protein_name": "cell_division_cycle_7_related_protein_kinase", "uniprot_id": "O00311", "roc_auc": 1.0, "accuracy": 0.9972801450589301, "f1_score": 0.9973429997383675, "cohen_kappa": 0.9509843132026841, "mcc": 0.9521287635668041, "data_info": {"train_count": 4410, "test_count": 1103, "actives_count": 149, "decoys_count": 5364}}, "ann": {"protein_name": "cell_division_cycle_7_related_protein_kinase", "uniprot_id": "O00311", "roc_auc": 0.9949673811742777, "accuracy": 0.9963735267452403, "f1_score": 0.9962473833067775, "cohen_kappa": 0.926720701567898, "mcc": 0.9292189456544508, "data_info": {"train_count": 4410, "test_count": 1103, "actives_count": 149, "decoys_count": 5364}}}