{"xgb": {"protein_name": "phosphatidylinositol_4_5_bisphosphate_3_kinase_catalytic_subunit_delta_isoform", "uniprot_id": "O00329", "roc_auc": 0.9980724218642435, "accuracy": 0.9890202702702703, "f1_score": 0.9888541986674649, "cohen_kappa": 0.9317851444779295, "mcc": 0.9324143504189749, "data_info": {"train_count": 4734, "test_count": 1184, "actives_count": 538, "decoys_count": 5380}}, "rf": {"protein_name": "phosphatidylinositol_4_5_bisphosphate_3_kinase_catalytic_subunit_delta_isoform", "uniprot_id": "O00329", "roc_auc": 0.9987565399972463, "accuracy": 0.9881756756756757, "f1_score": 0.9878606860639044, "cohen_kappa": 0.9249275362318841, "mcc": 0.9268484007404012, "data_info": {"train_count": 4734, "test_count": 1184, "actives_count": 538, "decoys_count": 5380}}, "svc": {"protein_name": "phosphatidylinositol_4_5_bisphosphate_3_kinase_catalytic_subunit_delta_isoform", "uniprot_id": "O00329", "roc_auc": 0.9973237642847308, "accuracy": 0.987331081081081, "f1_score": 0.9873573272480008, "cohen_kappa": 0.9239022383710965, "mcc": 0.9239141279275587, "data_info": {"train_count": 4734, "test_count": 1184, "actives_count": 538, "decoys_count": 5380}}, "ann": {"protein_name": "phosphatidylinositol_4_5_bisphosphate_3_kinase_catalytic_subunit_delta_isoform", "uniprot_id": "O00329", "roc_auc": 0.9968332644912571, "accuracy": 0.9898648648648649, "f1_score": 0.9898648648648649, "cohen_kappa": 0.9388682362660058, "mcc": 0.9388682362660058, "data_info": {"train_count": 4734, "test_count": 1184, "actives_count": 538, "decoys_count": 5380}}}