{"xgb": {"protein_name": "fatty_acid_amide_hydrolase_1", "uniprot_id": "O00519", "roc_auc": 0.9981265432098765, "accuracy": 0.9919191919191919, "f1_score": 0.9917713591768569, "cohen_kappa": 0.9493379389752447, "mcc": 0.9502720818425443, "data_info": {"train_count": 7920, "test_count": 1980, "actives_count": 900, "decoys_count": 9000}}, "rf": {"protein_name": "fatty_acid_amide_hydrolase_1", "uniprot_id": "O00519", "roc_auc": 0.998733024691358, "accuracy": 0.9883838383838384, "f1_score": 0.9880907138035735, "cohen_kappa": 0.926217556138816, "mcc": 0.9279428088947325, "data_info": {"train_count": 7920, "test_count": 1980, "actives_count": 900, "decoys_count": 9000}}, "svc": {"protein_name": "fatty_acid_amide_hydrolase_1", "uniprot_id": "O00519", "roc_auc": 0.9910987654320987, "accuracy": 0.9747474747474747, "f1_score": 0.9753970067755008, "cohen_kappa": 0.8551869404949973, "mcc": 0.8569282531392577, "data_info": {"train_count": 7920, "test_count": 1980, "actives_count": 900, "decoys_count": 9000}}, "ann": {"protein_name": "fatty_acid_amide_hydrolase_1", "uniprot_id": "O00519", "roc_auc": 0.9926265432098765, "accuracy": 0.9919191919191919, "f1_score": 0.9918149440587113, "cohen_kappa": 0.9498575498575499, "mcc": 0.9503243378401517, "data_info": {"train_count": 7920, "test_count": 1980, "actives_count": 900, "decoys_count": 9000}}}