{"xgb": {"protein_name": "cocaine_esterase", "uniprot_id": "O00748", "roc_auc": 0.9941565040650406, "accuracy": 0.9821958456973294, "f1_score": 0.9778254906003746, "cohen_kappa": 0.4932330827067669, "mcc": 0.5721409873285058, "data_info": {"train_count": 2693, "test_count": 674, "actives_count": 91, "decoys_count": 3276}}, "rf": {"protein_name": "cocaine_esterase", "uniprot_id": "O00748", "roc_auc": 0.9986026422764227, "accuracy": 0.9985163204747775, "f1_score": 0.9984956900489995, "cohen_kappa": 0.9706675950909566, "mcc": 0.9710854410784427, "data_info": {"train_count": 2693, "test_count": 674, "actives_count": 91, "decoys_count": 3276}}, "svc": {"protein_name": "cocaine_esterase", "uniprot_id": "O00748", "roc_auc": 0.9949186991869918, "accuracy": 0.9910979228486647, "f1_score": 0.991529414967468, "cohen_kappa": 0.845460103943748, "mcc": 0.8499832033072793, "data_info": {"train_count": 2693, "test_count": 674, "actives_count": 91, "decoys_count": 3276}}, "ann": {"protein_name": "cocaine_esterase", "uniprot_id": "O00748", "roc_auc": 0.975609756097561, "accuracy": 0.9866468842729971, "f1_score": 0.9864612104409971, "cohen_kappa": 0.7360083558186091, "mcc": 0.7363251873887474, "data_info": {"train_count": 2693, "test_count": 674, "actives_count": 91, "decoys_count": 3276}}}