{"xgb": {"protein_name": "orexin_receptor_type_2", "uniprot_id": "O43614", "roc_auc": 0.9999466950959488, "accuracy": 0.9960238568588469, "f1_score": 0.9960238568588469, "cohen_kappa": 0.9910625444207534, "mcc": 0.9910625444207534, "data_info": {"train_count": 2008, "test_count": 503, "actives_count": 837, "decoys_count": 1674}}, "rf": {"protein_name": "orexin_receptor_type_2", "uniprot_id": "O43614", "roc_auc": 0.9999466950959488, "accuracy": 0.9980119284294234, "f1_score": 0.9980104425828419, "cohen_kappa": 0.9955246323169592, "mcc": 0.9955346021062903, "data_info": {"train_count": 2008, "test_count": 503, "actives_count": 837, "decoys_count": 1674}}, "svc": {"protein_name": "orexin_receptor_type_2", "uniprot_id": "O43614", "roc_auc": 0.9958066808813077, "accuracy": 0.9781312127236581, "f1_score": 0.9782093275901226, "cohen_kappa": 0.9512059614621456, "mcc": 0.9514400030297254, "data_info": {"train_count": 2008, "test_count": 503, "actives_count": 837, "decoys_count": 1674}}, "ann": {"protein_name": "orexin_receptor_type_2", "uniprot_id": "O43614", "roc_auc": 0.9974413646055438, "accuracy": 0.9840954274353877, "f1_score": 0.9840714764733526, "cohen_kappa": 0.9641437812984514, "mcc": 0.9641825201709533, "data_info": {"train_count": 2008, "test_count": 503, "actives_count": 837, "decoys_count": 1674}}}