{"xgb": {"protein_name": "cyclin_t1", "uniprot_id": "O60563", "roc_auc": 0.9993438051101178, "accuracy": 0.9977859778597786, "f1_score": 0.9977404611879485, "cohen_kappa": 0.9566117687241832, "mcc": 0.95751347133784, "data_info": {"train_count": 5416, "test_count": 1355, "actives_count": 183, "decoys_count": 6588}}, "rf": {"protein_name": "cyclin_t1", "uniprot_id": "O60563", "roc_auc": 1.0, "accuracy": 0.9992619926199262, "f1_score": 0.9992570777079973, "cohen_kappa": 0.9859222241846838, "mcc": 0.9860199356011341, "data_info": {"train_count": 5416, "test_count": 1355, "actives_count": 183, "decoys_count": 6588}}, "svc": {"protein_name": "cyclin_t1", "uniprot_id": "O60563", "roc_auc": 1.0, "accuracy": 1.0, "f1_score": 1.0, "cohen_kappa": 1.0, "mcc": 1.0, "data_info": {"train_count": 5416, "test_count": 1355, "actives_count": 183, "decoys_count": 6588}}, "ann": {"protein_name": "cyclin_t1", "uniprot_id": "O60563", "roc_auc": 1.0, "accuracy": 1.0, "f1_score": 1.0, "cohen_kappa": 1.0, "mcc": 1.0, "data_info": {"train_count": 5416, "test_count": 1355, "actives_count": 183, "decoys_count": 6588}}}