{"xgb": {"protein_name": "lysine_specific_demethylase_4a", "uniprot_id": "O75164", "roc_auc": 0.9895833333333334, "accuracy": 0.9716981132075472, "f1_score": 0.9694185947238112, "cohen_kappa": 0.8086642599277978, "mcc": 0.8238858408710996, "data_info": {"train_count": 422, "test_count": 106, "actives_count": 48, "decoys_count": 480}}, "rf": {"protein_name": "lysine_specific_demethylase_4a", "uniprot_id": "O75164", "roc_auc": 0.9979166666666667, "accuracy": 0.9811320754716981, "f1_score": 0.9801811147852774, "cohen_kappa": 0.8787185354691076, "mcc": 0.885253336275981, "data_info": {"train_count": 422, "test_count": 106, "actives_count": 48, "decoys_count": 480}}, "svc": {"protein_name": "lysine_specific_demethylase_4a", "uniprot_id": "O75164", "roc_auc": 0.9958333333333333, "accuracy": 0.9716981132075472, "f1_score": 0.9710266476632484, "cohen_kappa": 0.826608505997819, "mcc": 0.8279926226261497, "data_info": {"train_count": 422, "test_count": 106, "actives_count": 48, "decoys_count": 480}}, "mlp": {"protein_name": "lysine_specific_demethylase_4a", "uniprot_id": "O75164", "roc_auc": 0.9552083333333332, "accuracy": 0.9811320754716981, "f1_score": 0.9801811147852774, "cohen_kappa": 0.8787185354691076, "mcc": 0.885253336275981, "data_info": {"train_count": 422, "test_count": 106, "actives_count": 48, "decoys_count": 480}}}