{"xgb": {"protein_name": "diacylglycerol_o_acyltransferase_1", "uniprot_id": "O75907", "roc_auc": 0.9999863959459919, "accuracy": 0.9970059880239521, "f1_score": 0.9969832884171927, "cohen_kappa": 0.9815504015135299, "mcc": 0.9817174980070348, "data_info": {"train_count": 5341, "test_count": 1336, "actives_count": 607, "decoys_count": 6070}}, "rf": {"protein_name": "diacylglycerol_o_acyltransferase_1", "uniprot_id": "O75907", "roc_auc": 0.9999727918919838, "accuracy": 0.9985029940119761, "f1_score": 0.9984973720322512, "cohen_kappa": 0.9908443609898506, "mcc": 0.9908858927247397, "data_info": {"train_count": 5341, "test_count": 1336, "actives_count": 607, "decoys_count": 6070}}, "svc": {"protein_name": "diacylglycerol_o_acyltransferase_1", "uniprot_id": "O75907", "roc_auc": 0.9998775635139272, "accuracy": 0.9970059880239521, "f1_score": 0.9970278613143486, "cohen_kappa": 0.9820915129052364, "mcc": 0.9822490360006876, "data_info": {"train_count": 5341, "test_count": 1336, "actives_count": 607, "decoys_count": 6070}}, "mlp": {"protein_name": "diacylglycerol_o_acyltransferase_1", "uniprot_id": "O75907", "roc_auc": 0.9999863959459919, "accuracy": 0.999251497005988, "f1_score": 0.9992528830592378, "cohen_kappa": 0.9954730892777274, "mcc": 0.9954832895100345, "data_info": {"train_count": 5341, "test_count": 1336, "actives_count": 607, "decoys_count": 6070}}}