{"xgb": {"protein_name": "high_affinity_cgmp_specific_3_5_cyclic_phosphodiesterase_9a", "uniprot_id": "O76083", "roc_auc": 0.9977532480218815, "accuracy": 0.9944852941176471, "f1_score": 0.9941749271416519, "cohen_kappa": 0.8818290431193657, "mcc": 0.8880513835555188, "data_info": {"train_count": 4351, "test_count": 1088, "actives_count": 147, "decoys_count": 5292}}, "rf": {"protein_name": "high_affinity_cgmp_specific_3_5_cyclic_phosphodiesterase_9a", "uniprot_id": "O76083", "roc_auc": 1.0, "accuracy": 0.9972426470588235, "f1_score": 0.997169396561505, "cohen_kappa": 0.9440444353013783, "mcc": 0.9455258283880144, "data_info": {"train_count": 4351, "test_count": 1088, "actives_count": 147, "decoys_count": 5292}}, "svc": {"protein_name": "high_affinity_cgmp_specific_3_5_cyclic_phosphodiesterase_9a", "uniprot_id": "O76083", "roc_auc": 0.9997069453941584, "accuracy": 0.9990808823529411, "f1_score": 0.9990730367927702, "cohen_kappa": 0.9819843687905683, "mcc": 0.9821437654728835, "data_info": {"train_count": 4351, "test_count": 1088, "actives_count": 147, "decoys_count": 5292}}, "ann": {"protein_name": "high_affinity_cgmp_specific_3_5_cyclic_phosphodiesterase_9a", "uniprot_id": "O76083", "roc_auc": 0.9909804304646544, "accuracy": 0.9990808823529411, "f1_score": 0.9990730367927702, "cohen_kappa": 0.9819843687905683, "mcc": 0.9821437654728835, "data_info": {"train_count": 4351, "test_count": 1088, "actives_count": 147, "decoys_count": 5292}}}