{"xgb": {"protein_name": "glutaminase_kidney_isoform_mitochondrial", "uniprot_id": "O94925", "roc_auc": 1.0, "accuracy": 0.9972527472527473, "f1_score": 0.9972336863739579, "cohen_kappa": 0.9831074809727121, "mcc": 0.9832477793983866, "data_info": {"train_count": 4364, "test_count": 1092, "actives_count": 496, "decoys_count": 4960}}, "rf": {"protein_name": "glutaminase_kidney_isoform_mitochondrial", "uniprot_id": "O94925", "roc_auc": 1.0, "accuracy": 0.9981684981684982, "f1_score": 0.9981600750499859, "cohen_kappa": 0.988789997228296, "mcc": 0.9888521308175994, "data_info": {"train_count": 4364, "test_count": 1092, "actives_count": 496, "decoys_count": 4960}}, "svc": {"protein_name": "glutaminase_kidney_isoform_mitochondrial", "uniprot_id": "O94925", "roc_auc": 1.0, "accuracy": 1.0, "f1_score": 1.0, "cohen_kappa": 1.0, "mcc": 1.0, "data_info": {"train_count": 4364, "test_count": 1092, "actives_count": 496, "decoys_count": 4960}}, "ann": {"protein_name": "glutaminase_kidney_isoform_mitochondrial", "uniprot_id": "O94925", "roc_auc": 0.9999898277843897, "accuracy": 0.9981684981684982, "f1_score": 0.998176732541652, "cohen_kappa": 0.9889920464511447, "mcc": 0.989051972473407, "data_info": {"train_count": 4364, "test_count": 1092, "actives_count": 496, "decoys_count": 4960}}}