{"xgb": {"protein_name": "serine_threonine_protein_kinase_chk2", "uniprot_id": "O96017", "roc_auc": 1.0, "accuracy": 0.9615384615384616, "f1_score": 0.9619678567046989, "cohen_kappa": 0.9171974522292994, "mcc": 0.9203579866168445, "data_info": {"train_count": 103, "test_count": 26, "actives_count": 43, "decoys_count": 86}}, "rf": {"protein_name": "serine_threonine_protein_kinase_chk2", "uniprot_id": "O96017", "roc_auc": 1.0, "accuracy": 1.0, "f1_score": 1.0, "cohen_kappa": 1.0, "mcc": 1.0, "data_info": {"train_count": 103, "test_count": 26, "actives_count": 43, "decoys_count": 86}}, "svc": {"protein_name": "serine_threonine_protein_kinase_chk2", "uniprot_id": "O96017", "roc_auc": 1.0, "accuracy": 0.9615384615384616, "f1_score": 0.9619678567046989, "cohen_kappa": 0.9171974522292994, "mcc": 0.9203579866168445, "data_info": {"train_count": 103, "test_count": 26, "actives_count": 43, "decoys_count": 86}}, "ann": {"protein_name": "serine_threonine_protein_kinase_chk2", "uniprot_id": "O96017", "roc_auc": 0.9803921568627451, "accuracy": 0.8846153846153846, "f1_score": 0.8872740163062743, "cohen_kappa": 0.7636363636363637, "mcc": 0.7859052479933757, "data_info": {"train_count": 103, "test_count": 26, "actives_count": 43, "decoys_count": 86}}}