{"xgb": {"protein_name": "dihydrofolate_reductase", "uniprot_id": "P00374", "roc_auc": 0.9997303440040063, "accuracy": 0.9910714285714286, "f1_score": 0.99090668557051, "cohen_kappa": 0.9440961546140638, "mcc": 0.9450417419804118, "data_info": {"train_count": 4479, "test_count": 1120, "actives_count": 509, "decoys_count": 5090}}, "rf": {"protein_name": "dihydrofolate_reductase", "uniprot_id": "P00374", "roc_auc": 0.9989550830155245, "accuracy": 0.9910714285714286, "f1_score": 0.9908631303293758, "cohen_kappa": 0.9435802369630047, "mcc": 0.9450856293072735, "data_info": {"train_count": 4479, "test_count": 1120, "actives_count": 509, "decoys_count": 5090}}, "svc": {"protein_name": "dihydrofolate_reductase", "uniprot_id": "P00374", "roc_auc": 0.9982376054547555, "accuracy": 0.9919642857142857, "f1_score": 0.9919464657530271, "cohen_kappa": 0.9512468803807387, "mcc": 0.951260837397828, "data_info": {"train_count": 4479, "test_count": 1120, "actives_count": 509, "decoys_count": 5090}}, "ann": {"protein_name": "dihydrofolate_reductase", "uniprot_id": "P00374", "roc_auc": 0.9924111098270348, "accuracy": 0.9883928571428572, "f1_score": 0.9882612562356826, "cohen_kappa": 0.9283083528647116, "mcc": 0.92866145506086, "data_info": {"train_count": 4479, "test_count": 1120, "actives_count": 509, "decoys_count": 5090}}}