{"xgb": {"protein_name": "l_lactate_dehydrogenase_a_chain", "uniprot_id": "P00338", "roc_auc": 0.99609375, "accuracy": 0.9829545454545454, "f1_score": 0.9827061693205799, "cohen_kappa": 0.8938906752411575, "mcc": 0.8944503384020238, "data_info": {"train_count": 704, "test_count": 176, "actives_count": 80, "decoys_count": 800}}, "rf": {"protein_name": "l_lactate_dehydrogenase_a_chain", "uniprot_id": "P00338", "roc_auc": 0.99921875, "accuracy": 0.9886363636363636, "f1_score": 0.9886363636363636, "cohen_kappa": 0.93125, "mcc": 0.93125, "data_info": {"train_count": 704, "test_count": 176, "actives_count": 80, "decoys_count": 800}}, "svc": {"protein_name": "l_lactate_dehydrogenase_a_chain", "uniprot_id": "P00338", "roc_auc": 0.998046875, "accuracy": 0.9886363636363636, "f1_score": 0.9886363636363636, "cohen_kappa": 0.93125, "mcc": 0.93125, "data_info": {"train_count": 704, "test_count": 176, "actives_count": 80, "decoys_count": 800}}, "ann": {"protein_name": "l_lactate_dehydrogenase_a_chain", "uniprot_id": "P00338", "roc_auc": 0.980859375, "accuracy": 0.9943181818181818, "f1_score": 0.9942353897735265, "cohen_kappa": 0.9646302250803859, "mcc": 0.9652341781316803, "data_info": {"train_count": 704, "test_count": 176, "actives_count": 80, "decoys_count": 800}}}