{"xgb": {"protein_name": "retinol_binding_protein_4", "uniprot_id": "P02753", "roc_auc": 0.9996527777777778, "accuracy": 0.9886363636363636, "f1_score": 0.988527286399627, "cohen_kappa": 0.9299363057324841, "mcc": 0.9301900197532964, "data_info": {"train_count": 1056, "test_count": 264, "actives_count": 120, "decoys_count": 1200}}, "rf": {"protein_name": "retinol_binding_protein_4", "uniprot_id": "P02753", "roc_auc": 0.9994791666666667, "accuracy": 0.9848484848484849, "f1_score": 0.9845505387630591, "cohen_kappa": 0.9047619047619048, "mcc": 0.9057894597833126, "data_info": {"train_count": 1056, "test_count": 264, "actives_count": 120, "decoys_count": 1200}}, "svc": {"protein_name": "retinol_binding_protein_4", "uniprot_id": "P02753", "roc_auc": 0.999826388888889, "accuracy": 0.9924242424242424, "f1_score": 0.9925599087105365, "cohen_kappa": 0.9558232931726908, "mcc": 0.9567573440452994, "data_info": {"train_count": 1056, "test_count": 264, "actives_count": 120, "decoys_count": 1200}}, "ann": {"protein_name": "retinol_binding_protein_4", "uniprot_id": "P02753", "roc_auc": 0.9725694444444444, "accuracy": 0.9772727272727273, "f1_score": 0.9763335837716004, "cohen_kappa": 0.8513513513513513, "mcc": 0.8555628001018002, "data_info": {"train_count": 1056, "test_count": 264, "actives_count": 120, "decoys_count": 1200}}}