{"xgb": {"protein_name": "transthyretin", "uniprot_id": "P02766", "roc_auc": 0.8888888888888888, "accuracy": 0.7777777777777778, "f1_score": 0.764102564102564, "cohen_kappa": 0.4545454545454546, "mcc": 0.472455591261534, "data_info": {"train_count": 69, "test_count": 18, "actives_count": 29, "decoys_count": 58}}, "rf": {"protein_name": "transthyretin", "uniprot_id": "P02766", "roc_auc": 0.8611111111111112, "accuracy": 0.7777777777777778, "f1_score": 0.738095238095238, "cohen_kappa": 0.3999999999999999, "mcc": 0.5, "data_info": {"train_count": 69, "test_count": 18, "actives_count": 29, "decoys_count": 58}}, "svc": {"protein_name": "transthyretin", "uniprot_id": "P02766", "roc_auc": 0.875, "accuracy": 0.7777777777777778, "f1_score": 0.764102564102564, "cohen_kappa": 0.4545454545454546, "mcc": 0.472455591261534, "data_info": {"train_count": 69, "test_count": 18, "actives_count": 29, "decoys_count": 58}}, "ann": {"protein_name": "transthyretin", "uniprot_id": "P02766", "roc_auc": 0.8611111111111112, "accuracy": 0.7777777777777778, "f1_score": 0.738095238095238, "cohen_kappa": 0.3999999999999999, "mcc": 0.5, "data_info": {"train_count": 69, "test_count": 18, "actives_count": 29, "decoys_count": 58}}}