{"xgb": {"protein_name": "acetylcholine_receptor_subunit_alpha", "uniprot_id": "P02708", "roc_auc": 0.85, "accuracy": 0.9166666666666666, "f1_score": 0.9047619047619048, "cohen_kappa": 0.625, "mcc": 0.674199862463242, "data_info": {"train_count": 96, "test_count": 24, "actives_count": 20, "decoys_count": 100}}, "rf": {"protein_name": "acetylcholine_receptor_subunit_alpha", "uniprot_id": "P02708", "roc_auc": 0.9874999999999999, "accuracy": 0.9583333333333334, "f1_score": 0.9601139601139601, "cohen_kappa": 0.8636363636363636, "mcc": 0.8717797887081347, "data_info": {"train_count": 96, "test_count": 24, "actives_count": 20, "decoys_count": 100}}, "svc": {"protein_name": "acetylcholine_receptor_subunit_alpha", "uniprot_id": "P02708", "roc_auc": 0.95, "accuracy": 0.875, "f1_score": 0.8803418803418804, "cohen_kappa": 0.5909090909090909, "mcc": 0.5964809080634605, "data_info": {"train_count": 96, "test_count": 24, "actives_count": 20, "decoys_count": 100}}, "ann": {"protein_name": "acetylcholine_receptor_subunit_alpha", "uniprot_id": "P02708", "roc_auc": 0.9500000000000001, "accuracy": 0.9166666666666666, "f1_score": 0.9166666666666666, "cohen_kappa": 0.7, "mcc": 0.7, "data_info": {"train_count": 96, "test_count": 24, "actives_count": 20, "decoys_count": 100}}}