{"xgb": {"protein_name": "plasma_kallikrein", "uniprot_id": "P03952", "roc_auc": 0.9983484723369117, "accuracy": 0.989501312335958, "f1_score": 0.9892133389282454, "cohen_kappa": 0.9336699164345403, "mcc": 0.9357306432594232, "data_info": {"train_count": 1522, "test_count": 381, "actives_count": 173, "decoys_count": 1730}}, "rf": {"protein_name": "plasma_kallikrein", "uniprot_id": "P03952", "roc_auc": 0.9997522708505366, "accuracy": 0.994750656167979, "f1_score": 0.9946810238311666, "cohen_kappa": 0.9677091278921942, "mcc": 0.9682140381368782, "data_info": {"train_count": 1522, "test_count": 381, "actives_count": 173, "decoys_count": 1730}}, "svc": {"protein_name": "plasma_kallikrein", "uniprot_id": "P03952", "roc_auc": 0.9950454170107349, "accuracy": 0.9868766404199475, "f1_score": 0.986959562526505, "cohen_kappa": 0.9223431576372753, "mcc": 0.9224544231468474, "data_info": {"train_count": 1522, "test_count": 381, "actives_count": 173, "decoys_count": 1730}}, "mlp": {"protein_name": "plasma_kallikrein", "uniprot_id": "P03952", "roc_auc": 0.9715111478117258, "accuracy": 0.9868766404199475, "f1_score": 0.9864189666943879, "cohen_kappa": 0.9159497021839841, "mcc": 0.9192022872756818, "data_info": {"train_count": 1522, "test_count": 381, "actives_count": 173, "decoys_count": 1730}}}