{"xgb": {"protein_name": "coagulation_factor_xi", "uniprot_id": "P03951", "roc_auc": 0.9999691500848372, "accuracy": 0.9968482665466006, "f1_score": 0.9967531946629302, "cohen_kappa": 0.9364424621749458, "mcc": 0.9383396199204332, "data_info": {"train_count": 8883, "test_count": 2221, "actives_count": 302, "decoys_count": 10802}}, "rf": {"protein_name": "coagulation_factor_xi", "uniprot_id": "P03951", "roc_auc": 0.9999691500848373, "accuracy": 0.9995497523638001, "f1_score": 0.9995479126428405, "cohen_kappa": 0.991365334598144, "mcc": 0.9914022934988265, "data_info": {"train_count": 8883, "test_count": 2221, "actives_count": 302, "decoys_count": 10802}}, "svc": {"protein_name": "coagulation_factor_xi", "uniprot_id": "P03951", "roc_auc": 0.999051365108746, "accuracy": 0.9972985141828006, "f1_score": 0.9973609575031924, "cohen_kappa": 0.9509940204320293, "mcc": 0.9521380283987448, "data_info": {"train_count": 8883, "test_count": 2221, "actives_count": 302, "decoys_count": 10802}}, "ann": {"protein_name": "coagulation_factor_xi", "uniprot_id": "P03951", "roc_auc": 0.9999691500848372, "accuracy": 0.9995497523638001, "f1_score": 0.9995515607912877, "cohen_kappa": 0.9915041255293187, "mcc": 0.9915399107924604, "data_info": {"train_count": 8883, "test_count": 2221, "actives_count": 302, "decoys_count": 10802}}}