{"xgb": {"protein_name": "interstitial_collagenase", "uniprot_id": "P03956", "roc_auc": 0.9966755572489998, "accuracy": 0.9959196484620213, "f1_score": 0.9958971875544926, "cohen_kappa": 0.9750709927183561, "mcc": 0.9751588513187263, "data_info": {"train_count": 12742, "test_count": 3186, "actives_count": 1448, "decoys_count": 14480}}, "rf": {"protein_name": "interstitial_collagenase", "uniprot_id": "P03956", "roc_auc": 0.9924967851019241, "accuracy": 0.9965473948524796, "f1_score": 0.996517294021541, "cohen_kappa": 0.9787730449287528, "mcc": 0.9789936290268915, "data_info": {"train_count": 12742, "test_count": 3186, "actives_count": 1448, "decoys_count": 14480}}, "svc": {"protein_name": "interstitial_collagenase", "uniprot_id": "P03956", "roc_auc": 0.9944025052390932, "accuracy": 0.9937225360954175, "f1_score": 0.9937608986701583, "cohen_kappa": 0.9625292850220637, "mcc": 0.9626374187259333, "data_info": {"train_count": 12742, "test_count": 3186, "actives_count": 1448, "decoys_count": 14480}}, "ann": {"protein_name": "interstitial_collagenase", "uniprot_id": "P03956", "roc_auc": 0.9982901505048581, "accuracy": 0.9937225360954175, "f1_score": 0.9937418651288921, "cohen_kappa": 0.9622981781002826, "mcc": 0.9623255360063632, "data_info": {"train_count": 12742, "test_count": 3186, "actives_count": 1448, "decoys_count": 14480}}}