{"xgb": {"protein_name": "glucosylceramidase", "uniprot_id": "P04062", "roc_auc": 0.977295918367347, "accuracy": 0.9837662337662337, "f1_score": 0.9830422917356806, "cohen_kappa": 0.8932038834951457, "mcc": 0.8983415518941831, "data_info": {"train_count": 1232, "test_count": 308, "actives_count": 140, "decoys_count": 1400}}, "rf": {"protein_name": "glucosylceramidase", "uniprot_id": "P04062", "roc_auc": 0.9352678571428571, "accuracy": 0.987012987012987, "f1_score": 0.9865595397510291, "cohen_kappa": 0.916030534351145, "mcc": 0.9192771195538434, "data_info": {"train_count": 1232, "test_count": 308, "actives_count": 140, "decoys_count": 1400}}, "svc": {"protein_name": "glucosylceramidase", "uniprot_id": "P04062", "roc_auc": 0.8822704081632652, "accuracy": 0.9837662337662337, "f1_score": 0.9833500391494964, "cohen_kappa": 0.8968105065666041, "mcc": 0.8985343385743102, "data_info": {"train_count": 1232, "test_count": 308, "actives_count": 140, "decoys_count": 1400}}, "ann": {"protein_name": "glucosylceramidase", "uniprot_id": "P04062", "roc_auc": 0.9554846938775511, "accuracy": 0.987012987012987, "f1_score": 0.9865595397510291, "cohen_kappa": 0.916030534351145, "mcc": 0.9192771195538434, "data_info": {"train_count": 1232, "test_count": 308, "actives_count": 140, "decoys_count": 1400}}}