{"xgb": {"protein_name": "myeloperoxidase", "uniprot_id": "P05164", "roc_auc": 0.9913213885778275, "accuracy": 0.9806763285024155, "f1_score": 0.9796413454779319, "cohen_kappa": 0.8719851576994434, "mcc": 0.8792191511730586, "data_info": {"train_count": 827, "test_count": 207, "actives_count": 94, "decoys_count": 940}}, "rf": {"protein_name": "myeloperoxidase", "uniprot_id": "P05164", "roc_auc": 0.95506718924972, "accuracy": 0.9903381642512077, "f1_score": 0.9900953403368862, "cohen_kappa": 0.9391713194240376, "mcc": 0.940913683372065, "data_info": {"train_count": 827, "test_count": 207, "actives_count": 94, "decoys_count": 940}}, "svc": {"protein_name": "myeloperoxidase", "uniprot_id": "P05164", "roc_auc": 0.9638857782754761, "accuracy": 0.9710144927536232, "f1_score": 0.971661629078509, "cohen_kappa": 0.8340016038492382, "mcc": 0.8352812822287068, "data_info": {"train_count": 827, "test_count": 207, "actives_count": 94, "decoys_count": 940}}, "ann": {"protein_name": "myeloperoxidase", "uniprot_id": "P05164", "roc_auc": 0.9437290033594625, "accuracy": 0.9565217391304348, "f1_score": 0.9548304626427834, "cohen_kappa": 0.7193008889558535, "mcc": 0.7224703341759833, "data_info": {"train_count": 827, "test_count": 207, "actives_count": 94, "decoys_count": 940}}}