{"xgb": {"protein_name": "alkaline_phosphatase_tissue_nonspecific_isozyme", "uniprot_id": "P05186", "roc_auc": 0.9994721363396426, "accuracy": 0.996268656716418, "f1_score": 0.9962516203479356, "cohen_kappa": 0.9864045656309448, "mcc": 0.9864957397264247, "data_info": {"train_count": 2143, "test_count": 536, "actives_count": 447, "decoys_count": 2232}}, "rf": {"protein_name": "alkaline_phosphatase_tissue_nonspecific_isozyme", "uniprot_id": "P05186", "roc_auc": 0.9998994545408842, "accuracy": 0.9925373134328358, "f1_score": 0.9924681561090943, "cohen_kappa": 0.9725599610924821, "mcc": 0.9729263152921279, "data_info": {"train_count": 2143, "test_count": 536, "actives_count": 447, "decoys_count": 2232}}, "svc": {"protein_name": "alkaline_phosphatase_tissue_nonspecific_isozyme", "uniprot_id": "P05186", "roc_auc": 0.9899454540884298, "accuracy": 0.9888059701492538, "f1_score": 0.9888556098431609, "cohen_kappa": 0.9599412072444633, "mcc": 0.9600267978156599, "data_info": {"train_count": 2143, "test_count": 536, "actives_count": 447, "decoys_count": 2232}}, "ann": {"protein_name": "alkaline_phosphatase_tissue_nonspecific_isozyme", "uniprot_id": "P05186", "roc_auc": 0.9983409999245909, "accuracy": 0.9869402985074627, "f1_score": 0.9870819839103181, "cohen_kappa": 0.9538817050985791, "mcc": 0.9543996798240243, "data_info": {"train_count": 2143, "test_count": 536, "actives_count": 447, "decoys_count": 2232}}}