{"xgb": {"protein_name": "intercellular_adhesion_molecule_1", "uniprot_id": "P05362", "roc_auc": 0.9955665024630541, "accuracy": 0.9865470852017937, "f1_score": 0.9860510350823595, "cohen_kappa": 0.9116365077268525, "mcc": 0.9152165641110857, "data_info": {"train_count": 888, "test_count": 223, "actives_count": 101, "decoys_count": 1010}}, "rf": {"protein_name": "intercellular_adhesion_molecule_1", "uniprot_id": "P05362", "roc_auc": 0.9997536945812808, "accuracy": 0.9955156950672646, "f1_score": 0.9954637129525021, "cohen_kappa": 0.971903741967998, "mcc": 0.9722875795025369, "data_info": {"train_count": 888, "test_count": 223, "actives_count": 101, "decoys_count": 1010}}, "svc": {"protein_name": "intercellular_adhesion_molecule_1", "uniprot_id": "P05362", "roc_auc": 1.0, "accuracy": 0.9955156950672646, "f1_score": 0.9954637129525021, "cohen_kappa": 0.971903741967998, "mcc": 0.9722875795025369, "data_info": {"train_count": 888, "test_count": 223, "actives_count": 101, "decoys_count": 1010}}, "ann": {"protein_name": "intercellular_adhesion_molecule_1", "uniprot_id": "P05362", "roc_auc": 0.9822660098522167, "accuracy": 0.9955156950672646, "f1_score": 0.9954637129525021, "cohen_kappa": 0.971903741967998, "mcc": 0.9722875795025369, "data_info": {"train_count": 888, "test_count": 223, "actives_count": 101, "decoys_count": 1010}}}