{"xgb": {"protein_name": "tyrosine_protein_kinase_lck", "uniprot_id": "P06239", "roc_auc": 0.9996419270833334, "accuracy": 0.9943181818181818, "f1_score": 0.9942353897735267, "cohen_kappa": 0.9646302250803859, "mcc": 0.9652341781316803, "data_info": {"train_count": 4224, "test_count": 1056, "actives_count": 480, "decoys_count": 4800}}, "rf": {"protein_name": "tyrosine_protein_kinase_lck", "uniprot_id": "P06239", "roc_auc": 0.9999782986111112, "accuracy": 0.9981060606060606, "f1_score": 0.9980970779042964, "cohen_kappa": 0.9884332281808622, "mcc": 0.9884993561611344, "data_info": {"train_count": 4224, "test_count": 1056, "actives_count": 480, "decoys_count": 4800}}, "svc": {"protein_name": "tyrosine_protein_kinase_lck", "uniprot_id": "P06239", "roc_auc": 0.9986002604166667, "accuracy": 0.9933712121212122, "f1_score": 0.9934466800247241, "cohen_kappa": 0.9608142493638677, "mcc": 0.9611908360660267, "data_info": {"train_count": 4224, "test_count": 1056, "actives_count": 480, "decoys_count": 4800}}, "ann": {"protein_name": "tyrosine_protein_kinase_lck", "uniprot_id": "P06239", "roc_auc": 0.9994249131944444, "accuracy": 0.9895833333333334, "f1_score": 0.9898355469425355, "cohen_kappa": 0.9400693412580485, "mcc": 0.9417621185047035, "data_info": {"train_count": 4224, "test_count": 1056, "actives_count": 480, "decoys_count": 4800}}}