{"xgb": {"protein_name": "cyclin_dependent_kinase_1", "uniprot_id": "P06493", "roc_auc": 0.9970564496985235, "accuracy": 0.9866457187745483, "f1_score": 0.9844655007842342, "cohen_kappa": 0.6606238336443615, "mcc": 0.7023051217785851, "data_info": {"train_count": 5091, "test_count": 1273, "actives_count": 172, "decoys_count": 6192}}, "rf": {"protein_name": "cyclin_dependent_kinase_1", "uniprot_id": "P06493", "roc_auc": 0.9994896263590182, "accuracy": 0.9945011783189317, "f1_score": 0.9941934169761721, "cohen_kappa": 0.8824669928907765, "mcc": 0.8886260810729041, "data_info": {"train_count": 5091, "test_count": 1273, "actives_count": 172, "decoys_count": 6192}}, "svc": {"protein_name": "cyclin_dependent_kinase_1", "uniprot_id": "P06493", "roc_auc": 0.9878934624697336, "accuracy": 0.992930086410055, "f1_score": 0.9930751659855582, "cohen_kappa": 0.869609751101096, "mcc": 0.870432292881674, "data_info": {"train_count": 5091, "test_count": 1273, "actives_count": 172, "decoys_count": 6192}}, "ann": {"protein_name": "cyclin_dependent_kinase_1", "uniprot_id": "P06493", "roc_auc": 0.9993353273512795, "accuracy": 0.9968578161822467, "f1_score": 0.9969014354660313, "cohen_kappa": 0.9412429900071543, "mcc": 0.9416494449249008, "data_info": {"train_count": 5091, "test_count": 1273, "actives_count": 172, "decoys_count": 6192}}}