{"xgb": {"protein_name": "calcitonin_gene_related_peptide_1", "uniprot_id": "P06881", "roc_auc": 0.9825721153846154, "accuracy": 0.9858156028368794, "f1_score": 0.985279564571994, "cohen_kappa": 0.9089735313105229, "mcc": 0.9127628907194663, "data_info": {"train_count": 563, "test_count": 141, "actives_count": 64, "decoys_count": 640}}, "rf": {"protein_name": "calcitonin_gene_related_peptide_1", "uniprot_id": "P06881", "roc_auc": 0.984375, "accuracy": 0.9858156028368794, "f1_score": 0.985279564571994, "cohen_kappa": 0.9089735313105229, "mcc": 0.9127628907194663, "data_info": {"train_count": 563, "test_count": 141, "actives_count": 64, "decoys_count": 640}}, "svc": {"protein_name": "calcitonin_gene_related_peptide_1", "uniprot_id": "P06881", "roc_auc": 0.9921875, "accuracy": 0.9858156028368794, "f1_score": 0.985279564571994, "cohen_kappa": 0.9089735313105229, "mcc": 0.9127628907194663, "data_info": {"train_count": 563, "test_count": 141, "actives_count": 64, "decoys_count": 640}}, "ann": {"protein_name": "calcitonin_gene_related_peptide_1", "uniprot_id": "P06881", "roc_auc": 0.9891826923076923, "accuracy": 0.9858156028368794, "f1_score": 0.985279564571994, "cohen_kappa": 0.9089735313105229, "mcc": 0.9127628907194663, "data_info": {"train_count": 563, "test_count": 141, "actives_count": 64, "decoys_count": 640}}}