{"xgb": {"protein_name": "tyrosine_protein_kinase_lyn", "uniprot_id": "P07948", "roc_auc": 0.9620000000000001, "accuracy": 0.9272727272727272, "f1_score": 0.9127474467280292, "cohen_kappa": 0.3972602739726028, "mcc": 0.4453639597046146, "data_info": {"train_count": 440, "test_count": 110, "actives_count": 50, "decoys_count": 500}}, "rf": {"protein_name": "tyrosine_protein_kinase_lyn", "uniprot_id": "P07948", "roc_auc": 0.9909999999999999, "accuracy": 0.9545454545454546, "f1_score": 0.9475240206947525, "cohen_kappa": 0.6451612903225806, "mcc": 0.6900655593423541, "data_info": {"train_count": 440, "test_count": 110, "actives_count": 50, "decoys_count": 500}}, "svc": {"protein_name": "tyrosine_protein_kinase_lyn", "uniprot_id": "P07948", "roc_auc": 0.99, "accuracy": 0.9727272727272728, "f1_score": 0.9733080989362396, "cohen_kappa": 0.8421052631578947, "mcc": 0.8432740427115679, "data_info": {"train_count": 440, "test_count": 110, "actives_count": 50, "decoys_count": 500}}, "ann": {"protein_name": "tyrosine_protein_kinase_lyn", "uniprot_id": "P07948", "roc_auc": 0.9670000000000001, "accuracy": 0.9272727272727272, "f1_score": 0.9302112029384755, "cohen_kappa": 0.5963302752293578, "mcc": 0.5993902797701954, "data_info": {"train_count": 440, "test_count": 110, "actives_count": 50, "decoys_count": 500}}}