{"xgb": {"protein_name": "heat_shock_protein_hsp_90_alpha", "uniprot_id": "P07900", "roc_auc": 0.988784237857652, "accuracy": 0.9922229423201555, "f1_score": 0.9920927314296563, "cohen_kappa": 0.9513005970384787, "mcc": 0.9520849461558475, "data_info": {"train_count": 6168, "test_count": 1543, "actives_count": 701, "decoys_count": 7010}}, "rf": {"protein_name": "heat_shock_protein_hsp_90_alpha", "uniprot_id": "P07900", "roc_auc": 0.9949546889318807, "accuracy": 0.9941672067401166, "f1_score": 0.9940796764205462, "cohen_kappa": 0.9635963751038736, "mcc": 0.9642355008884571, "data_info": {"train_count": 6168, "test_count": 1543, "actives_count": 701, "decoys_count": 7010}}, "svc": {"protein_name": "heat_shock_protein_hsp_90_alpha", "uniprot_id": "P07900", "roc_auc": 0.98968027695754, "accuracy": 0.9889825016202204, "f1_score": 0.9891030845633011, "cohen_kappa": 0.9346969361259307, "mcc": 0.9350350334748594, "data_info": {"train_count": 6168, "test_count": 1543, "actives_count": 701, "decoys_count": 7010}}, "ann": {"protein_name": "heat_shock_protein_hsp_90_alpha", "uniprot_id": "P07900", "roc_auc": 0.9981773750127279, "accuracy": 0.9922229423201555, "f1_score": 0.9921460890568026, "cohen_kappa": 0.9519391998172672, "mcc": 0.9522141723786174, "data_info": {"train_count": 6168, "test_count": 1543, "actives_count": 701, "decoys_count": 7010}}}