{"xgb": {"protein_name": "muscarinic_acetylcholine_receptor_m2", "uniprot_id": "P08172", "roc_auc": 0.9855549583445309, "accuracy": 0.9754098360655737, "f1_score": 0.9752205600306867, "cohen_kappa": 0.9438669438669439, "mcc": 0.9447677900050395, "data_info": {"train_count": 1464, "test_count": 366, "actives_count": 610, "decoys_count": 1220}}, "rf": {"protein_name": "muscarinic_acetylcholine_receptor_m2", "uniprot_id": "P08172", "roc_auc": 0.9904427573233002, "accuracy": 0.9808743169398907, "f1_score": 0.9807712437160696, "cohen_kappa": 0.9565217391304348, "mcc": 0.9569833408227624, "data_info": {"train_count": 1464, "test_count": 366, "actives_count": 610, "decoys_count": 1220}}, "svc": {"protein_name": "muscarinic_acetylcholine_receptor_m2", "uniprot_id": "P08172", "roc_auc": 0.9855045686643376, "accuracy": 0.9480874316939891, "f1_score": 0.9484335699475143, "cohen_kappa": 0.8848484848484849, "mcc": 0.8856458437177662, "data_info": {"train_count": 1464, "test_count": 366, "actives_count": 610, "decoys_count": 1220}}, "ann": {"protein_name": "muscarinic_acetylcholine_receptor_m2", "uniprot_id": "P08172", "roc_auc": 0.984849502821822, "accuracy": 0.9617486338797814, "f1_score": 0.9614987695483052, "cohen_kappa": 0.9128630705394191, "mcc": 0.9135002783911397, "data_info": {"train_count": 1464, "test_count": 366, "actives_count": 610, "decoys_count": 1220}}}