{"xgb": {"protein_name": "muscarinic_acetylcholine_receptor_m4", "uniprot_id": "P08173", "roc_auc": 0.9876246545716689, "accuracy": 0.9843400447427293, "f1_score": 0.9838795237167084, "cohen_kappa": 0.9005624940413767, "mcc": 0.9028427061347939, "data_info": {"train_count": 1786, "test_count": 447, "actives_count": 203, "decoys_count": 2030}}, "rf": {"protein_name": "muscarinic_acetylcholine_receptor_m4", "uniprot_id": "P08173", "roc_auc": 0.9924005767151267, "accuracy": 0.9753914988814317, "f1_score": 0.9740094186457502, "cohen_kappa": 0.8361382344119705, "mcc": 0.8437556286140103, "data_info": {"train_count": 1786, "test_count": 447, "actives_count": 203, "decoys_count": 2030}}, "svc": {"protein_name": "muscarinic_acetylcholine_receptor_m4", "uniprot_id": "P08173", "roc_auc": 0.9700528655532861, "accuracy": 0.9440715883668904, "f1_score": 0.9469951548080235, "cohen_kappa": 0.7004583590210953, "mcc": 0.7066225441241925, "data_info": {"train_count": 1786, "test_count": 447, "actives_count": 203, "decoys_count": 2030}}, "mlp": {"protein_name": "muscarinic_acetylcholine_receptor_m4", "uniprot_id": "P08173", "roc_auc": 0.98996755977412, "accuracy": 0.9821029082774049, "f1_score": 0.9816878739105348, "cohen_kappa": 0.8876602161347072, "mcc": 0.8890638475946773, "data_info": {"train_count": 1786, "test_count": 447, "actives_count": 203, "decoys_count": 2030}}}