{"xgb": {"protein_name": "heat_shock_protein_hsp_90_beta", "uniprot_id": "P08238", "roc_auc": 0.9998886166184006, "accuracy": 0.9972862957937585, "f1_score": 0.9972862957937585, "cohen_kappa": 0.9835820895522388, "mcc": 0.9835820895522388, "data_info": {"train_count": 2948, "test_count": 737, "actives_count": 335, "decoys_count": 3350}}, "rf": {"protein_name": "heat_shock_protein_hsp_90_beta", "uniprot_id": "P08238", "roc_auc": 0.9999108932947205, "accuracy": 0.9972862957937585, "f1_score": 0.9972677595628416, "cohen_kappa": 0.983358547655068, "mcc": 0.9834947405868039, "data_info": {"train_count": 2948, "test_count": 737, "actives_count": 335, "decoys_count": 3350}}, "svc": {"protein_name": "heat_shock_protein_hsp_90_beta", "uniprot_id": "P08238", "roc_auc": 0.9991980396524839, "accuracy": 0.9986431478968792, "f1_score": 0.9986476666088315, "cohen_kappa": 0.9918458117123795, "mcc": 0.9918787876609545, "data_info": {"train_count": 2948, "test_count": 737, "actives_count": 335, "decoys_count": 3350}}, "ann": {"protein_name": "heat_shock_protein_hsp_90_beta", "uniprot_id": "P08238", "roc_auc": 0.9885275116952551, "accuracy": 0.9905020352781547, "f1_score": 0.9906550755309949, "cohen_kappa": 0.9444043321299639, "mcc": 0.9451498667812909, "data_info": {"train_count": 2948, "test_count": 737, "actives_count": 335, "decoys_count": 3350}}}