{"xgb": {"protein_name": "cathepsin_g", "uniprot_id": "P08311", "roc_auc": 0.9879201680672269, "accuracy": 0.9466666666666667, "f1_score": 0.9399694789622847, "cohen_kappa": 0.6098829648894668, "mcc": 0.6377936641876266, "data_info": {"train_count": 598, "test_count": 150, "actives_count": 68, "decoys_count": 680}}, "rf": {"protein_name": "cathepsin_g", "uniprot_id": "P08311", "roc_auc": 0.9881827731092436, "accuracy": 0.9733333333333334, "f1_score": 0.9713043478260869, "cohen_kappa": 0.8192771084337349, "mcc": 0.8329931278350429, "data_info": {"train_count": 598, "test_count": 150, "actives_count": 68, "decoys_count": 680}}, "svc": {"protein_name": "cathepsin_g", "uniprot_id": "P08311", "roc_auc": 0.9327731092436975, "accuracy": 0.9533333333333334, "f1_score": 0.9540518301734742, "cohen_kappa": 0.732824427480916, "mcc": 0.733358797622569, "data_info": {"train_count": 598, "test_count": 150, "actives_count": 68, "decoys_count": 680}}, "ann": {"protein_name": "cathepsin_g", "uniprot_id": "P08311", "roc_auc": 0.993172268907563, "accuracy": 0.98, "f1_score": 0.9796662596662598, "cohen_kappa": 0.877916440586001, "mcc": 0.8786442788114882, "data_info": {"train_count": 598, "test_count": 150, "actives_count": 68, "decoys_count": 680}}}