{"xgb": {"protein_name": "coagulation_factor_vii", "uniprot_id": "P08709", "roc_auc": 0.9997225305216426, "accuracy": 0.995764955002647, "f1_score": 0.9955966993329427, "cohen_kappa": 0.916208303761533, "mcc": 0.9194417115967846, "data_info": {"train_count": 7555, "test_count": 1889, "actives_count": 264, "decoys_count": 9180}}, "rf": {"protein_name": "coagulation_factor_vii", "uniprot_id": "P08709", "roc_auc": 0.9999486167632672, "accuracy": 0.9978824775013234, "f1_score": 0.9978421095320352, "cohen_kappa": 0.9596978942203068, "mcc": 0.9604782442888834, "data_info": {"train_count": 7555, "test_count": 1889, "actives_count": 264, "decoys_count": 9180}}, "svc": {"protein_name": "coagulation_factor_vii", "uniprot_id": "P08709", "roc_auc": 0.9993834011592059, "accuracy": 0.9968237162519852, "f1_score": 0.9968522608142782, "cohen_kappa": 0.9428101442108768, "mcc": 0.9429815036902449, "data_info": {"train_count": 7555, "test_count": 1889, "actives_count": 264, "decoys_count": 9180}}, "mlp": {"protein_name": "coagulation_factor_vii", "uniprot_id": "P08709", "roc_auc": 0.9996711472849098, "accuracy": 0.9973530968766543, "f1_score": 0.9973408528950328, "cohen_kappa": 0.9510197943298087, "mcc": 0.9510654286955924, "data_info": {"train_count": 7555, "test_count": 1889, "actives_count": 264, "decoys_count": 9180}}}