{"xgb": {"protein_name": "glutathione_s_transferase_p", "uniprot_id": "P09211", "roc_auc": 1.0, "accuracy": 0.948051948051948, "f1_score": 0.9383838383838384, "cohen_kappa": 0.5769230769230769, "mcc": 0.6367145399670133, "data_info": {"train_count": 308, "test_count": 77, "actives_count": 35, "decoys_count": 350}}, "rf": {"protein_name": "glutathione_s_transferase_p", "uniprot_id": "P09211", "roc_auc": 1.0, "accuracy": 0.987012987012987, "f1_score": 0.9865595397510291, "cohen_kappa": 0.916030534351145, "mcc": 0.9192771195538434, "data_info": {"train_count": 308, "test_count": 77, "actives_count": 35, "decoys_count": 350}}, "svc": {"protein_name": "glutathione_s_transferase_p", "uniprot_id": "P09211", "roc_auc": 0.9979591836734695, "accuracy": 0.987012987012987, "f1_score": 0.9865595397510291, "cohen_kappa": 0.916030534351145, "mcc": 0.9192771195538434, "data_info": {"train_count": 308, "test_count": 77, "actives_count": 35, "decoys_count": 350}}, "ann": {"protein_name": "glutathione_s_transferase_p", "uniprot_id": "P09211", "roc_auc": 0.9938775510204082, "accuracy": 0.974025974025974, "f1_score": 0.972044387537345, "cohen_kappa": 0.819672131147541, "mcc": 0.8333333333333334, "data_info": {"train_count": 308, "test_count": 77, "actives_count": 35, "decoys_count": 350}}}