{"xgb": {"protein_name": "fructose_1_6_bisphosphatase_1", "uniprot_id": "P09467", "roc_auc": 0.9980852885371836, "accuracy": 0.9961389961389961, "f1_score": 0.995994318766596, "cohen_kappa": 0.9211087420042644, "mcc": 0.9239886042108217, "data_info": {"train_count": 7252, "test_count": 1813, "actives_count": 245, "decoys_count": 8820}}, "rf": {"protein_name": "fructose_1_6_bisphosphatase_1", "uniprot_id": "P09467", "roc_auc": 1.0, "accuracy": 0.9988968560397132, "f1_score": 0.9988856774621648, "cohen_kappa": 0.9786003470213996, "mcc": 0.9788244966506959, "data_info": {"train_count": 7252, "test_count": 1813, "actives_count": 245, "decoys_count": 8820}}, "svc": {"protein_name": "fructose_1_6_bisphosphatase_1", "uniprot_id": "P09467", "roc_auc": 0.9996991994076542, "accuracy": 0.9983452840595698, "f1_score": 0.9983369890414029, "cohen_kappa": 0.9682221586029202, "mcc": 0.9682764821159846, "data_info": {"train_count": 7252, "test_count": 1813, "actives_count": 245, "decoys_count": 8820}}, "ann": {"protein_name": "fructose_1_6_bisphosphatase_1", "uniprot_id": "P09467", "roc_auc": 0.9954764218612615, "accuracy": 0.9977937120794264, "f1_score": 0.9978151492388587, "cohen_kappa": 0.9588660366870484, "mcc": 0.959068901567195, "data_info": {"train_count": 7252, "test_count": 1813, "actives_count": 245, "decoys_count": 8820}}}