{"xgb": {"protein_name": "leukotriene_a_4_hydrolase", "uniprot_id": "P09960", "roc_auc": 0.9953131509512567, "accuracy": 0.9928057553956835, "f1_score": 0.9926721089601775, "cohen_kappa": 0.9549692235700659, "mcc": 0.9559389279387811, "data_info": {"train_count": 3335, "test_count": 834, "actives_count": 379, "decoys_count": 3790}}, "rf": {"protein_name": "leukotriene_a_4_hydrolase", "uniprot_id": "P09960", "roc_auc": 0.9939331342869047, "accuracy": 0.9940047961630696, "f1_score": 0.9939126909638413, "cohen_kappa": 0.9627032538504194, "mcc": 0.9633735360954107, "data_info": {"train_count": 3335, "test_count": 834, "actives_count": 379, "decoys_count": 3790}}, "svc": {"protein_name": "leukotriene_a_4_hydrolase", "uniprot_id": "P09960", "roc_auc": 0.9984377169837523, "accuracy": 0.9964028776978417, "f1_score": 0.9964134458304061, "cohen_kappa": 0.9784120519767382, "mcc": 0.9784373851085599, "data_info": {"train_count": 3335, "test_count": 834, "actives_count": 379, "decoys_count": 3790}}, "ann": {"protein_name": "leukotriene_a_4_hydrolase", "uniprot_id": "P09960", "roc_auc": 0.9978128037772532, "accuracy": 0.9964028776978417, "f1_score": 0.9963921523007642, "cohen_kappa": 0.9781549583529782, "mcc": 0.9781808916766667, "data_info": {"train_count": 3335, "test_count": 834, "actives_count": 379, "decoys_count": 3790}}}