{"xgb": {"protein_name": "furin", "uniprot_id": "P09958", "roc_auc": 1.0, "accuracy": 0.9937888198757764, "f1_score": 0.9936923298467781, "cohen_kappa": 0.9621087314662273, "mcc": 0.962800149036199, "data_info": {"train_count": 642, "test_count": 161, "actives_count": 73, "decoys_count": 730}}, "rf": {"protein_name": "furin", "uniprot_id": "P09958", "roc_auc": 1.0, "accuracy": 0.9875776397515528, "f1_score": 0.9871762369544091, "cohen_kappa": 0.9218067022826615, "mcc": 0.9246377425537825, "data_info": {"train_count": 642, "test_count": 161, "actives_count": 73, "decoys_count": 730}}, "svc": {"protein_name": "furin", "uniprot_id": "P09958", "roc_auc": 0.9972602739726028, "accuracy": 0.9875776397515528, "f1_score": 0.9879230027843221, "cohen_kappa": 0.9306333476949591, "mcc": 0.9328804395982435, "data_info": {"train_count": 642, "test_count": 161, "actives_count": 73, "decoys_count": 730}}, "ann": {"protein_name": "furin", "uniprot_id": "P09958", "roc_auc": 0.9867579908675799, "accuracy": 0.9813664596273292, "f1_score": 0.9816349842086891, "cohen_kappa": 0.8929283972511638, "mcc": 0.8934976536057037, "data_info": {"train_count": 642, "test_count": 161, "actives_count": 73, "decoys_count": 730}}}