{"xgb": {"protein_name": "cytosolic_phospholipase_a2_beta", "uniprot_id": "P0C869", "roc_auc": 1.0, "accuracy": 0.9655172413793104, "f1_score": 0.9615261813537676, "cohen_kappa": 0.7327188940092166, "mcc": 0.7603826787755086, "data_info": {"train_count": 228, "test_count": 58, "actives_count": 26, "decoys_count": 260}}, "rf": {"protein_name": "cytosolic_phospholipase_a2_beta", "uniprot_id": "P0C869", "roc_auc": 0.9962264150943396, "accuracy": 0.9827586206896551, "f1_score": 0.9818813334765639, "cohen_kappa": 0.8796680497925311, "mcc": 0.8861067572167505, "data_info": {"train_count": 228, "test_count": 58, "actives_count": 26, "decoys_count": 260}}, "svc": {"protein_name": "cytosolic_phospholipase_a2_beta", "uniprot_id": "P0C869", "roc_auc": 0.9811320754716981, "accuracy": 0.9655172413793104, "f1_score": 0.9680592396109636, "cohen_kappa": 0.8146964856230032, "mcc": 0.8290546039846471, "data_info": {"train_count": 228, "test_count": 58, "actives_count": 26, "decoys_count": 260}}, "ann": {"protein_name": "cytosolic_phospholipase_a2_beta", "uniprot_id": "P0C869", "roc_auc": 1.0, "accuracy": 0.9655172413793104, "f1_score": 0.9615261813537676, "cohen_kappa": 0.7327188940092166, "mcc": 0.7603826787755086, "data_info": {"train_count": 228, "test_count": 58, "actives_count": 26, "decoys_count": 260}}}