{"xgb": {"protein_name": "mast_stem_cell_growth_factor_receptor_kit", "uniprot_id": "P10721", "roc_auc": 0.9977880060773974, "accuracy": 0.9904761904761905, "f1_score": 0.9903778081648088, "cohen_kappa": 0.9413401133293049, "mcc": 0.9416377259604843, "data_info": {"train_count": 2939, "test_count": 735, "actives_count": 334, "decoys_count": 3340}}, "rf": {"protein_name": "mast_stem_cell_growth_factor_receptor_kit", "uniprot_id": "P10721", "roc_auc": 0.997486370542497, "accuracy": 0.9904761904761905, "f1_score": 0.9903093755754909, "cohen_kappa": 0.940525044216075, "mcc": 0.9413748914749968, "data_info": {"train_count": 2939, "test_count": 735, "actives_count": 334, "decoys_count": 3340}}, "svc": {"protein_name": "mast_stem_cell_growth_factor_receptor_kit", "uniprot_id": "P10721", "roc_auc": 0.9826838859594245, "accuracy": 0.9904761904761905, "f1_score": 0.9905078968749381, "cohen_kappa": 0.9429050192536038, "mcc": 0.9429363852727731, "data_info": {"train_count": 2939, "test_count": 735, "actives_count": 334, "decoys_count": 3340}}, "mlp": {"protein_name": "mast_stem_cell_growth_factor_receptor_kit", "uniprot_id": "P10721", "roc_auc": 0.9632451514880686, "accuracy": 0.9877551020408163, "f1_score": 0.9876286104976113, "cohen_kappa": 0.9245801457091063, "mcc": 0.9248724595349004, "data_info": {"train_count": 2939, "test_count": 735, "actives_count": 334, "decoys_count": 3340}}}