{"xgb": {"protein_name": "thyroid_hormone_receptor_beta", "uniprot_id": "P10828", "roc_auc": 0.9985190248348144, "accuracy": 0.9891304347826086, "f1_score": 0.9889485796103406, "cohen_kappa": 0.9323210922787194, "mcc": 0.9330907226586027, "data_info": {"train_count": 1839, "test_count": 460, "actives_count": 209, "decoys_count": 2090}}, "rf": {"protein_name": "thyroid_hormone_receptor_beta", "uniprot_id": "P10828", "roc_auc": 0.9997721576668945, "accuracy": 0.9956521739130435, "f1_score": 0.9956043399803097, "cohen_kappa": 0.9732246798603027, "mcc": 0.9735737285838509, "data_info": {"train_count": 1839, "test_count": 460, "actives_count": 209, "decoys_count": 2090}}, "svc": {"protein_name": "thyroid_hormone_receptor_beta", "uniprot_id": "P10828", "roc_auc": 0.9997151970836181, "accuracy": 0.9978260869565218, "f1_score": 0.9978142897286513, "cohen_kappa": 0.9867572547213266, "mcc": 0.9868437900624246, "data_info": {"train_count": 1839, "test_count": 460, "actives_count": 209, "decoys_count": 2090}}, "ann": {"protein_name": "thyroid_hormone_receptor_beta", "uniprot_id": "P10828", "roc_auc": 0.9994873547505126, "accuracy": 0.9978260869565218, "f1_score": 0.9978142897286513, "cohen_kappa": 0.9867572547213266, "mcc": 0.9868437900624246, "data_info": {"train_count": 1839, "test_count": 460, "actives_count": 209, "decoys_count": 2090}}}