{"xgb": {"protein_name": "muscarinic_acetylcholine_receptor_m1", "uniprot_id": "P11229", "roc_auc": 0.9701046337817638, "accuracy": 0.9520958083832335, "f1_score": 0.9519849910568473, "cohen_kappa": 0.8915628424171097, "mcc": 0.8916447564088239, "data_info": {"train_count": 1334, "test_count": 334, "actives_count": 556, "decoys_count": 1112}}, "rf": {"protein_name": "muscarinic_acetylcholine_receptor_m1", "uniprot_id": "P11229", "roc_auc": 0.9735385609825072, "accuracy": 0.9491017964071856, "f1_score": 0.9486664742285026, "cohen_kappa": 0.8834612700628053, "mcc": 0.8844802066364594, "data_info": {"train_count": 1334, "test_count": 334, "actives_count": 556, "decoys_count": 1112}}, "svc": {"protein_name": "muscarinic_acetylcholine_receptor_m1", "uniprot_id": "P11229", "roc_auc": 0.9587524744475417, "accuracy": 0.9221556886227545, "f1_score": 0.9232032639053344, "cohen_kappa": 0.8299721972040569, "mcc": 0.8334726446107062, "data_info": {"train_count": 1334, "test_count": 334, "actives_count": 556, "decoys_count": 1112}}, "ann": {"protein_name": "muscarinic_acetylcholine_receptor_m1", "uniprot_id": "P11229", "roc_auc": 0.9804872136710701, "accuracy": 0.937125748502994, "f1_score": 0.9370538282055949, "cohen_kappa": 0.8579989472405556, "mcc": 0.8580185634997679, "data_info": {"train_count": 1334, "test_count": 334, "actives_count": 556, "decoys_count": 1112}}}