{"xgb": {"protein_name": "dna_topoisomerase_1", "uniprot_id": "P11387", "roc_auc": 0.999965088674766, "accuracy": 0.9961941008563273, "f1_score": 0.9960514331923674, "cohen_kappa": 0.9211375403316575, "mcc": 0.92401538051305, "data_info": {"train_count": 4203, "test_count": 1051, "actives_count": 142, "decoys_count": 5112}}, "rf": {"protein_name": "dna_topoisomerase_1", "uniprot_id": "P11387", "roc_auc": 1.0, "accuracy": 0.9980970504281637, "f1_score": 0.9980627397958735, "cohen_kappa": 0.9619877753264132, "mcc": 0.962683531531278, "data_info": {"train_count": 4203, "test_count": 1051, "actives_count": 142, "decoys_count": 5112}}, "svc": {"protein_name": "dna_topoisomerase_1", "uniprot_id": "P11387", "roc_auc": 0.9991621281943862, "accuracy": 0.9980970504281637, "f1_score": 0.9981289289105989, "cohen_kappa": 0.9645399642363103, "mcc": 0.9651469498135717, "data_info": {"train_count": 4203, "test_count": 1051, "actives_count": 142, "decoys_count": 5112}}, "ann": {"protein_name": "dna_topoisomerase_1", "uniprot_id": "P11387", "roc_auc": 0.9990923055439185, "accuracy": 0.9961941008563273, "f1_score": 0.9960514331923674, "cohen_kappa": 0.9211375403316575, "mcc": 0.92401538051305, "data_info": {"train_count": 4203, "test_count": 1051, "actives_count": 142, "decoys_count": 5112}}}