{"xgb": {"protein_name": "cytochrome_p450_2a6", "uniprot_id": "P11509", "roc_auc": 0.9801587301587301, "accuracy": 0.927536231884058, "f1_score": 0.9030392110378834, "cohen_kappa": 0.2675159235668789, "mcc": 0.39295262399668784, "data_info": {"train_count": 272, "test_count": 69, "actives_count": 31, "decoys_count": 310}}, "rf": {"protein_name": "cytochrome_p450_2a6", "uniprot_id": "P11509", "roc_auc": 1.0, "accuracy": 0.9710144927536232, "f1_score": 0.9683423913043477, "cohen_kappa": 0.7850467289719626, "mcc": 0.8038369524685003, "data_info": {"train_count": 272, "test_count": 69, "actives_count": 31, "decoys_count": 310}}, "svc": {"protein_name": "cytochrome_p450_2a6", "uniprot_id": "P11509", "roc_auc": 1.0, "accuracy": 0.9855072463768116, "f1_score": 0.9849055429336154, "cohen_kappa": 0.9012875536480687, "mcc": 0.90571104663684, "data_info": {"train_count": 272, "test_count": 69, "actives_count": 31, "decoys_count": 310}}, "mlp": {"protein_name": "cytochrome_p450_2a6", "uniprot_id": "P11509", "roc_auc": 0.9867724867724869, "accuracy": 0.9710144927536232, "f1_score": 0.9683423913043477, "cohen_kappa": 0.7850467289719626, "mcc": 0.8038369524685003, "data_info": {"train_count": 272, "test_count": 69, "actives_count": 31, "decoys_count": 310}}}