{"xgb": {"protein_name": "inosine_5_monophosphate_dehydrogenase_2", "uniprot_id": "P12268", "roc_auc": 0.9999002770083103, "accuracy": 0.9971291866028709, "f1_score": 0.9971223469382333, "cohen_kappa": 0.9825489159175039, "mcc": 0.9825655399936553, "data_info": {"train_count": 4180, "test_count": 1045, "actives_count": 475, "decoys_count": 4750}}, "rf": {"protein_name": "inosine_5_monophosphate_dehydrogenase_2", "uniprot_id": "P12268", "roc_auc": 0.9996675900277008, "accuracy": 0.9980861244019139, "f1_score": 0.9980861244019139, "cohen_kappa": 0.988421052631579, "mcc": 0.988421052631579, "data_info": {"train_count": 4180, "test_count": 1045, "actives_count": 475, "decoys_count": 4750}}, "svc": {"protein_name": "inosine_5_monophosphate_dehydrogenase_2", "uniprot_id": "P12268", "roc_auc": 0.9999445983379501, "accuracy": 0.9980861244019139, "f1_score": 0.9980861244019139, "cohen_kappa": 0.988421052631579, "mcc": 0.988421052631579, "data_info": {"train_count": 4180, "test_count": 1045, "actives_count": 475, "decoys_count": 4750}}, "ann": {"protein_name": "inosine_5_monophosphate_dehydrogenase_2", "uniprot_id": "P12268", "roc_auc": 0.9993795013850414, "accuracy": 0.9980861244019139, "f1_score": 0.9980861244019139, "cohen_kappa": 0.988421052631579, "mcc": 0.988421052631579, "data_info": {"train_count": 4180, "test_count": 1045, "actives_count": 475, "decoys_count": 4750}}}