{"xgb": {"protein_name": "angiotensin_converting_enzyme", "uniprot_id": "P12821", "roc_auc": 0.9953134462894888, "accuracy": 0.9969788519637462, "f1_score": 0.9969671023846903, "cohen_kappa": 0.9424476514568171, "mcc": 0.9424795065793992, "data_info": {"train_count": 9264, "test_count": 2317, "actives_count": 313, "decoys_count": 11268}}, "rf": {"protein_name": "angiotensin_converting_enzyme", "uniprot_id": "P12821", "roc_auc": 0.9996760609005507, "accuracy": 0.9995684074233924, "f1_score": 0.9995667289120986, "cohen_kappa": 0.9917782359224024, "mcc": 0.991811758439256, "data_info": {"train_count": 9264, "test_count": 2317, "actives_count": 313, "decoys_count": 11268}}, "svc": {"protein_name": "angiotensin_converting_enzyme", "uniprot_id": "P12821", "roc_auc": 0.999035224855988, "accuracy": 0.9948208890807078, "f1_score": 0.9949708857525064, "cohen_kappa": 0.9077908812331693, "mcc": 0.9095109826290728, "data_info": {"train_count": 9264, "test_count": 2317, "actives_count": 313, "decoys_count": 11268}}, "ann": {"protein_name": "angiotensin_converting_enzyme", "uniprot_id": "P12821", "roc_auc": 0.9999507049196491, "accuracy": 0.9991368148467846, "f1_score": 0.999130045069798, "cohen_kappa": 0.9834276272968507, "mcc": 0.9835627011413345, "data_info": {"train_count": 9264, "test_count": 2317, "actives_count": 313, "decoys_count": 11268}}}