{"xgb": {"protein_name": "bone_morphogenetic_protein_1", "uniprot_id": "P13497", "roc_auc": 0.9998838829540176, "accuracy": 0.9941256213285133, "f1_score": 0.9937776073600929, "cohen_kappa": 0.8755402312773901, "mcc": 0.8824012050843878, "data_info": {"train_count": 8850, "test_count": 2213, "actives_count": 299, "decoys_count": 10764}}, "rf": {"protein_name": "bone_morphogenetic_protein_1", "uniprot_id": "P13497", "roc_auc": 1.0, "accuracy": 0.9990962494351558, "f1_score": 0.9990888003163177, "cohen_kappa": 0.9825867319238002, "mcc": 0.9827357367211823, "data_info": {"train_count": 8850, "test_count": 2213, "actives_count": 299, "decoys_count": 10764}}, "svc": {"protein_name": "bone_morphogenetic_protein_1", "uniprot_id": "P13497", "roc_auc": 1.0, "accuracy": 1.0, "f1_score": 1.0, "cohen_kappa": 1.0, "mcc": 1.0, "data_info": {"train_count": 8850, "test_count": 2213, "actives_count": 299, "decoys_count": 10764}}, "mlp": {"protein_name": "bone_morphogenetic_protein_1", "uniprot_id": "P13497", "roc_auc": 0.9998761418176187, "accuracy": 0.9986443741527339, "f1_score": 0.9986388356205337, "cohen_kappa": 0.9740934259971046, "mcc": 0.9741297482155064, "data_info": {"train_count": 8850, "test_count": 2213, "actives_count": 299, "decoys_count": 10764}}}