{"xgb": {"protein_name": "cathepsin_e", "uniprot_id": "P14091", "roc_auc": 0.9988052568697731, "accuracy": 0.9901960784313726, "f1_score": 0.9899339414910349, "cohen_kappa": 0.9358490566037736, "mcc": 0.9377806908406011, "data_info": {"train_count": 404, "test_count": 102, "actives_count": 46, "decoys_count": 460}}, "rf": {"protein_name": "cathepsin_e", "uniprot_id": "P14091", "roc_auc": 1.0, "accuracy": 0.9901960784313726, "f1_score": 0.9899339414910349, "cohen_kappa": 0.9358490566037736, "mcc": 0.9377806908406011, "data_info": {"train_count": 404, "test_count": 102, "actives_count": 46, "decoys_count": 460}}, "svc": {"protein_name": "cathepsin_e", "uniprot_id": "P14091", "roc_auc": 0.9988052568697731, "accuracy": 0.9803921568627451, "f1_score": 0.9803921568627451, "cohen_kappa": 0.8781362007168458, "mcc": 0.8781362007168458, "data_info": {"train_count": 404, "test_count": 102, "actives_count": 46, "decoys_count": 460}}, "mlp": {"protein_name": "cathepsin_e", "uniprot_id": "P14091", "roc_auc": 0.9354838709677419, "accuracy": 0.9607843137254902, "f1_score": 0.9585419274092617, "cohen_kappa": 0.7290836653386454, "mcc": 0.7358660941786399, "data_info": {"train_count": 404, "test_count": 102, "actives_count": 46, "decoys_count": 460}}}