{"xgb": {"protein_name": "perforin_1", "uniprot_id": "P14222", "roc_auc": 0.9962264150943396, "accuracy": 0.9482758620689655, "f1_score": 0.9379039182898721, "cohen_kappa": 0.5492227979274611, "mcc": 0.615281584781658, "data_info": {"train_count": 228, "test_count": 58, "actives_count": 26, "decoys_count": 260}}, "rf": {"protein_name": "perforin_1", "uniprot_id": "P14222", "roc_auc": 1.0, "accuracy": 0.9827586206896551, "f1_score": 0.9818813334765639, "cohen_kappa": 0.8796680497925311, "mcc": 0.8861067572167505, "data_info": {"train_count": 228, "test_count": 58, "actives_count": 26, "decoys_count": 260}}, "svc": {"protein_name": "perforin_1", "uniprot_id": "P14222", "roc_auc": 0.9962264150943396, "accuracy": 0.9827586206896551, "f1_score": 0.9818813334765639, "cohen_kappa": 0.8796680497925311, "mcc": 0.8861067572167505, "data_info": {"train_count": 228, "test_count": 58, "actives_count": 26, "decoys_count": 260}}, "mlp": {"protein_name": "perforin_1", "uniprot_id": "P14222", "roc_auc": 0.9962264150943396, "accuracy": 0.9655172413793104, "f1_score": 0.9615261813537676, "cohen_kappa": 0.7327188940092166, "mcc": 0.7603826787755086, "data_info": {"train_count": 228, "test_count": 58, "actives_count": 26, "decoys_count": 260}}}