{"xgb": {"protein_name": "phospholipase_a2_membrane_associated", "uniprot_id": "P14555", "roc_auc": 0.9868317610062893, "accuracy": 0.9885714285714285, "f1_score": 0.9882261904761904, "cohen_kappa": 0.9271137026239067, "mcc": 0.9295861631837087, "data_info": {"train_count": 1399, "test_count": 350, "actives_count": 159, "decoys_count": 1590}}, "rf": {"protein_name": "phospholipase_a2_membrane_associated", "uniprot_id": "P14555", "roc_auc": 0.9966096698113208, "accuracy": 0.9885714285714285, "f1_score": 0.9882261904761904, "cohen_kappa": 0.9271137026239067, "mcc": 0.9295861631837087, "data_info": {"train_count": 1399, "test_count": 350, "actives_count": 159, "decoys_count": 1590}}, "svc": {"protein_name": "phospholipase_a2_membrane_associated", "uniprot_id": "P14555", "roc_auc": 1.0, "accuracy": 0.9942857142857143, "f1_score": 0.9942025049477775, "cohen_kappa": 0.9646107178968655, "mcc": 0.9652153257175313, "data_info": {"train_count": 1399, "test_count": 350, "actives_count": 159, "decoys_count": 1590}}, "ann": {"protein_name": "phospholipase_a2_membrane_associated", "uniprot_id": "P14555", "roc_auc": 0.9775943396226415, "accuracy": 0.9885714285714285, "f1_score": 0.9882261904761904, "cohen_kappa": 0.9271137026239067, "mcc": 0.9295861631837087, "data_info": {"train_count": 1399, "test_count": 350, "actives_count": 159, "decoys_count": 1590}}}