{"xgb": {"protein_name": "endoplasmin", "uniprot_id": "P14625", "roc_auc": 0.898550724637681, "accuracy": 0.9142857142857143, "f1_score": 0.9133342143517906, "cohen_kappa": 0.8059149722735675, "mcc": 0.8076068411284698, "data_info": {"train_count": 139, "test_count": 35, "actives_count": 58, "decoys_count": 116}}, "rf": {"protein_name": "endoplasmin", "uniprot_id": "P14625", "roc_auc": 0.9927536231884058, "accuracy": 0.9428571428571428, "f1_score": 0.9414502164502165, "cohen_kappa": 0.8679245283018868, "mcc": 0.8755950357709131, "data_info": {"train_count": 139, "test_count": 35, "actives_count": 58, "decoys_count": 116}}, "svc": {"protein_name": "endoplasmin", "uniprot_id": "P14625", "roc_auc": 0.9855072463768115, "accuracy": 0.9714285714285714, "f1_score": 0.9711114047839302, "cohen_kappa": 0.9353049907578558, "mcc": 0.9372684899334994, "data_info": {"train_count": 139, "test_count": 35, "actives_count": 58, "decoys_count": 116}}, "ann": {"protein_name": "endoplasmin", "uniprot_id": "P14625", "roc_auc": 0.9420289855072463, "accuracy": 0.9428571428571428, "f1_score": 0.9414502164502165, "cohen_kappa": 0.8679245283018868, "mcc": 0.8755950357709131, "data_info": {"train_count": 139, "test_count": 35, "actives_count": 58, "decoys_count": 116}}}