{"xgb": {"protein_name": "d_amino_acid_oxidase", "uniprot_id": "P14920", "roc_auc": 0.9939555555555556, "accuracy": 0.9837837837837838, "f1_score": 0.9803758894667987, "cohen_kappa": 0.5647058823529412, "mcc": 0.62725004818718, "data_info": {"train_count": 3700, "test_count": 925, "actives_count": 125, "decoys_count": 4500}}, "rf": {"protein_name": "d_amino_acid_oxidase", "uniprot_id": "P14920", "roc_auc": 0.9999555555555556, "accuracy": 0.9967567567567568, "f1_score": 0.9966559471993677, "cohen_kappa": 0.9345132743362832, "mcc": 0.9365235778986736, "data_info": {"train_count": 3700, "test_count": 925, "actives_count": 125, "decoys_count": 4500}}, "svc": {"protein_name": "d_amino_acid_oxidase", "uniprot_id": "P14920", "roc_auc": 0.9992, "accuracy": 0.9967567567567568, "f1_score": 0.9968458394451403, "cohen_kappa": 0.9417322834645669, "mcc": 0.943335015983692, "data_info": {"train_count": 3700, "test_count": 925, "actives_count": 125, "decoys_count": 4500}}, "ann": {"protein_name": "d_amino_acid_oxidase", "uniprot_id": "P14920", "roc_auc": 0.9979111111111112, "accuracy": 0.9967567567567568, "f1_score": 0.9966559471993677, "cohen_kappa": 0.9345132743362832, "mcc": 0.9365235778986736, "data_info": {"train_count": 3700, "test_count": 925, "actives_count": 125, "decoys_count": 4500}}}