{"xgb": {"protein_name": "fatty_acid_binding_protein_adipocyte", "uniprot_id": "P15090", "roc_auc": 1.0, "accuracy": 1.0, "f1_score": 1.0, "cohen_kappa": 1.0, "mcc": 1.0, "data_info": {"train_count": 528, "test_count": 132, "actives_count": 60, "decoys_count": 600}}, "rf": {"protein_name": "fatty_acid_binding_protein_adipocyte", "uniprot_id": "P15090", "roc_auc": 0.9993055555555556, "accuracy": 0.9924242424242424, "f1_score": 0.9922752693815295, "cohen_kappa": 0.9523809523809523, "mcc": 0.9534625892455922, "data_info": {"train_count": 528, "test_count": 132, "actives_count": 60, "decoys_count": 600}}, "svc": {"protein_name": "fatty_acid_binding_protein_adipocyte", "uniprot_id": "P15090", "roc_auc": 0.9909722222222223, "accuracy": 0.9696969696969697, "f1_score": 0.9696969696969697, "cohen_kappa": 0.8166666666666667, "mcc": 0.8166666666666667, "data_info": {"train_count": 528, "test_count": 132, "actives_count": 60, "decoys_count": 600}}, "ann": {"protein_name": "fatty_acid_binding_protein_adipocyte", "uniprot_id": "P15090", "roc_auc": 0.9763888888888889, "accuracy": 0.9696969696969697, "f1_score": 0.9684447783621337, "cohen_kappa": 0.8018018018018018, "mcc": 0.805768139778415, "data_info": {"train_count": 528, "test_count": 132, "actives_count": 60, "decoys_count": 600}}}