{"xgb": {"protein_name": "arachidonate_15_lipoxygenase", "uniprot_id": "P16050", "roc_auc": 0.997236685185724, "accuracy": 0.9815789473684211, "f1_score": 0.9769477479688172, "cohen_kappa": 0.4809193408499566, "mcc": 0.5626595628033394, "data_info": {"train_count": 4558, "test_count": 1140, "actives_count": 154, "decoys_count": 5544}}, "rf": {"protein_name": "arachidonate_15_lipoxygenase", "uniprot_id": "P16050", "roc_auc": 0.9970912475639199, "accuracy": 0.993859649122807, "f1_score": 0.993478558500439, "cohen_kappa": 0.8696334052146638, "mcc": 0.87711886062508, "data_info": {"train_count": 4558, "test_count": 1140, "actives_count": 154, "decoys_count": 5544}}, "svc": {"protein_name": "arachidonate_15_lipoxygenase", "uniprot_id": "P16050", "roc_auc": 0.9632479129701271, "accuracy": 0.9947368421052631, "f1_score": 0.9948167038761162, "cohen_kappa": 0.903545139182672, "mcc": 0.9040125109261392, "data_info": {"train_count": 4558, "test_count": 1140, "actives_count": 154, "decoys_count": 5544}}, "ann": {"protein_name": "arachidonate_15_lipoxygenase", "uniprot_id": "P16050", "roc_auc": 0.9634078943541116, "accuracy": 0.9947368421052631, "f1_score": 0.9946514935988621, "cohen_kappa": 0.8973003813699288, "mcc": 0.8978266226717131, "data_info": {"train_count": 4558, "test_count": 1140, "actives_count": 154, "decoys_count": 5544}}}