{"xgb": {"protein_name": "ribosyldihydronicotinamide_dehydrogenase_quinone_", "uniprot_id": "P16083", "roc_auc": 1.0, "accuracy": 0.9967320261437909, "f1_score": 0.9967052508397952, "cohen_kappa": 0.9800235017626322, "mcc": 0.9802191046330191, "data_info": {"train_count": 1223, "test_count": 306, "actives_count": 139, "decoys_count": 1390}}, "rf": {"protein_name": "ribosyldihydronicotinamide_dehydrogenase_quinone_", "uniprot_id": "P16083", "roc_auc": 1.0, "accuracy": 1.0, "f1_score": 1.0, "cohen_kappa": 1.0, "mcc": 1.0, "data_info": {"train_count": 1223, "test_count": 306, "actives_count": 139, "decoys_count": 1390}}, "svc": {"protein_name": "ribosyldihydronicotinamide_dehydrogenase_quinone_", "uniprot_id": "P16083", "roc_auc": 1.0, "accuracy": 0.9934640522875817, "f1_score": 0.9935649433016911, "cohen_kappa": 0.9619118745332338, "mcc": 0.9626103599255367, "data_info": {"train_count": 1223, "test_count": 306, "actives_count": 139, "decoys_count": 1390}}, "ann": {"protein_name": "ribosyldihydronicotinamide_dehydrogenase_quinone_", "uniprot_id": "P16083", "roc_auc": 0.9974306269270299, "accuracy": 0.9869281045751634, "f1_score": 0.9867094587735533, "cohen_kappa": 0.9187682505972923, "mcc": 0.9195270121848421, "data_info": {"train_count": 1223, "test_count": 306, "actives_count": 139, "decoys_count": 1390}}}