{"xgb": {"protein_name": "tyrosine_protein_phosphatase_non_receptor_type_1", "uniprot_id": "P18031", "roc_auc": 0.9991180959918593, "accuracy": 0.9890635680109364, "f1_score": 0.9888297849540718, "cohen_kappa": 0.9310344827586207, "mcc": 0.9322824258825959, "data_info": {"train_count": 5852, "test_count": 1463, "actives_count": 665, "decoys_count": 6650}}, "rf": {"protein_name": "tyrosine_protein_phosphatase_non_receptor_type_1", "uniprot_id": "P18031", "roc_auc": 0.9988863135281814, "accuracy": 0.9904306220095693, "f1_score": 0.9901898566820031, "cohen_kappa": 0.9392265193370166, "mcc": 0.9409658158863513, "data_info": {"train_count": 5852, "test_count": 1463, "actives_count": 665, "decoys_count": 6650}}, "svc": {"protein_name": "tyrosine_protein_phosphatase_non_receptor_type_1", "uniprot_id": "P18031", "roc_auc": 0.984148340776754, "accuracy": 0.9822282980177717, "f1_score": 0.9822879242204736, "cohen_kappa": 0.8932038834951457, "mcc": 0.8932340251301202, "data_info": {"train_count": 5852, "test_count": 1463, "actives_count": 665, "decoys_count": 6650}}, "ann": {"protein_name": "tyrosine_protein_phosphatase_non_receptor_type_1", "uniprot_id": "P18031", "roc_auc": 0.9977047882865058, "accuracy": 0.9904306220095693, "f1_score": 0.9904306220095693, "cohen_kappa": 0.9421052631578948, "mcc": 0.9421052631578948, "data_info": {"train_count": 5852, "test_count": 1463, "actives_count": 665, "decoys_count": 6650}}}