{"xgb": {"protein_name": "retinoic_acid_receptor_rxr_alpha", "uniprot_id": "P19793", "roc_auc": 0.9992730637060534, "accuracy": 0.9882903981264637, "f1_score": 0.9879268670841371, "cohen_kappa": 0.9251376275465479, "mcc": 0.9277409843193178, "data_info": {"train_count": 1707, "test_count": 427, "actives_count": 194, "decoys_count": 1940}}, "rf": {"protein_name": "retinoic_acid_receptor_rxr_alpha", "uniprot_id": "P19793", "roc_auc": 1.0, "accuracy": 0.9976580796252927, "f1_score": 0.9976443793774005, "cohen_kappa": 0.9857262243021896, "mcc": 0.9858266559109574, "data_info": {"train_count": 1707, "test_count": 427, "actives_count": 194, "decoys_count": 1940}}, "svc": {"protein_name": "retinoic_acid_receptor_rxr_alpha", "uniprot_id": "P19793", "roc_auc": 0.9978191911181602, "accuracy": 0.9976580796252927, "f1_score": 0.9976713909897745, "cohen_kappa": 0.9860516773919576, "mcc": 0.9861476123796385, "data_info": {"train_count": 1707, "test_count": 427, "actives_count": 194, "decoys_count": 1940}}, "mlp": {"protein_name": "retinoic_acid_receptor_rxr_alpha", "uniprot_id": "P19793", "roc_auc": 0.9994052339413164, "accuracy": 0.990632318501171, "f1_score": 0.9908365299328086, "cohen_kappa": 0.9460518003790271, "mcc": 0.9474315112306473, "data_info": {"train_count": 1707, "test_count": 427, "actives_count": 194, "decoys_count": 1940}}}