{"xgb": {"protein_name": "substance_k_receptor", "uniprot_id": "P21452", "roc_auc": 0.9994505765424359, "accuracy": 0.9954268292682927, "f1_score": 0.9953915692600763, "cohen_kappa": 0.9718493194773242, "mcc": 0.9720205096997641, "data_info": {"train_count": 5244, "test_count": 1312, "actives_count": 596, "decoys_count": 5960}}, "rf": {"protein_name": "substance_k_receptor", "uniprot_id": "P21452", "roc_auc": 0.9981615445843048, "accuracy": 0.9946646341463414, "f1_score": 0.9946129663240888, "cohen_kappa": 0.9670309156962135, "mcc": 0.9672991712630122, "data_info": {"train_count": 5244, "test_count": 1312, "actives_count": 596, "decoys_count": 5960}}, "svc": {"protein_name": "substance_k_receptor", "uniprot_id": "P21452", "roc_auc": 0.9966964153641339, "accuracy": 0.9878048780487805, "f1_score": 0.9879826594733567, "cohen_kappa": 0.9282388574007097, "mcc": 0.928836949455854, "data_info": {"train_count": 5244, "test_count": 1312, "actives_count": 596, "decoys_count": 5960}}, "ann": {"protein_name": "substance_k_receptor", "uniprot_id": "P21452", "roc_auc": 0.9985771341227186, "accuracy": 0.9961890243902439, "f1_score": 0.996196198195897, "cohen_kappa": 0.9769831022287093, "mcc": 0.9769934540681656, "data_info": {"train_count": 5244, "test_count": 1312, "actives_count": 596, "decoys_count": 5960}}}