{"xgb": {"protein_name": "fibroblast_growth_factor_receptor_3", "uniprot_id": "P22607", "roc_auc": 0.9946120689655172, "accuracy": 0.9928774928774928, "f1_score": 0.9927466267596882, "cohen_kappa": 0.9554534609234205, "mcc": 0.9564028722882979, "data_info": {"train_count": 2807, "test_count": 702, "actives_count": 319, "decoys_count": 3190}}, "rf": {"protein_name": "fibroblast_growth_factor_receptor_3", "uniprot_id": "P22607", "roc_auc": 0.9994489615987461, "accuracy": 0.9957264957264957, "f1_score": 0.9956802256036033, "cohen_kappa": 0.9736559005278828, "mcc": 0.9739939407244086, "data_info": {"train_count": 2807, "test_count": 702, "actives_count": 319, "decoys_count": 3190}}, "svc": {"protein_name": "fibroblast_growth_factor_receptor_3", "uniprot_id": "P22607", "roc_auc": 0.994930446708464, "accuracy": 0.9957264957264957, "f1_score": 0.9956802256036033, "cohen_kappa": 0.9736559005278828, "mcc": 0.9739939407244086, "data_info": {"train_count": 2807, "test_count": 702, "actives_count": 319, "decoys_count": 3190}}, "ann": {"protein_name": "fibroblast_growth_factor_receptor_3", "uniprot_id": "P22607", "roc_auc": 0.9832239420062696, "accuracy": 0.9928774928774928, "f1_score": 0.9927466267596882, "cohen_kappa": 0.9554534609234205, "mcc": 0.9564028722882979, "data_info": {"train_count": 2807, "test_count": 702, "actives_count": 319, "decoys_count": 3190}}}