{"xgb": {"protein_name": "liver_carboxylesterase_1", "uniprot_id": "P23141", "roc_auc": 0.9962121212121212, "accuracy": 0.9861495844875346, "f1_score": 0.9856343288324492, "cohen_kappa": 0.9105239676795717, "mcc": 0.9141908092651313, "data_info": {"train_count": 1443, "test_count": 361, "actives_count": 164, "decoys_count": 1640}}, "rf": {"protein_name": "liver_carboxylesterase_1", "uniprot_id": "P23141", "roc_auc": 0.994410569105691, "accuracy": 0.9833795013850416, "f1_score": 0.9826237959344217, "cohen_kappa": 0.8910353154240869, "mcc": 0.8963726575529243, "data_info": {"train_count": 1443, "test_count": 361, "actives_count": 164, "decoys_count": 1640}}, "svc": {"protein_name": "liver_carboxylesterase_1", "uniprot_id": "P23141", "roc_auc": 0.9876201034737621, "accuracy": 0.9667590027700831, "f1_score": 0.9679906243341148, "cohen_kappa": 0.8150140917243146, "mcc": 0.8185228215926204, "data_info": {"train_count": 1443, "test_count": 361, "actives_count": 164, "decoys_count": 1640}}, "ann": {"protein_name": "liver_carboxylesterase_1", "uniprot_id": "P23141", "roc_auc": 0.9852180339985218, "accuracy": 0.9584487534626038, "f1_score": 0.9537565575313142, "cohen_kappa": 0.696008533093808, "mcc": 0.7214987071641142, "data_info": {"train_count": 1443, "test_count": 361, "actives_count": 164, "decoys_count": 1640}}}