{"xgb": {"protein_name": "ribosomal_protein_s6_kinase_beta_1", "uniprot_id": "P23443", "roc_auc": 0.9969021065675341, "accuracy": 0.9949324324324325, "f1_score": 0.9948670834213003, "cohen_kappa": 0.9686507095954247, "mcc": 0.96912704503102, "data_info": {"train_count": 2367, "test_count": 592, "actives_count": 269, "decoys_count": 2690}}, "rf": {"protein_name": "ribosomal_protein_s6_kinase_beta_1", "uniprot_id": "P23443", "roc_auc": 0.9965751067052182, "accuracy": 0.9966216216216216, "f1_score": 0.9965928840591913, "cohen_kappa": 0.9792775133015962, "mcc": 0.9794878424311899, "data_info": {"train_count": 2367, "test_count": 592, "actives_count": 269, "decoys_count": 2690}}, "svc": {"protein_name": "ribosomal_protein_s6_kinase_beta_1", "uniprot_id": "P23443", "roc_auc": 0.9995181054660608, "accuracy": 0.9932432432432432, "f1_score": 0.9932432432432432, "cohen_kappa": 0.9592454908440039, "mcc": 0.9592454908440039, "data_info": {"train_count": 2367, "test_count": 592, "actives_count": 269, "decoys_count": 2690}}, "mlp": {"protein_name": "ribosomal_protein_s6_kinase_beta_1", "uniprot_id": "P23443", "roc_auc": 0.9877116893845519, "accuracy": 0.9966216216216216, "f1_score": 0.9965928840591913, "cohen_kappa": 0.9792775133015962, "mcc": 0.9794878424311899, "data_info": {"train_count": 2367, "test_count": 592, "actives_count": 269, "decoys_count": 2690}}}