{"xgb": {"protein_name": "chymase", "uniprot_id": "P23946", "roc_auc": 0.9994200578782236, "accuracy": 0.9949376947040498, "f1_score": 0.9946810213791342, "cohen_kappa": 0.8934344595112235, "mcc": 0.8985510968574937, "data_info": {"train_count": 10271, "test_count": 2568, "actives_count": 347, "decoys_count": 12492}}, "rf": {"protein_name": "chymase", "uniprot_id": "P23946", "roc_auc": 0.999971002893911, "accuracy": 0.9976635514018691, "f1_score": 0.9976118510459263, "cohen_kappa": 0.9533489563463949, "mcc": 0.9543880488428265, "data_info": {"train_count": 10271, "test_count": 2568, "actives_count": 347, "decoys_count": 12492}}, "svc": {"protein_name": "chymase", "uniprot_id": "P23946", "roc_auc": 0.9994722526691836, "accuracy": 0.9953271028037384, "f1_score": 0.9954513815750818, "cohen_kappa": 0.9154108404565443, "mcc": 0.9168698909089995, "data_info": {"train_count": 10271, "test_count": 2568, "actives_count": 347, "decoys_count": 12492}}, "ann": {"protein_name": "chymase", "uniprot_id": "P23946", "roc_auc": 0.9989561041808027, "accuracy": 0.9988317757009346, "f1_score": 0.9988276289544011, "cohen_kappa": 0.977502102607233, "mcc": 0.9775295908753014, "data_info": {"train_count": 10271, "test_count": 2568, "actives_count": 347, "decoys_count": 12492}}}