{"xgb": {"protein_name": "endothelin_b_receptor", "uniprot_id": "P24530", "roc_auc": 1.0, "accuracy": 1.0, "f1_score": 1.0, "cohen_kappa": 1.0, "mcc": 1.0, "data_info": {"train_count": 475, "test_count": 119, "actives_count": 198, "decoys_count": 396}}, "rf": {"protein_name": "endothelin_b_receptor", "uniprot_id": "P24530", "roc_auc": 1.0, "accuracy": 0.9915966386554622, "f1_score": 0.9915698784887731, "cohen_kappa": 0.9810539722974049, "mcc": 0.9812300953395182, "data_info": {"train_count": 475, "test_count": 119, "actives_count": 198, "decoys_count": 396}}, "svc": {"protein_name": "endothelin_b_receptor", "uniprot_id": "P24530", "roc_auc": 0.9984177215189873, "accuracy": 0.9915966386554622, "f1_score": 0.991621748959079, "cohen_kappa": 0.9812863657807831, "mcc": 0.9814582342178639, "data_info": {"train_count": 475, "test_count": 119, "actives_count": 198, "decoys_count": 396}}, "mlp": {"protein_name": "endothelin_b_receptor", "uniprot_id": "P24530", "roc_auc": 0.9993670886075949, "accuracy": 0.9915966386554622, "f1_score": 0.991621748959079, "cohen_kappa": 0.9812863657807831, "mcc": 0.9814582342178639, "data_info": {"train_count": 475, "test_count": 119, "actives_count": 198, "decoys_count": 396}}}