{"xgb": {"protein_name": "cyclin_dependent_kinase_2", "uniprot_id": "P24941", "roc_auc": 0.9991014207724391, "accuracy": 0.9916963226571768, "f1_score": 0.9915175003102414, "cohen_kappa": 0.9478438408711254, "mcc": 0.9491356702401236, "data_info": {"train_count": 3370, "test_count": 843, "actives_count": 383, "decoys_count": 3830}}, "rf": {"protein_name": "cyclin_dependent_kinase_2", "uniprot_id": "P24941", "roc_auc": 0.9982282730324505, "accuracy": 0.9869513641755635, "f1_score": 0.9865845108995935, "cohen_kappa": 0.9170297862441058, "mcc": 0.9191501077768287, "data_info": {"train_count": 3370, "test_count": 843, "actives_count": 383, "decoys_count": 3830}}, "svc": {"protein_name": "cyclin_dependent_kinase_2", "uniprot_id": "P24941", "roc_auc": 0.9919636499270964, "accuracy": 0.9869513641755635, "f1_score": 0.9869891950743949, "cohen_kappa": 0.9218477408915071, "mcc": 0.9218710080498087, "data_info": {"train_count": 3370, "test_count": 843, "actives_count": 383, "decoys_count": 3830}}, "ann": {"protein_name": "cyclin_dependent_kinase_2", "uniprot_id": "P24941", "roc_auc": 0.9969312671662541, "accuracy": 0.9916963226571768, "f1_score": 0.9916718947663455, "cohen_kappa": 0.9496823704966958, "mcc": 0.9497069068195181, "data_info": {"train_count": 3370, "test_count": 843, "actives_count": 383, "decoys_count": 3830}}}