{"xgb": {"protein_name": "beta_adrenergic_receptor_kinase_1", "uniprot_id": "P25098", "roc_auc": 0.9983974358974359, "accuracy": 0.9767441860465116, "f1_score": 0.9752302451743134, "cohen_kappa": 0.8447653429602888, "mcc": 0.8551315688243534, "data_info": {"train_count": 343, "test_count": 86, "actives_count": 39, "decoys_count": 390}}, "rf": {"protein_name": "beta_adrenergic_receptor_kinase_1", "uniprot_id": "P25098", "roc_auc": 1.0000000000000002, "accuracy": 1.0, "f1_score": 1.0, "cohen_kappa": 1.0, "mcc": 1.0, "data_info": {"train_count": 343, "test_count": 86, "actives_count": 39, "decoys_count": 390}}, "svc": {"protein_name": "beta_adrenergic_receptor_kinase_1", "uniprot_id": "P25098", "roc_auc": 0.9983974358974359, "accuracy": 0.9883720930232558, "f1_score": 0.9886765809099334, "cohen_kappa": 0.9347496206373292, "mcc": 0.936745898038992, "data_info": {"train_count": 343, "test_count": 86, "actives_count": 39, "decoys_count": 390}}, "ann": {"protein_name": "beta_adrenergic_receptor_kinase_1", "uniprot_id": "P25098", "roc_auc": 0.9983974358974359, "accuracy": 0.9767441860465116, "f1_score": 0.9767441860465116, "cohen_kappa": 0.8621794871794872, "mcc": 0.8621794871794872, "data_info": {"train_count": 343, "test_count": 86, "actives_count": 39, "decoys_count": 390}}}