{"xgb": {"protein_name": "proteinase_activated_receptor_1", "uniprot_id": "P25116", "roc_auc": 0.9999630177514793, "accuracy": 0.9947552447552448, "f1_score": 0.9946848951433973, "cohen_kappa": 0.9674234945705824, "mcc": 0.9679372322933216, "data_info": {"train_count": 2288, "test_count": 572, "actives_count": 260, "decoys_count": 2600}}, "rf": {"protein_name": "proteinase_activated_receptor_1", "uniprot_id": "P25116", "roc_auc": 0.9999630177514793, "accuracy": 0.9982517482517482, "f1_score": 0.9982441012910223, "cohen_kappa": 0.9893307468477207, "mcc": 0.9893870608806261, "data_info": {"train_count": 2288, "test_count": 572, "actives_count": 260, "decoys_count": 2600}}, "svc": {"protein_name": "proteinase_activated_receptor_1", "uniprot_id": "P25116", "roc_auc": 0.9989644970414201, "accuracy": 0.9947552447552448, "f1_score": 0.9948211829266993, "cohen_kappa": 0.9690721649484536, "mcc": 0.9695359714832659, "data_info": {"train_count": 2288, "test_count": 572, "actives_count": 260, "decoys_count": 2600}}, "ann": {"protein_name": "proteinase_activated_receptor_1", "uniprot_id": "P25116", "roc_auc": 1.0, "accuracy": 0.9982517482517482, "f1_score": 0.9982441012910223, "cohen_kappa": 0.9893307468477207, "mcc": 0.9893870608806261, "data_info": {"train_count": 2288, "test_count": 572, "actives_count": 260, "decoys_count": 2600}}}