{"xgb": {"protein_name": "bromodomain_containing_protein_2", "uniprot_id": "P25440", "roc_auc": 0.9964952422459503, "accuracy": 0.9910406616126809, "f1_score": 0.9901652549856225, "cohen_kappa": 0.7956050147908156, "mcc": 0.8127636774128365, "data_info": {"train_count": 5801, "test_count": 1451, "actives_count": 196, "decoys_count": 7056}}, "rf": {"protein_name": "bromodomain_containing_protein_2", "uniprot_id": "P25440", "roc_auc": 0.9988559599041185, "accuracy": 0.9979324603721571, "f1_score": 0.9978922066115925, "cohen_kappa": 0.9589405472707208, "mcc": 0.9597498994684832, "data_info": {"train_count": 5801, "test_count": 1451, "actives_count": 196, "decoys_count": 7056}}, "svc": {"protein_name": "bromodomain_containing_protein_2", "uniprot_id": "P25440", "roc_auc": 0.9996368126679741, "accuracy": 0.9951757408683667, "f1_score": 0.9952625138147912, "cohen_kappa": 0.9111023587589164, "mcc": 0.9117643270544638, "data_info": {"train_count": 5801, "test_count": 1451, "actives_count": 196, "decoys_count": 7056}}, "ann": {"protein_name": "bromodomain_containing_protein_2", "uniprot_id": "P25440", "roc_auc": 0.999255465969347, "accuracy": 0.9972432804962095, "f1_score": 0.99717072415314, "cohen_kappa": 0.9445357593364168, "mcc": 0.9459919491106273, "data_info": {"train_count": 5801, "test_count": 1451, "actives_count": 196, "decoys_count": 7056}}}