{"xgb": {"protein_name": "cathepsin_s", "uniprot_id": "P25774", "roc_auc": 0.9997978193223149, "accuracy": 0.9956331877729258, "f1_score": 0.9955978460609866, "cohen_kappa": 0.973133711990264, "mcc": 0.9733226360037914, "data_info": {"train_count": 13736, "test_count": 3435, "actives_count": 1561, "decoys_count": 15610}}, "rf": {"protein_name": "cathepsin_s", "uniprot_id": "P25774", "roc_auc": 0.9998434895769189, "accuracy": 0.9935953420669578, "f1_score": 0.993509425479515, "cohen_kappa": 0.9601876349337304, "mcc": 0.9606974439259259, "data_info": {"train_count": 13736, "test_count": 3435, "actives_count": 1561, "decoys_count": 15610}}, "svc": {"protein_name": "cathepsin_s", "uniprot_id": "P25774", "roc_auc": 0.9910024466940894, "accuracy": 0.9854439592430859, "f1_score": 0.985485652157945, "cohen_kappa": 0.9123722701474901, "mcc": 0.912394689402878, "data_info": {"train_count": 13736, "test_count": 3435, "actives_count": 1561, "decoys_count": 15610}}, "ann": {"protein_name": "cathepsin_s", "uniprot_id": "P25774", "roc_auc": 0.9984636321091652, "accuracy": 0.9950509461426492, "f1_score": 0.9950401798692787, "cohen_kappa": 0.9699044332401012, "mcc": 0.9699181123505367, "data_info": {"train_count": 13736, "test_count": 3435, "actives_count": 1561, "decoys_count": 15610}}}