{"xgb": {"protein_name": "proteasome_subunit_beta_type_5", "uniprot_id": "P28074", "roc_auc": 0.9768395061728395, "accuracy": 0.9878787878787879, "f1_score": 0.9874860239098648, "cohen_kappa": 0.9219858156028369, "mcc": 0.9248043889897674, "data_info": {"train_count": 1980, "test_count": 495, "actives_count": 225, "decoys_count": 2250}}, "rf": {"protein_name": "proteasome_subunit_beta_type_5", "uniprot_id": "P28074", "roc_auc": 0.9853827160493827, "accuracy": 0.9939393939393939, "f1_score": 0.9938449681833803, "cohen_kappa": 0.9621993127147767, "mcc": 0.9628874897311703, "data_info": {"train_count": 1980, "test_count": 495, "actives_count": 225, "decoys_count": 2250}}, "svc": {"protein_name": "proteasome_subunit_beta_type_5", "uniprot_id": "P28074", "roc_auc": 0.9784197530864198, "accuracy": 0.9939393939393939, "f1_score": 0.9938449681833803, "cohen_kappa": 0.9621993127147767, "mcc": 0.9628874897311703, "data_info": {"train_count": 1980, "test_count": 495, "actives_count": 225, "decoys_count": 2250}}, "ann": {"protein_name": "proteasome_subunit_beta_type_5", "uniprot_id": "P28074", "roc_auc": 0.983604938271605, "accuracy": 0.9919191919191919, "f1_score": 0.9918363233219109, "cohen_kappa": 0.9501133786848073, "mcc": 0.9504090820999846, "data_info": {"train_count": 1980, "test_count": 495, "actives_count": 225, "decoys_count": 2250}}}