{"xgb": {"protein_name": "cytosol_aminopeptidase", "uniprot_id": "P28838", "roc_auc": 0.9871794871794872, "accuracy": 0.9436619718309859, "f1_score": 0.9304183308808073, "cohen_kappa": 0.4779411764705883, "mcc": 0.5603656501211943, "data_info": {"train_count": 281, "test_count": 71, "actives_count": 32, "decoys_count": 320}}, "rf": {"protein_name": "cytosol_aminopeptidase", "uniprot_id": "P28838", "roc_auc": 0.9948717948717949, "accuracy": 0.9859154929577465, "f1_score": 0.985329045752656, "cohen_kappa": 0.9015256588072122, "mcc": 0.9059288441743483, "data_info": {"train_count": 281, "test_count": 71, "actives_count": 32, "decoys_count": 320}}, "svc": {"protein_name": "cytosol_aminopeptidase", "uniprot_id": "P28838", "roc_auc": 0.9871794871794871, "accuracy": 0.971830985915493, "f1_score": 0.971830985915493, "cohen_kappa": 0.8179487179487179, "mcc": 0.8179487179487179, "data_info": {"train_count": 281, "test_count": 71, "actives_count": 32, "decoys_count": 320}}, "mlp": {"protein_name": "cytosol_aminopeptidase", "uniprot_id": "P28838", "roc_auc": 0.9948717948717949, "accuracy": 0.971830985915493, "f1_score": 0.9736229879275653, "cohen_kappa": 0.8418708240534521, "mcc": 0.8525978400882077, "data_info": {"train_count": 281, "test_count": 71, "actives_count": 32, "decoys_count": 320}}}