{"xgb": {"protein_name": "transketolase", "uniprot_id": "P29401", "roc_auc": 1.0, "accuracy": 0.9811320754716981, "f1_score": 0.9801811147852774, "cohen_kappa": 0.8787185354691076, "mcc": 0.885253336275981, "data_info": {"train_count": 422, "test_count": 106, "actives_count": 48, "decoys_count": 480}}, "rf": {"protein_name": "transketolase", "uniprot_id": "P29401", "roc_auc": 1.0, "accuracy": 0.9905660377358491, "f1_score": 0.9903422158877495, "cohen_kappa": 0.9422028353326063, "mcc": 0.9437805091675374, "data_info": {"train_count": 422, "test_count": 106, "actives_count": 48, "decoys_count": 480}}, "svc": {"protein_name": "transketolase", "uniprot_id": "P29401", "roc_auc": 1.0, "accuracy": 0.9811320754716981, "f1_score": 0.9818904035388645, "cohen_kappa": 0.8986615678776291, "mcc": 0.9033118078616167, "data_info": {"train_count": 422, "test_count": 106, "actives_count": 48, "decoys_count": 480}}, "mlp": {"protein_name": "transketolase", "uniprot_id": "P29401", "roc_auc": 0.996875, "accuracy": 0.9716981132075472, "f1_score": 0.9722978789461058, "cohen_kappa": 0.8414755732801595, "mcc": 0.8426528323415696, "data_info": {"train_count": 422, "test_count": 106, "actives_count": 48, "decoys_count": 480}}}