{"xgb": {"protein_name": "non_receptor_tyrosine_protein_kinase_tyk2", "uniprot_id": "P29597", "roc_auc": 0.997164461247637, "accuracy": 0.9565217391304348, "f1_score": 0.9571199266223342, "cohen_kappa": 0.9052631578947369, "mcc": 0.9093531090412991, "data_info": {"train_count": 273, "test_count": 69, "actives_count": 114, "decoys_count": 228}}, "rf": {"protein_name": "non_receptor_tyrosine_protein_kinase_tyk2", "uniprot_id": "P29597", "roc_auc": 1.0, "accuracy": 1.0, "f1_score": 1.0, "cohen_kappa": 1.0, "mcc": 1.0, "data_info": {"train_count": 273, "test_count": 69, "actives_count": 114, "decoys_count": 228}}, "svc": {"protein_name": "non_receptor_tyrosine_protein_kinase_tyk2", "uniprot_id": "P29597", "roc_auc": 0.9971644612476371, "accuracy": 0.9565217391304348, "f1_score": 0.9571199266223342, "cohen_kappa": 0.9052631578947369, "mcc": 0.9093531090412991, "data_info": {"train_count": 273, "test_count": 69, "actives_count": 114, "decoys_count": 228}}, "ann": {"protein_name": "non_receptor_tyrosine_protein_kinase_tyk2", "uniprot_id": "P29597", "roc_auc": 0.9962192816635161, "accuracy": 0.9565217391304348, "f1_score": 0.9571199266223342, "cohen_kappa": 0.9052631578947369, "mcc": 0.9093531090412991, "data_info": {"train_count": 273, "test_count": 69, "actives_count": 114, "decoys_count": 228}}}