{"xgb": {"protein_name": "b2_bradykinin_receptor", "uniprot_id": "P30411", "roc_auc": 0.993888188443679, "accuracy": 0.9916666666666667, "f1_score": 0.9912321202245157, "cohen_kappa": 0.8350585440352961, "mcc": 0.8401533128258224, "data_info": {"train_count": 8638, "test_count": 2160, "actives_count": 310, "decoys_count": 10488}}, "rf": {"protein_name": "b2_bradykinin_receptor", "uniprot_id": "P30411", "roc_auc": 0.9992312186721608, "accuracy": 0.9953703703703703, "f1_score": 0.9952954144620811, "cohen_kappa": 0.9142884352877686, "mcc": 0.9148262530368068, "data_info": {"train_count": 8638, "test_count": 2160, "actives_count": 310, "decoys_count": 10488}}, "svc": {"protein_name": "b2_bradykinin_receptor", "uniprot_id": "P30411", "roc_auc": 0.9990236477136443, "accuracy": 0.9962962962962963, "f1_score": 0.9963248076743546, "cohen_kappa": 0.9346009446530217, "mcc": 0.9347258860243797, "data_info": {"train_count": 8638, "test_count": 2160, "actives_count": 310, "decoys_count": 10488}}, "ann": {"protein_name": "b2_bradykinin_receptor", "uniprot_id": "P30411", "roc_auc": 0.9976475291368124, "accuracy": 0.9953703703703703, "f1_score": 0.9953703703703703, "cohen_kappa": 0.9169716165933761, "mcc": 0.9169716165933762, "data_info": {"train_count": 8638, "test_count": 2160, "actives_count": 310, "decoys_count": 10488}}}