{"xgb": {"protein_name": "neurotensin_receptor_type_1", "uniprot_id": "P30989", "roc_auc": 1.0, "accuracy": 0.991304347826087, "f1_score": 0.9910961206849807, "cohen_kappa": 0.942643391521197, "mcc": 0.9441977726950346, "data_info": {"train_count": 457, "test_count": 115, "actives_count": 52, "decoys_count": 520}}, "rf": {"protein_name": "neurotensin_receptor_type_1", "uniprot_id": "P30989", "roc_auc": 0.9999999999999999, "accuracy": 0.991304347826087, "f1_score": 0.9910961206849807, "cohen_kappa": 0.942643391521197, "mcc": 0.9441977726950346, "data_info": {"train_count": 457, "test_count": 115, "actives_count": 52, "decoys_count": 520}}, "svc": {"protein_name": "neurotensin_receptor_type_1", "uniprot_id": "P30989", "roc_auc": 1.0, "accuracy": 1.0, "f1_score": 1.0, "cohen_kappa": 1.0, "mcc": 1.0, "data_info": {"train_count": 457, "test_count": 115, "actives_count": 52, "decoys_count": 520}}, "ann": {"protein_name": "neurotensin_receptor_type_1", "uniprot_id": "P30989", "roc_auc": 0.96, "accuracy": 0.991304347826087, "f1_score": 0.9910961206849807, "cohen_kappa": 0.942643391521197, "mcc": 0.9441977726950346, "data_info": {"train_count": 457, "test_count": 115, "actives_count": 52, "decoys_count": 520}}}