{"xgb": {"protein_name": "rac_alpha_serine_threonine_protein_kinase", "uniprot_id": "P31749", "roc_auc": 0.999819262782402, "accuracy": 0.9949843260188088, "f1_score": 0.9949686388349378, "cohen_kappa": 0.9694656488549618, "mcc": 0.9694938962770291, "data_info": {"train_count": 6380, "test_count": 1595, "actives_count": 725, "decoys_count": 7250}}, "rf": {"protein_name": "rac_alpha_serine_threonine_protein_kinase", "uniprot_id": "P31749", "roc_auc": 0.9998953626634958, "accuracy": 0.9949843260188088, "f1_score": 0.9949365214625047, "cohen_kappa": 0.9690794096978215, "mcc": 0.9693400986730131, "data_info": {"train_count": 6380, "test_count": 1595, "actives_count": 725, "decoys_count": 7250}}, "svc": {"protein_name": "rac_alpha_serine_threonine_protein_kinase", "uniprot_id": "P31749", "roc_auc": 0.9987586206896553, "accuracy": 0.993103448275862, "f1_score": 0.9931763772067953, "cohen_kappa": 0.9591630104623692, "mcc": 0.9594870519461141, "data_info": {"train_count": 6380, "test_count": 1595, "actives_count": 725, "decoys_count": 7250}}, "ann": {"protein_name": "rac_alpha_serine_threonine_protein_kinase", "uniprot_id": "P31749", "roc_auc": 0.9981260404280619, "accuracy": 0.9949843260188088, "f1_score": 0.9949686388349378, "cohen_kappa": 0.9694656488549618, "mcc": 0.9694938962770291, "data_info": {"train_count": 6380, "test_count": 1595, "actives_count": 725, "decoys_count": 7250}}}