{"xgb": {"protein_name": "gastrin_cholecystokinin_type_b_receptor", "uniprot_id": "P32239", "roc_auc": 0.9996922129886119, "accuracy": 0.9941520467836257, "f1_score": 0.9941520467836257, "cohen_kappa": 0.9868421052631579, "mcc": 0.9868421052631579, "data_info": {"train_count": 1368, "test_count": 342, "actives_count": 570, "decoys_count": 1140}}, "rf": {"protein_name": "gastrin_cholecystokinin_type_b_receptor", "uniprot_id": "P32239", "roc_auc": 0.9998076331178825, "accuracy": 0.9912280701754386, "f1_score": 0.9912375833773214, "cohen_kappa": 0.9803063457330415, "mcc": 0.9803274687508041, "data_info": {"train_count": 1368, "test_count": 342, "actives_count": 570, "decoys_count": 1140}}, "svc": {"protein_name": "gastrin_cholecystokinin_type_b_receptor", "uniprot_id": "P32239", "roc_auc": 0.9921129578331793, "accuracy": 0.9912280701754386, "f1_score": 0.9912183460415079, "cohen_kappa": 0.9802197802197802, "mcc": 0.9802410874669023, "data_info": {"train_count": 1368, "test_count": 342, "actives_count": 570, "decoys_count": 1140}}, "ann": {"protein_name": "gastrin_cholecystokinin_type_b_receptor", "uniprot_id": "P32239", "roc_auc": 0.9926900584795322, "accuracy": 0.9883040935672515, "f1_score": 0.9882505175983437, "cohen_kappa": 0.9734513274336283, "mcc": 0.9737945687202026, "data_info": {"train_count": 1368, "test_count": 342, "actives_count": 570, "decoys_count": 1140}}}