{"xgb": {"protein_name": "c_c_chemokine_receptor_type_1", "uniprot_id": "P32246", "roc_auc": 0.9998462484624846, "accuracy": 0.9932675044883303, "f1_score": 0.9927982170348296, "cohen_kappa": 0.8537673930165398, "mcc": 0.8630449243560331, "data_info": {"train_count": 8909, "test_count": 2228, "actives_count": 301, "decoys_count": 10836}}, "rf": {"protein_name": "c_c_chemokine_receptor_type_1", "uniprot_id": "P32246", "roc_auc": 0.9999769372693726, "accuracy": 0.9968581687612208, "f1_score": 0.9967633873889177, "cohen_kappa": 0.936447653664977, "mcc": 0.9383445110703951, "data_info": {"train_count": 8909, "test_count": 2228, "actives_count": 301, "decoys_count": 10836}}, "svc": {"protein_name": "c_c_chemokine_receptor_type_1", "uniprot_id": "P32246", "roc_auc": 0.9976706642066421, "accuracy": 0.9946140035906643, "f1_score": 0.9947773381629206, "cohen_kappa": 0.9034885064109969, "mcc": 0.9053644473638447, "data_info": {"train_count": 8909, "test_count": 2228, "actives_count": 301, "decoys_count": 10836}}, "ann": {"protein_name": "c_c_chemokine_receptor_type_1", "uniprot_id": "P32246", "roc_auc": 0.9982241697416974, "accuracy": 0.9982046678635548, "f1_score": 0.9981898670461513, "cohen_kappa": 0.965179883099428, "mcc": 0.9653261942640157, "data_info": {"train_count": 8909, "test_count": 2228, "actives_count": 301, "decoys_count": 10836}}}