{"xgb": {"protein_name": "cytochrome_p450_2c19", "uniprot_id": "P33261", "roc_auc": 0.889423076923077, "accuracy": 0.9302325581395349, "f1_score": 0.9105943152454781, "cohen_kappa": 0.37681159420289856, "mcc": 0.4818120558297158, "data_info": {"train_count": 343, "test_count": 86, "actives_count": 39, "decoys_count": 390}}, "rf": {"protein_name": "cytochrome_p450_2c19", "uniprot_id": "P33261", "roc_auc": 0.9126602564102564, "accuracy": 0.9418604651162791, "f1_score": 0.9295497222696413, "cohen_kappa": 0.5211581291759466, "mcc": 0.5936410014092834, "data_info": {"train_count": 343, "test_count": 86, "actives_count": 39, "decoys_count": 390}}, "svc": {"protein_name": "cytochrome_p450_2c19", "uniprot_id": "P33261", "roc_auc": 0.8397435897435898, "accuracy": 0.9418604651162791, "f1_score": 0.9401076383745618, "cohen_kappa": 0.634974533106961, "mcc": 0.6366734529826359, "data_info": {"train_count": 343, "test_count": 86, "actives_count": 39, "decoys_count": 390}}, "ann": {"protein_name": "cytochrome_p450_2c19", "uniprot_id": "P33261", "roc_auc": 0.9198717948717949, "accuracy": 0.9418604651162791, "f1_score": 0.9295497222696413, "cohen_kappa": 0.5211581291759466, "mcc": 0.5936410014092834, "data_info": {"train_count": 343, "test_count": 86, "actives_count": 39, "decoys_count": 390}}}