{"xgb": {"protein_name": "histamine_h1_receptor", "uniprot_id": "P35367", "roc_auc": 0.9915400148793709, "accuracy": 0.9850046860356139, "f1_score": 0.984475254076073, "cohen_kappa": 0.9029768467475193, "mcc": 0.9062485117075137, "data_info": {"train_count": 4268, "test_count": 1067, "actives_count": 485, "decoys_count": 4850}}, "rf": {"protein_name": "histamine_h1_receptor", "uniprot_id": "P35367", "roc_auc": 0.9892018280369859, "accuracy": 0.9850046860356139, "f1_score": 0.9845564271793781, "cohen_kappa": 0.9039301310043668, "mcc": 0.9062857053937937, "data_info": {"train_count": 4268, "test_count": 1067, "actives_count": 485, "decoys_count": 4850}}, "svc": {"protein_name": "histamine_h1_receptor", "uniprot_id": "P35367", "roc_auc": 0.9814220427250505, "accuracy": 0.971883786316776, "f1_score": 0.9727278173539856, "cohen_kappa": 0.8402710551790901, "mcc": 0.842615200993896, "data_info": {"train_count": 4268, "test_count": 1067, "actives_count": 485, "decoys_count": 4850}}, "ann": {"protein_name": "histamine_h1_receptor", "uniprot_id": "P35367", "roc_auc": 0.9962482729301733, "accuracy": 0.9784442361761949, "f1_score": 0.9788718397800704, "cohen_kappa": 0.8748144482929243, "mcc": 0.8758659407761498, "data_info": {"train_count": 4268, "test_count": 1067, "actives_count": 485, "decoys_count": 4850}}}