{"xgb": {"protein_name": "sterol_o_acyltransferase_1", "uniprot_id": "P35610", "roc_auc": 0.99664, "accuracy": 0.9854545454545455, "f1_score": 0.9854545454545455, "cohen_kappa": 0.912, "mcc": 0.912, "data_info": {"train_count": 1100, "test_count": 275, "actives_count": 125, "decoys_count": 1250}}, "rf": {"protein_name": "sterol_o_acyltransferase_1", "uniprot_id": "P35610", "roc_auc": 0.9975200000000001, "accuracy": 0.9927272727272727, "f1_score": 0.9925902450802848, "cohen_kappa": 0.9543568464730291, "mcc": 0.9553525070351848, "data_info": {"train_count": 1100, "test_count": 275, "actives_count": 125, "decoys_count": 1250}}, "svc": {"protein_name": "sterol_o_acyltransferase_1", "uniprot_id": "P35610", "roc_auc": 0.9961599999999999, "accuracy": 0.9854545454545455, "f1_score": 0.9857050579942147, "cohen_kappa": 0.915057915057915, "mcc": 0.9158843191263324, "data_info": {"train_count": 1100, "test_count": 275, "actives_count": 125, "decoys_count": 1250}}, "mlp": {"protein_name": "sterol_o_acyltransferase_1", "uniprot_id": "P35610", "roc_auc": 0.99504, "accuracy": 0.9927272727272727, "f1_score": 0.9925902450802848, "cohen_kappa": 0.9543568464730291, "mcc": 0.9553525070351848, "data_info": {"train_count": 1100, "test_count": 275, "actives_count": 125, "decoys_count": 1250}}}