{"xgb": {"protein_name": "tgf_beta_receptor_type_1", "uniprot_id": "P36897", "roc_auc": 0.9991679467485919, "accuracy": 0.996742671009772, "f1_score": 0.9967159724602342, "cohen_kappa": 0.9800299225915566, "mcc": 0.9802254009842297, "data_info": {"train_count": 2455, "test_count": 614, "actives_count": 279, "decoys_count": 2790}}, "rf": {"protein_name": "tgf_beta_receptor_type_1", "uniprot_id": "P36897", "roc_auc": 0.9998399897593446, "accuracy": 0.996742671009772, "f1_score": 0.9967159724602342, "cohen_kappa": 0.9800299225915566, "mcc": 0.9802254009842297, "data_info": {"train_count": 2455, "test_count": 614, "actives_count": 279, "decoys_count": 2790}}, "svc": {"protein_name": "tgf_beta_receptor_type_1", "uniprot_id": "P36897", "roc_auc": 1.0, "accuracy": 0.998371335504886, "f1_score": 0.9983778116421299, "cohen_kappa": 0.9902536588463126, "mcc": 0.9903006948721317, "data_info": {"train_count": 2455, "test_count": 614, "actives_count": 279, "decoys_count": 2790}}, "ann": {"protein_name": "tgf_beta_receptor_type_1", "uniprot_id": "P36897", "roc_auc": 0.9967037890424987, "accuracy": 0.993485342019544, "f1_score": 0.9935366401547643, "cohen_kappa": 0.9613228346456693, "mcc": 0.9615026432127002, "data_info": {"train_count": 2455, "test_count": 614, "actives_count": 279, "decoys_count": 2790}}}