{"xgb": {"protein_name": "receptor_type_tyrosine_protein_kinase_flt3", "uniprot_id": "P36888", "roc_auc": 0.9973865056226572, "accuracy": 0.9879406307977736, "f1_score": 0.9877981283600564, "cohen_kappa": 0.9253263707571802, "mcc": 0.9257082460375056, "data_info": {"train_count": 4312, "test_count": 1078, "actives_count": 490, "decoys_count": 4900}}, "rf": {"protein_name": "receptor_type_tyrosine_protein_kinase_flt3", "uniprot_id": "P36888", "roc_auc": 0.9968086214077467, "accuracy": 0.9879406307977736, "f1_score": 0.9877387670981977, "cohen_kappa": 0.9246178176067475, "mcc": 0.9253804515101811, "data_info": {"train_count": 4312, "test_count": 1078, "actives_count": 490, "decoys_count": 4900}}, "svc": {"protein_name": "receptor_type_tyrosine_protein_kinase_flt3", "uniprot_id": "P36888", "roc_auc": 0.9864014993752603, "accuracy": 0.9916512059369202, "f1_score": 0.9915926985549193, "cohen_kappa": 0.9487842731505431, "mcc": 0.9489225650040306, "data_info": {"train_count": 4312, "test_count": 1078, "actives_count": 490, "decoys_count": 4900}}, "ann": {"protein_name": "receptor_type_tyrosine_protein_kinase_flt3", "uniprot_id": "P36888", "roc_auc": 0.9966264056643065, "accuracy": 0.9897959183673469, "f1_score": 0.9897723558100917, "cohen_kappa": 0.937980522808816, "mcc": 0.93799543168852, "data_info": {"train_count": 4312, "test_count": 1078, "actives_count": 490, "decoys_count": 4900}}}