{"xgb": {"protein_name": "serine_threonine_protein_kinase_receptor_r3", "uniprot_id": "P37023", "roc_auc": 0.9988304093567252, "accuracy": 0.9807692307692307, "f1_score": 0.9796674679487178, "cohen_kappa": 0.8647594278283486, "mcc": 0.8727778197031962, "data_info": {"train_count": 413, "test_count": 104, "actives_count": 47, "decoys_count": 470}}, "rf": {"protein_name": "serine_threonine_protein_kinase_receptor_r3", "uniprot_id": "P37023", "roc_auc": 1.0, "accuracy": 1.0, "f1_score": 1.0, "cohen_kappa": 1.0, "mcc": 1.0, "data_info": {"train_count": 413, "test_count": 104, "actives_count": 47, "decoys_count": 470}}, "svc": {"protein_name": "serine_threonine_protein_kinase_receptor_r3", "uniprot_id": "P37023", "roc_auc": 1.0, "accuracy": 0.9903846153846154, "f1_score": 0.9906122142964248, "cohen_kappa": 0.9420935412026726, "mcc": 0.943677018788459, "data_info": {"train_count": 413, "test_count": 104, "actives_count": 47, "decoys_count": 470}}, "mlp": {"protein_name": "serine_threonine_protein_kinase_receptor_r3", "uniprot_id": "P37023", "roc_auc": 0.9953216374269006, "accuracy": 0.9903846153846154, "f1_score": 0.9901269811186656, "cohen_kappa": 0.9359605911330049, "mcc": 0.9378857231185629, "data_info": {"train_count": 413, "test_count": 104, "actives_count": 47, "decoys_count": 470}}}