{"xgb": {"protein_name": "estradiol_17_beta_dehydrogenase_2", "uniprot_id": "P37059", "roc_auc": 0.9997948086590746, "accuracy": 0.9952584163110479, "f1_score": 0.9950362182982505, "cohen_kappa": 0.9014384656366542, "mcc": 0.9058490826957637, "data_info": {"train_count": 8436, "test_count": 2109, "actives_count": 285, "decoys_count": 10260}}, "rf": {"protein_name": "estradiol_17_beta_dehydrogenase_2", "uniprot_id": "P37059", "roc_auc": 0.9998888546903321, "accuracy": 0.9952584163110479, "f1_score": 0.9950362182982505, "cohen_kappa": 0.9014384656366542, "mcc": 0.9058490826957637, "data_info": {"train_count": 8436, "test_count": 2109, "actives_count": 285, "decoys_count": 10260}}, "svc": {"protein_name": "estradiol_17_beta_dehydrogenase_2", "uniprot_id": "P37059", "roc_auc": 0.9959645702951334, "accuracy": 0.9957325746799431, "f1_score": 0.9958196237489608, "cohen_kappa": 0.9221780789904184, "mcc": 0.9230411629526074, "data_info": {"train_count": 8436, "test_count": 2109, "actives_count": 285, "decoys_count": 10260}}, "ann": {"protein_name": "estradiol_17_beta_dehydrogenase_2", "uniprot_id": "P37059", "roc_auc": 0.9807205635922165, "accuracy": 0.9952584163110479, "f1_score": 0.9950841010601674, "cohen_kappa": 0.9032426778242678, "mcc": 0.9059608633763728, "data_info": {"train_count": 8436, "test_count": 2109, "actives_count": 285, "decoys_count": 10260}}}