{"xgb": {"protein_name": "glutamate_receptor_ionotropic_kainate_1", "uniprot_id": "P39086", "roc_auc": 0.9971080669710807, "accuracy": 0.9973333333333333, "f1_score": 0.997264981880145, "cohen_kappa": 0.9460043196544277, "mcc": 0.9473863961481385, "data_info": {"train_count": 4499, "test_count": 1125, "actives_count": 152, "decoys_count": 5472}}, "rf": {"protein_name": "glutamate_receptor_ionotropic_kainate_1", "uniprot_id": "P39086", "roc_auc": 0.9995585996955859, "accuracy": 0.9991111111111111, "f1_score": 0.9991037810044686, "cohen_kappa": 0.9825945695056858, "mcc": 0.982743441358347, "data_info": {"train_count": 4499, "test_count": 1125, "actives_count": 152, "decoys_count": 5472}}, "svc": {"protein_name": "glutamate_receptor_ionotropic_kainate_1", "uniprot_id": "P39086", "roc_auc": 0.9996955859969558, "accuracy": 0.9973333333333333, "f1_score": 0.997354582150694, "cohen_kappa": 0.9494495618962031, "mcc": 0.9495843779882948, "data_info": {"train_count": 4499, "test_count": 1125, "actives_count": 152, "decoys_count": 5472}}, "ann": {"protein_name": "glutamate_receptor_ionotropic_kainate_1", "uniprot_id": "P39086", "roc_auc": 1.0, "accuracy": 0.9991111111111111, "f1_score": 0.9991181940502312, "cohen_kappa": 0.983149853965401, "mcc": 0.9832894552950255, "data_info": {"train_count": 4499, "test_count": 1125, "actives_count": 152, "decoys_count": 5472}}}