{"xgb": {"protein_name": "macrophage_metalloelastase", "uniprot_id": "P39900", "roc_auc": 0.9854222222222223, "accuracy": 0.96, "f1_score": 0.9596382136800452, "cohen_kappa": 0.9084745762711864, "mcc": 0.9096512726248551, "data_info": {"train_count": 900, "test_count": 225, "actives_count": 375, "decoys_count": 750}}, "rf": {"protein_name": "macrophage_metalloelastase", "uniprot_id": "P39900", "roc_auc": 0.9900888888888889, "accuracy": 0.9688888888888889, "f1_score": 0.9687254439729688, "cohen_kappa": 0.9292929292929293, "mcc": 0.9297198959726097, "data_info": {"train_count": 900, "test_count": 225, "actives_count": 375, "decoys_count": 750}}, "svc": {"protein_name": "macrophage_metalloelastase", "uniprot_id": "P39900", "roc_auc": 0.9863999999999999, "accuracy": 0.9777777777777777, "f1_score": 0.9776610314092634, "cohen_kappa": 0.9494949494949495, "mcc": 0.9499311980589707, "data_info": {"train_count": 900, "test_count": 225, "actives_count": 375, "decoys_count": 750}}, "mlp": {"protein_name": "macrophage_metalloelastase", "uniprot_id": "P39900", "roc_auc": 0.9840888888888889, "accuracy": 0.9644444444444444, "f1_score": 0.9639046399609779, "cohen_kappa": 0.9178082191780822, "mcc": 0.9209241368444986, "data_info": {"train_count": 900, "test_count": 225, "actives_count": 375, "decoys_count": 750}}}