{"xgb": {"protein_name": "extracellular_calcium_sensing_receptor", "uniprot_id": "P41180", "roc_auc": 0.9441136778598079, "accuracy": 0.9809384164222874, "f1_score": 0.9760749366511972, "cohen_kappa": 0.472952086553323, "mcc": 0.5565218766502207, "data_info": {"train_count": 2725, "test_count": 682, "actives_count": 93, "decoys_count": 3314}}, "rf": {"protein_name": "extracellular_calcium_sensing_receptor", "uniprot_id": "P41180", "roc_auc": 1.0, "accuracy": 0.9956011730205279, "f1_score": 0.9954176166802688, "cohen_kappa": 0.912045395924684, "mcc": 0.9155937943251543, "data_info": {"train_count": 2725, "test_count": 682, "actives_count": 93, "decoys_count": 3314}}, "svc": {"protein_name": "extracellular_calcium_sensing_receptor", "uniprot_id": "P41180", "roc_auc": 0.9969834087481146, "accuracy": 0.9956011730205279, "f1_score": 0.9957571183827225, "cohen_kappa": 0.9245742092457421, "mcc": 0.9272154586649913, "data_info": {"train_count": 2725, "test_count": 682, "actives_count": 93, "decoys_count": 3314}}, "mlp": {"protein_name": "extracellular_calcium_sensing_receptor", "uniprot_id": "P41180", "roc_auc": 1.0, "accuracy": 0.9970674486803519, "f1_score": 0.9969881971679484, "cohen_kappa": 0.942943194177194, "mcc": 0.9444818178420746, "data_info": {"train_count": 2725, "test_count": 682, "actives_count": 93, "decoys_count": 3314}}}