{"xgb": {"protein_name": "kappa_type_opioid_receptor", "uniprot_id": "P41145", "roc_auc": 0.9994542315968692, "accuracy": 0.9924538848518726, "f1_score": 0.9923287707496207, "cohen_kappa": 0.9528085013672961, "mcc": 0.9535793304333555, "data_info": {"train_count": 14308, "test_count": 3578, "actives_count": 1626, "decoys_count": 16260}}, "rf": {"protein_name": "kappa_type_opioid_receptor", "uniprot_id": "P41145", "roc_auc": 0.9994636903213602, "accuracy": 0.98993851313583, "f1_score": 0.989671234679921, "cohen_kappa": 0.9358858600268187, "mcc": 0.9378153475603285, "data_info": {"train_count": 14308, "test_count": 3578, "actives_count": 1626, "decoys_count": 16260}}, "svc": {"protein_name": "kappa_type_opioid_receptor", "uniprot_id": "P41145", "roc_auc": 0.993224715647095, "accuracy": 0.9891000558971492, "f1_score": 0.9891960063990769, "cohen_kappa": 0.9351725470775103, "mcc": 0.9353909655123573, "data_info": {"train_count": 14308, "test_count": 3578, "actives_count": 1626, "decoys_count": 16260}}, "ann": {"protein_name": "kappa_type_opioid_receptor", "uniprot_id": "P41145", "roc_auc": 0.9992499231478634, "accuracy": 0.995248742314142, "f1_score": 0.9952585604440695, "cohen_kappa": 0.9713521919863755, "mcc": 0.9713646051510132, "data_info": {"train_count": 14308, "test_count": 3578, "actives_count": 1626, "decoys_count": 16260}}}