{"xgb": {"protein_name": "glutamate_receptor_1", "uniprot_id": "P42261", "roc_auc": 0.9844444444444445, "accuracy": 0.9818181818181818, "f1_score": 0.9808980898089807, "cohen_kappa": 0.8791208791208791, "mcc": 0.8856148855400953, "data_info": {"train_count": 660, "test_count": 165, "actives_count": 75, "decoys_count": 750}}, "rf": {"protein_name": "glutamate_receptor_1", "uniprot_id": "P42261", "roc_auc": 0.9855555555555555, "accuracy": 0.9818181818181818, "f1_score": 0.9808980898089807, "cohen_kappa": 0.8791208791208791, "mcc": 0.8856148855400953, "data_info": {"train_count": 660, "test_count": 165, "actives_count": 75, "decoys_count": 750}}, "svc": {"protein_name": "glutamate_receptor_1", "uniprot_id": "P42261", "roc_auc": 0.9964444444444445, "accuracy": 0.9515151515151515, "f1_score": 0.9550608122036695, "cohen_kappa": 0.751412429378531, "mcc": 0.7648226616044426, "data_info": {"train_count": 660, "test_count": 165, "actives_count": 75, "decoys_count": 750}}, "ann": {"protein_name": "glutamate_receptor_1", "uniprot_id": "P42261", "roc_auc": 0.8973333333333334, "accuracy": 0.9696969696969697, "f1_score": 0.9669150521609537, "cohen_kappa": 0.7843137254901961, "mcc": 0.8032193289024989, "data_info": {"train_count": 660, "test_count": 165, "actives_count": 75, "decoys_count": 750}}}