{"xgb": {"protein_name": "caspase_3", "uniprot_id": "P42574", "roc_auc": 0.9997613649922443, "accuracy": 0.9930875576036866, "f1_score": 0.9930934446677321, "cohen_kappa": 0.9844915072539724, "mcc": 0.9845046621480643, "data_info": {"train_count": 1732, "test_count": 434, "actives_count": 722, "decoys_count": 1444}}, "rf": {"protein_name": "caspase_3", "uniprot_id": "P42574", "roc_auc": 0.9995943204868154, "accuracy": 0.9907834101382489, "f1_score": 0.9907672987622932, "cohen_kappa": 0.9792150571107013, "mcc": 0.9792679407029099, "data_info": {"train_count": 1732, "test_count": 434, "actives_count": 722, "decoys_count": 1444}}, "svc": {"protein_name": "caspase_3", "uniprot_id": "P42574", "roc_auc": 0.9956329793580718, "accuracy": 0.9792626728110599, "f1_score": 0.9793479358772669, "cohen_kappa": 0.9537915532946882, "mcc": 0.9541059919476522, "data_info": {"train_count": 1732, "test_count": 434, "actives_count": 722, "decoys_count": 1444}}, "ann": {"protein_name": "caspase_3", "uniprot_id": "P42574", "roc_auc": 0.9957522968619497, "accuracy": 0.9746543778801844, "f1_score": 0.9747585882944373, "cohen_kappa": 0.9435230095823968, "mcc": 0.9438340629809604, "data_info": {"train_count": 1732, "test_count": 434, "actives_count": 722, "decoys_count": 1444}}}