{"xgb": {"protein_name": "endothelin_converting_enzyme_1", "uniprot_id": "P42892", "roc_auc": 0.9634916057926439, "accuracy": 0.9915209326974033, "f1_score": 0.9907505750213715, "cohen_kappa": 0.8097686375321337, "mcc": 0.8248306325265883, "data_info": {"train_count": 7548, "test_count": 1887, "actives_count": 255, "decoys_count": 9180}}, "rf": {"protein_name": "endothelin_converting_enzyme_1", "uniprot_id": "P42892", "roc_auc": 0.9852620786876842, "accuracy": 0.9962904080551139, "f1_score": 0.9961572679817056, "cohen_kappa": 0.9244236941931718, "mcc": 0.9270751092951165, "data_info": {"train_count": 7548, "test_count": 1887, "actives_count": 255, "decoys_count": 9180}}, "svc": {"protein_name": "endothelin_converting_enzyme_1", "uniprot_id": "P42892", "roc_auc": 0.9760348583877996, "accuracy": 0.9978802331743508, "f1_score": 0.9978596124703911, "cohen_kappa": 0.9589117157134925, "mcc": 0.9591141397834171, "data_info": {"train_count": 7548, "test_count": 1887, "actives_count": 255, "decoys_count": 9180}}, "mlp": {"protein_name": "endothelin_converting_enzyme_1", "uniprot_id": "P42892", "roc_auc": 0.9562775001067965, "accuracy": 0.9952305246422893, "f1_score": 0.9951108427959515, "cohen_kappa": 0.9047755218758936, "mcc": 0.9060442711205247, "data_info": {"train_count": 7548, "test_count": 1887, "actives_count": 255, "decoys_count": 9180}}}