{"xgb": {"protein_name": "carbonic_anhydrase_7", "uniprot_id": "P43166", "roc_auc": 0.9947272438947035, "accuracy": 0.9901265041653811, "f1_score": 0.9893657351797701, "cohen_kappa": 0.7845473733193731, "mcc": 0.7949951467653941, "data_info": {"train_count": 12964, "test_count": 3241, "actives_count": 442, "decoys_count": 15763}}, "rf": {"protein_name": "carbonic_anhydrase_7", "uniprot_id": "P43166", "roc_auc": 0.997087910503705, "accuracy": 0.992286331379204, "f1_score": 0.9919361514207684, "cohen_kappa": 0.8408006240261872, "mcc": 0.8446628050873878, "data_info": {"train_count": 12964, "test_count": 3241, "actives_count": 442, "decoys_count": 15763}}, "svc": {"protein_name": "carbonic_anhydrase_7", "uniprot_id": "P43166", "roc_auc": 0.9669470634028198, "accuracy": 0.9895094106757174, "f1_score": 0.9896226434904204, "cohen_kappa": 0.8057187387603405, "mcc": 0.8059292850783536, "data_info": {"train_count": 12964, "test_count": 3241, "actives_count": 442, "decoys_count": 15763}}, "ann": {"protein_name": "carbonic_anhydrase_7", "uniprot_id": "P43166", "roc_auc": 0.9902401753020212, "accuracy": 0.995988892317186, "f1_score": 0.9959777499980798, "cohen_kappa": 0.9236531530470424, "mcc": 0.9236690819425329, "data_info": {"train_count": 12964, "test_count": 3241, "actives_count": 442, "decoys_count": 15763}}}