{"xgb": {"protein_name": "collagenase_3", "uniprot_id": "P45452", "roc_auc": 0.9999702588331265, "accuracy": 0.9988799283154122, "f1_score": 0.9988780584799529, "cohen_kappa": 0.9932037002076647, "mcc": 0.9932119579495876, "data_info": {"train_count": 17855, "test_count": 4464, "actives_count": 2029, "decoys_count": 20290}}, "rf": {"protein_name": "collagenase_3", "uniprot_id": "P45452", "roc_auc": 0.9999517464741543, "accuracy": 0.9982078853046595, "f1_score": 0.998199851691601, "cohen_kappa": 0.9890651218048429, "mcc": 0.9891242591385963, "data_info": {"train_count": 17855, "test_count": 4464, "actives_count": 2029, "decoys_count": 20290}}, "svc": {"protein_name": "collagenase_3", "uniprot_id": "P45452", "roc_auc": 0.9996552452493038, "accuracy": 0.9959677419354839, "f1_score": 0.9959854222131828, "cohen_kappa": 0.9758289835611098, "mcc": 0.9758852962286656, "data_info": {"train_count": 17855, "test_count": 4464, "actives_count": 2029, "decoys_count": 20290}}, "ann": {"protein_name": "collagenase_3", "uniprot_id": "P45452", "roc_auc": 0.9997833143556364, "accuracy": 0.9975358422939068, "f1_score": 0.9975289671717565, "cohen_kappa": 0.9850148130696806, "mcc": 0.9850376641557689, "data_info": {"train_count": 17855, "test_count": 4464, "actives_count": 2029, "decoys_count": 20290}}}