{"xgb": {"protein_name": "mitogen_activated_protein_kinase_8", "uniprot_id": "P45983", "roc_auc": 0.9994648931697436, "accuracy": 0.9946808510638298, "f1_score": 0.9946080117595534, "cohen_kappa": 0.9667844522968198, "mcc": 0.9673182073981058, "data_info": {"train_count": 2252, "test_count": 564, "actives_count": 256, "decoys_count": 2560}}, "rf": {"protein_name": "mitogen_activated_protein_kinase_8", "uniprot_id": "P45983", "roc_auc": 0.9997897794595422, "accuracy": 0.9929078014184397, "f1_score": 0.9928437784584815, "cohen_kappa": 0.9561106571728727, "mcc": 0.9563409567919698, "data_info": {"train_count": 2252, "test_count": 564, "actives_count": 256, "decoys_count": 2560}}, "svc": {"protein_name": "mitogen_activated_protein_kinase_8", "uniprot_id": "P45983", "roc_auc": 0.985628559415969, "accuracy": 0.9946808510638298, "f1_score": 0.9947040774683725, "cohen_kappa": 0.9679472607410775, "mcc": 0.9680025125721566, "data_info": {"train_count": 2252, "test_count": 564, "actives_count": 256, "decoys_count": 2560}}, "ann": {"protein_name": "mitogen_activated_protein_kinase_8", "uniprot_id": "P45983", "roc_auc": 0.9955280357757137, "accuracy": 0.9964539007092199, "f1_score": 0.9964539007092199, "cohen_kappa": 0.9784428391239537, "mcc": 0.9784428391239537, "data_info": {"train_count": 2252, "test_count": 564, "actives_count": 256, "decoys_count": 2560}}}