{"xgb": {"protein_name": "b1_bradykinin_receptor", "uniprot_id": "P46663", "roc_auc": 0.9915113210401574, "accuracy": 0.993632707774799, "f1_score": 0.9932259283449285, "cohen_kappa": 0.8657599893926335, "mcc": 0.8736676883493809, "data_info": {"train_count": 11933, "test_count": 2984, "actives_count": 409, "decoys_count": 14508}}, "rf": {"protein_name": "b1_bradykinin_receptor", "uniprot_id": "P46663", "roc_auc": 0.9918643156107647, "accuracy": 0.9969839142091153, "f1_score": 0.9968986852614045, "cohen_kappa": 0.9403925885810169, "mcc": 0.9420676815489681, "data_info": {"train_count": 11933, "test_count": 2984, "actives_count": 409, "decoys_count": 14508}}, "svc": {"protein_name": "b1_bradykinin_receptor", "uniprot_id": "P46663", "roc_auc": 0.997508026424165, "accuracy": 0.9953083109919572, "f1_score": 0.9954141821580427, "cohen_kappa": 0.9161945723868979, "mcc": 0.9172469550597634, "data_info": {"train_count": 11933, "test_count": 2984, "actives_count": 409, "decoys_count": 14508}}, "mlp": {"protein_name": "b1_bradykinin_receptor", "uniprot_id": "P46663", "roc_auc": 0.9820224907969273, "accuracy": 0.9979892761394102, "f1_score": 0.9979648344891764, "cohen_kappa": 0.9614676055853033, "mcc": 0.9617849925898503, "data_info": {"train_count": 11933, "test_count": 2984, "actives_count": 409, "decoys_count": 14508}}}