{"xgb": {"protein_name": "gamma_aminobutyric_acid_receptor_subunit_alpha_2", "uniprot_id": "P47869", "roc_auc": 0.9746373859191655, "accuracy": 0.9855670103092784, "f1_score": 0.9829614199406285, "cohen_kappa": 0.6252345733524671, "mcc": 0.6743838970478154, "data_info": {"train_count": 3877, "test_count": 970, "actives_count": 131, "decoys_count": 4716}}, "rf": {"protein_name": "gamma_aminobutyric_acid_receptor_subunit_alpha_2", "uniprot_id": "P47869", "roc_auc": 0.9953552803129074, "accuracy": 0.9948453608247423, "f1_score": 0.9946916545680244, "cohen_kappa": 0.8953252471187465, "mcc": 0.8970962706961937, "data_info": {"train_count": 3877, "test_count": 970, "actives_count": 131, "decoys_count": 4716}}, "svc": {"protein_name": "gamma_aminobutyric_acid_receptor_subunit_alpha_2", "uniprot_id": "P47869", "roc_auc": 0.951882333767927, "accuracy": 0.979381443298969, "f1_score": 0.9804150533824098, "cohen_kappa": 0.644662612645615, "mcc": 0.6483570444947634, "data_info": {"train_count": 3877, "test_count": 970, "actives_count": 131, "decoys_count": 4716}}, "ann": {"protein_name": "gamma_aminobutyric_acid_receptor_subunit_alpha_2", "uniprot_id": "P47869", "roc_auc": 0.9625570404172098, "accuracy": 0.988659793814433, "f1_score": 0.9885516169651348, "cohen_kappa": 0.7784928378658916, "mcc": 0.7786507250596603, "data_info": {"train_count": 3877, "test_count": 970, "actives_count": 131, "decoys_count": 4716}}}