{"xgb": {"protein_name": "glucagon_receptor", "uniprot_id": "P47871", "roc_auc": 0.9981820385407829, "accuracy": 0.9910179640718563, "f1_score": 0.9910076897436564, "cohen_kappa": 0.9797141353200793, "mcc": 0.9797365343294188, "data_info": {"train_count": 1334, "test_count": 334, "actives_count": 556, "decoys_count": 1112}}, "rf": {"protein_name": "glucagon_receptor", "uniprot_id": "P47871", "roc_auc": 0.9987678261220863, "accuracy": 0.9910179640718563, "f1_score": 0.9910076897436564, "cohen_kappa": 0.9797141353200793, "mcc": 0.9797365343294188, "data_info": {"train_count": 1334, "test_count": 334, "actives_count": 556, "decoys_count": 1112}}, "svc": {"protein_name": "glucagon_receptor", "uniprot_id": "P47871", "roc_auc": 0.9947077121965014, "accuracy": 0.9700598802395209, "f1_score": 0.9702496920035526, "cohen_kappa": 0.9334369644067121, "mcc": 0.9341822859148601, "data_info": {"train_count": 1334, "test_count": 334, "actives_count": 556, "decoys_count": 1112}}, "mlp": {"protein_name": "glucagon_receptor", "uniprot_id": "P47871", "roc_auc": 0.991758574718216, "accuracy": 0.9790419161676647, "f1_score": 0.9790653589782193, "cohen_kappa": 0.9528800032246362, "mcc": 0.952901592466957, "data_info": {"train_count": 1334, "test_count": 334, "actives_count": 556, "decoys_count": 1112}}}