{"xgb": {"protein_name": "atp_sensitive_inward_rectifier_potassium_channel_1", "uniprot_id": "P48048", "roc_auc": 0.9997125610807703, "accuracy": 0.9882583170254403, "f1_score": 0.9866924034869239, "cohen_kappa": 0.7217280813214739, "mcc": 0.7514068977882341, "data_info": {"train_count": 4084, "test_count": 1022, "actives_count": 138, "decoys_count": 4968}}, "rf": {"protein_name": "atp_sensitive_inward_rectifier_potassium_channel_1", "uniprot_id": "P48048", "roc_auc": 1.0, "accuracy": 0.99706457925636, "f1_score": 0.9969837128281714, "cohen_kappa": 0.9418944016980632, "mcc": 0.9434884798102221, "data_info": {"train_count": 4084, "test_count": 1022, "actives_count": 138, "decoys_count": 4968}}, "svc": {"protein_name": "atp_sensitive_inward_rectifier_potassium_channel_1", "uniprot_id": "P48048", "roc_auc": 0.9998203506754815, "accuracy": 0.9960861056751468, "f1_score": 0.9961516158694234, "cohen_kappa": 0.929022848808945, "mcc": 0.9296084257937204, "data_info": {"train_count": 4084, "test_count": 1022, "actives_count": 138, "decoys_count": 4968}}, "ann": {"protein_name": "atp_sensitive_inward_rectifier_potassium_channel_1", "uniprot_id": "P48048", "roc_auc": 1.0, "accuracy": 0.99706457925636, "f1_score": 0.9971369903952267, "cohen_kappa": 0.947645230695673, "mcc": 0.9489466649030026, "data_info": {"train_count": 4084, "test_count": 1022, "actives_count": 138, "decoys_count": 4968}}}