{"xgb": {"protein_name": "melatonin_receptor_type_1b", "uniprot_id": "P49286", "roc_auc": 0.999986992715921, "accuracy": 0.9970674486803519, "f1_score": 0.9970457725268844, "cohen_kappa": 0.9819967266775778, "mcc": 0.9821559067074768, "data_info": {"train_count": 5456, "test_count": 1364, "actives_count": 620, "decoys_count": 6200}}, "rf": {"protein_name": "melatonin_receptor_type_1b", "uniprot_id": "P49286", "roc_auc": 0.9999219562955255, "accuracy": 0.9978005865102639, "f1_score": 0.9977965775076449, "cohen_kappa": 0.9866450829623634, "mcc": 0.9866548593248211, "data_info": {"train_count": 5456, "test_count": 1364, "actives_count": 620, "decoys_count": 6200}}, "svc": {"protein_name": "melatonin_receptor_type_1b", "uniprot_id": "P49286", "roc_auc": 0.9998048907388137, "accuracy": 0.9963343108504399, "f1_score": 0.9963668303589251, "cohen_kappa": 0.9782178217821782, "mcc": 0.9784499686163167, "data_info": {"train_count": 5456, "test_count": 1364, "actives_count": 620, "decoys_count": 6200}}, "ann": {"protein_name": "melatonin_receptor_type_1b", "uniprot_id": "P49286", "roc_auc": 0.9994862122788761, "accuracy": 0.9948680351906158, "f1_score": 0.9948204001412139, "cohen_kappa": 0.9683778234086242, "mcc": 0.9686249437550496, "data_info": {"train_count": 5456, "test_count": 1364, "actives_count": 620, "decoys_count": 6200}}}