{"xgb": {"protein_name": "fatty_acid_synthase", "uniprot_id": "P49327", "roc_auc": 0.9989227709645343, "accuracy": 0.9970977104159948, "f1_score": 0.9970177313731341, "cohen_kappa": 0.9419117968442676, "mcc": 0.9435049476565974, "data_info": {"train_count": 12402, "test_count": 3101, "actives_count": 419, "decoys_count": 15084}}, "rf": {"protein_name": "fatty_acid_synthase", "uniprot_id": "P49327", "roc_auc": 0.9999960541060972, "accuracy": 0.999032570138665, "f1_score": 0.9990240156968957, "cohen_kappa": 0.9813214150187629, "mcc": 0.9814926462126634, "data_info": {"train_count": 12402, "test_count": 3101, "actives_count": 419, "decoys_count": 15084}}, "svc": {"protein_name": "fatty_acid_synthase", "uniprot_id": "P49327", "roc_auc": 0.999980270530486, "accuracy": 0.999032570138665, "f1_score": 0.9990408157512274, "cohen_kappa": 0.9819588678476888, "mcc": 0.9821187120573387, "data_info": {"train_count": 12402, "test_count": 3101, "actives_count": 419, "decoys_count": 15084}}, "ann": {"protein_name": "fatty_acid_synthase", "uniprot_id": "P49327", "roc_auc": 0.9992700096279812, "accuracy": 0.9964527571751048, "f1_score": 0.9964629579897197, "cohen_kappa": 0.9330880030757823, "mcc": 0.9331052665131888, "data_info": {"train_count": 12402, "test_count": 3101, "actives_count": 419, "decoys_count": 15084}}}