{"xgb": {"protein_name": "c_x_c_chemokine_receptor_type_3", "uniprot_id": "P49682", "roc_auc": 0.998471615720524, "accuracy": 0.9953271028037384, "f1_score": 0.9951130348087416, "cohen_kappa": 0.9036086273517128, "mcc": 0.9078359562303081, "data_info": {"train_count": 9412, "test_count": 2354, "actives_count": 318, "decoys_count": 11448}}, "rf": {"protein_name": "c_x_c_chemokine_receptor_type_3", "uniprot_id": "P49682", "roc_auc": 1.0, "accuracy": 0.9953271028037384, "f1_score": 0.9951130348087416, "cohen_kappa": 0.9036086273517128, "mcc": 0.9078359562303081, "data_info": {"train_count": 9412, "test_count": 2354, "actives_count": 318, "decoys_count": 11448}}, "svc": {"protein_name": "c_x_c_chemokine_receptor_type_3", "uniprot_id": "P49682", "roc_auc": 0.9984443231441048, "accuracy": 0.9949022939677146, "f1_score": 0.9949773039195299, "cohen_kappa": 0.906471008926443, "mcc": 0.9069118587209875, "data_info": {"train_count": 9412, "test_count": 2354, "actives_count": 318, "decoys_count": 11448}}, "ann": {"protein_name": "c_x_c_chemokine_receptor_type_3", "uniprot_id": "P49682", "roc_auc": 0.9997134279475982, "accuracy": 0.9970263381478335, "f1_score": 0.9969425921167192, "cohen_kappa": 0.9406279500464801, "mcc": 0.9422902217437604, "data_info": {"train_count": 9412, "test_count": 2354, "actives_count": 318, "decoys_count": 11448}}}