{"xgb": {"protein_name": "type_2_angiotensin_ii_receptor", "uniprot_id": "P50052", "roc_auc": 0.9992310649750097, "accuracy": 0.9803921568627451, "f1_score": 0.9804390453871538, "cohen_kappa": 0.9560975609756097, "mcc": 0.9561999555074316, "data_info": {"train_count": 612, "test_count": 153, "actives_count": 255, "decoys_count": 510}}, "rf": {"protein_name": "type_2_angiotensin_ii_receptor", "uniprot_id": "P50052", "roc_auc": 1.0, "accuracy": 1.0, "f1_score": 1.0, "cohen_kappa": 1.0, "mcc": 1.0, "data_info": {"train_count": 612, "test_count": 153, "actives_count": 255, "decoys_count": 510}}, "svc": {"protein_name": "type_2_angiotensin_ii_receptor", "uniprot_id": "P50052", "roc_auc": 0.9996155324875048, "accuracy": 0.9934640522875817, "f1_score": 0.9934796817957179, "cohen_kappa": 0.9853658536585366, "mcc": 0.9854713827168429, "data_info": {"train_count": 612, "test_count": 153, "actives_count": 255, "decoys_count": 510}}, "ann": {"protein_name": "type_2_angiotensin_ii_receptor", "uniprot_id": "P50052", "roc_auc": 1.0, "accuracy": 0.9934640522875817, "f1_score": 0.9934796817957179, "cohen_kappa": 0.9853658536585366, "mcc": 0.9854713827168429, "data_info": {"train_count": 612, "test_count": 153, "actives_count": 255, "decoys_count": 510}}}