{"xgb": {"protein_name": "carnitine_o_palmitoyltransferase_1_liver_isoform", "uniprot_id": "P50416", "roc_auc": 0.999595537746675, "accuracy": 0.9979925437338687, "f1_score": 0.9979547598330617, "cohen_kappa": 0.9602970765674839, "mcc": 0.9610548413124053, "data_info": {"train_count": 13944, "test_count": 3487, "actives_count": 472, "decoys_count": 16959}}, "rf": {"protein_name": "carnitine_o_palmitoyltransferase_1_liver_isoform", "uniprot_id": "P50416", "roc_auc": 0.9999968646336952, "accuracy": 0.9991396616002294, "f1_score": 0.9991328759714991, "cohen_kappa": 0.9833420118569334, "mcc": 0.983478473341308, "data_info": {"train_count": 13944, "test_count": 3487, "actives_count": 472, "decoys_count": 16959}}, "svc": {"protein_name": "carnitine_o_palmitoyltransferase_1_liver_isoform", "uniprot_id": "P50416", "roc_auc": 0.9979620119018505, "accuracy": 0.9974189848006882, "f1_score": 0.9974514660786362, "cohen_kappa": 0.9520415539007211, "mcc": 0.9523796517459683, "data_info": {"train_count": 13944, "test_count": 3487, "actives_count": 472, "decoys_count": 16959}}, "ann": {"protein_name": "carnitine_o_palmitoyltransferase_1_liver_isoform", "uniprot_id": "P50416", "roc_auc": 1.0, "accuracy": 0.9997132205334098, "f1_score": 0.9997124748705079, "cohen_kappa": 0.994505070242757, "mcc": 0.9945200847516406, "data_info": {"train_count": 13944, "test_count": 3487, "actives_count": 472, "decoys_count": 16959}}}