{"xgb": {"protein_name": "geranylgeranyl_transferase_type_1_subunit_beta", "uniprot_id": "P53609", "roc_auc": 0.8347826086956522, "accuracy": 0.9803921568627451, "f1_score": 0.9794082507554993, "cohen_kappa": 0.8782816229116945, "mcc": 0.8848608497409383, "data_info": {"train_count": 202, "test_count": 51, "actives_count": 23, "decoys_count": 230}}, "rf": {"protein_name": "geranylgeranyl_transferase_type_1_subunit_beta", "uniprot_id": "P53609", "roc_auc": 0.8739130434782608, "accuracy": 0.9803921568627451, "f1_score": 0.9794082507554993, "cohen_kappa": 0.8782816229116945, "mcc": 0.8848608497409383, "data_info": {"train_count": 202, "test_count": 51, "actives_count": 23, "decoys_count": 230}}, "svc": {"protein_name": "geranylgeranyl_transferase_type_1_subunit_beta", "uniprot_id": "P53609", "roc_auc": 0.8739130434782609, "accuracy": 0.9803921568627451, "f1_score": 0.9794082507554993, "cohen_kappa": 0.8782816229116945, "mcc": 0.8848608497409383, "data_info": {"train_count": 202, "test_count": 51, "actives_count": 23, "decoys_count": 230}}, "mlp": {"protein_name": "geranylgeranyl_transferase_type_1_subunit_beta", "uniprot_id": "P53609", "roc_auc": 0.8913043478260869, "accuracy": 0.9803921568627451, "f1_score": 0.9794082507554993, "cohen_kappa": 0.8782816229116945, "mcc": 0.8848608497409383, "data_info": {"train_count": 202, "test_count": 51, "actives_count": 23, "decoys_count": 230}}}