{"xgb": {"protein_name": "lim_domain_kinase_2", "uniprot_id": "P53671", "roc_auc": 1.0, "accuracy": 0.990909090909091, "f1_score": 0.9906924706610488, "cohen_kappa": 0.9424083769633508, "mcc": 0.9439751632913289, "data_info": {"train_count": 880, "test_count": 220, "actives_count": 100, "decoys_count": 1000}}, "rf": {"protein_name": "lim_domain_kinase_2", "uniprot_id": "P53671", "roc_auc": 1.0, "accuracy": 1.0, "f1_score": 1.0, "cohen_kappa": 1.0, "mcc": 1.0, "data_info": {"train_count": 880, "test_count": 220, "actives_count": 100, "decoys_count": 1000}}, "svc": {"protein_name": "lim_domain_kinase_2", "uniprot_id": "P53671", "roc_auc": 1.0, "accuracy": 0.9954545454545455, "f1_score": 0.9955042817687233, "cohen_kappa": 0.9731051344743277, "mcc": 0.9734572654303051, "data_info": {"train_count": 880, "test_count": 220, "actives_count": 100, "decoys_count": 1000}}, "ann": {"protein_name": "lim_domain_kinase_2", "uniprot_id": "P53671", "roc_auc": 1.0, "accuracy": 0.9954545454545455, "f1_score": 0.9955042817687233, "cohen_kappa": 0.9731051344743277, "mcc": 0.9734572654303051, "data_info": {"train_count": 880, "test_count": 220, "actives_count": 100, "decoys_count": 1000}}}