{"xgb": {"protein_name": "oxysterols_receptor_lxr_beta", "uniprot_id": "P55055", "roc_auc": 0.9995118230358505, "accuracy": 0.9889240506329114, "f1_score": 0.9885952586885173, "cohen_kappa": 0.9285575867192042, "mcc": 0.9309363841829748, "data_info": {"train_count": 2525, "test_count": 632, "actives_count": 287, "decoys_count": 2870}}, "rf": {"protein_name": "oxysterols_receptor_lxr_beta", "uniprot_id": "P55055", "roc_auc": 0.9994965675057208, "accuracy": 0.9889240506329114, "f1_score": 0.9885952586885173, "cohen_kappa": 0.9285575867192042, "mcc": 0.9309363841829748, "data_info": {"train_count": 2525, "test_count": 632, "actives_count": 287, "decoys_count": 2870}}, "svc": {"protein_name": "oxysterols_receptor_lxr_beta", "uniprot_id": "P55055", "roc_auc": 0.9977116704805492, "accuracy": 0.990506329113924, "f1_score": 0.99071877489599, "cohen_kappa": 0.9447697282181247, "mcc": 0.9462139879398765, "data_info": {"train_count": 2525, "test_count": 632, "actives_count": 287, "decoys_count": 2870}}, "mlp": {"protein_name": "oxysterols_receptor_lxr_beta", "uniprot_id": "P55055", "roc_auc": 0.9998779557589627, "accuracy": 0.9984177215189873, "f1_score": 0.9984239124447426, "cohen_kappa": 0.9904340982018527, "mcc": 0.9904794168797092, "data_info": {"train_count": 2525, "test_count": 632, "actives_count": 287, "decoys_count": 2870}}}