{"xgb": {"protein_name": "caspase_7", "uniprot_id": "P55210", "roc_auc": 0.9986522024983564, "accuracy": 0.9916839916839917, "f1_score": 0.9909456845627057, "cohen_kappa": 0.8140703517587939, "mcc": 0.8285171561084911, "data_info": {"train_count": 9620, "test_count": 2405, "actives_count": 325, "decoys_count": 11700}}, "rf": {"protein_name": "caspase_7", "uniprot_id": "P55210", "roc_auc": 0.9992833662064431, "accuracy": 0.9975051975051975, "f1_score": 0.9974464365650191, "cohen_kappa": 0.9503355704697987, "mcc": 0.9515097708325279, "data_info": {"train_count": 9620, "test_count": 2405, "actives_count": 325, "decoys_count": 11700}}, "svc": {"protein_name": "caspase_7", "uniprot_id": "P55210", "roc_auc": 0.9991650230111768, "accuracy": 0.9966735966735967, "f1_score": 0.9967218217285246, "cohen_kappa": 0.9385892116182573, "mcc": 0.9390319856540552, "data_info": {"train_count": 9620, "test_count": 2405, "actives_count": 325, "decoys_count": 11700}}, "ann": {"protein_name": "caspase_7", "uniprot_id": "P55210", "roc_auc": 0.9986390532544379, "accuracy": 0.9966735966735967, "f1_score": 0.9966483196139326, "cohen_kappa": 0.9357917570498915, "mcc": 0.9359123424548961, "data_info": {"train_count": 9620, "test_count": 2405, "actives_count": 325, "decoys_count": 11700}}}