{"xgb": {"protein_name": "peregrin", "uniprot_id": "P55201", "roc_auc": 0.9999999999999999, "accuracy": 0.9777777777777777, "f1_score": 0.9763243449990437, "cohen_kappa": 0.845360824742268, "mcc": 0.8556534679079242, "data_info": {"train_count": 536, "test_count": 135, "actives_count": 61, "decoys_count": 610}}, "rf": {"protein_name": "peregrin", "uniprot_id": "P55201", "roc_auc": 1.0, "accuracy": 0.9925925925925926, "f1_score": 0.9924465567486163, "cohen_kappa": 0.9524815205913411, "mcc": 0.953558699581933, "data_info": {"train_count": 536, "test_count": 135, "actives_count": 61, "decoys_count": 610}}, "svc": {"protein_name": "peregrin", "uniprot_id": "P55201", "roc_auc": 1.0, "accuracy": 0.9851851851851852, "f1_score": 0.9856942693008267, "cohen_kappa": 0.9149338374291115, "mcc": 0.9182622582426504, "data_info": {"train_count": 536, "test_count": 135, "actives_count": 61, "decoys_count": 610}}, "mlp": {"protein_name": "peregrin", "uniprot_id": "P55201", "roc_auc": 0.9925474254742548, "accuracy": 0.9851851851851852, "f1_score": 0.984571521668296, "cohen_kappa": 0.9010989010989011, "mcc": 0.9055385138137416, "data_info": {"train_count": 536, "test_count": 135, "actives_count": 61, "decoys_count": 610}}}