{"xgb": {"protein_name": "peptidyl_prolyl_cis_trans_isomerase_a", "uniprot_id": "P62937", "roc_auc": 0.9993131868131869, "accuracy": 0.9868995633187773, "f1_score": 0.9864425993074991, "cohen_kappa": 0.9159633027522935, "mcc": 0.919214877966748, "data_info": {"train_count": 915, "test_count": 229, "actives_count": 104, "decoys_count": 1040}}, "rf": {"protein_name": "peptidyl_prolyl_cis_trans_isomerase_a", "uniprot_id": "P62937", "roc_auc": 0.9993131868131868, "accuracy": 0.9956331877729258, "f1_score": 0.9955851699511624, "cohen_kappa": 0.9732132413147736, "mcc": 0.9735625843872816, "data_info": {"train_count": 915, "test_count": 229, "actives_count": 104, "decoys_count": 1040}}, "svc": {"protein_name": "peptidyl_prolyl_cis_trans_isomerase_a", "uniprot_id": "P62937", "roc_auc": 0.9983974358974359, "accuracy": 0.9956331877729258, "f1_score": 0.9955851699511624, "cohen_kappa": 0.9732132413147736, "mcc": 0.9735625843872816, "data_info": {"train_count": 915, "test_count": 229, "actives_count": 104, "decoys_count": 1040}}, "ann": {"protein_name": "peptidyl_prolyl_cis_trans_isomerase_a", "uniprot_id": "P62937", "roc_auc": 0.9638278388278387, "accuracy": 0.9912663755458515, "f1_score": 0.991068928772905, "cohen_kappa": 0.945228414254963, "mcc": 0.9466494201744136, "data_info": {"train_count": 915, "test_count": 229, "actives_count": 104, "decoys_count": 1040}}}