{"xgb": {"protein_name": "dna_dependent_protein_kinase_catalytic_subunit", "uniprot_id": "P78527", "roc_auc": 0.993916797488226, "accuracy": 0.9922254616132167, "f1_score": 0.9915930551325007, "cohen_kappa": 0.8294663573085846, "mcc": 0.8417971242611082, "data_info": {"train_count": 4114, "test_count": 1029, "actives_count": 139, "decoys_count": 5004}}, "rf": {"protein_name": "dna_dependent_protein_kinase_catalytic_subunit", "uniprot_id": "P78527", "roc_auc": 0.9744897959183674, "accuracy": 0.9951409135082604, "f1_score": 0.994908775667716, "cohen_kappa": 0.8994940516887734, "mcc": 0.904071858014218, "data_info": {"train_count": 4114, "test_count": 1029, "actives_count": 139, "decoys_count": 5004}}, "svc": {"protein_name": "dna_dependent_protein_kinase_catalytic_subunit", "uniprot_id": "P78527", "roc_auc": 0.9868702725845584, "accuracy": 0.9941690962099126, "f1_score": 0.9943576229290515, "cohen_kappa": 0.8970107426436245, "mcc": 0.8991325590384447, "data_info": {"train_count": 4114, "test_count": 1029, "actives_count": 139, "decoys_count": 5004}}, "ann": {"protein_name": "dna_dependent_protein_kinase_catalytic_subunit", "uniprot_id": "P78527", "roc_auc": 0.9866562009419153, "accuracy": 0.9961127308066083, "f1_score": 0.9961778090546564, "cohen_kappa": 0.9290369297610427, "mcc": 0.9296222830793103, "data_info": {"train_count": 4114, "test_count": 1029, "actives_count": 139, "decoys_count": 5004}}}