{"xgb": {"protein_name": "e3_ubiquitin_protein_ligase_xiap", "uniprot_id": "P98170", "roc_auc": 0.9998801429567643, "accuracy": 0.9980988593155894, "f1_score": 0.9980988593155894, "cohen_kappa": 0.9885373082287309, "mcc": 0.9885373082287309, "data_info": {"train_count": 4206, "test_count": 1052, "actives_count": 478, "decoys_count": 4780}}, "rf": {"protein_name": "e3_ubiquitin_protein_ligase_xiap", "uniprot_id": "P98170", "roc_auc": 0.9999782078103208, "accuracy": 0.9990494296577946, "f1_score": 0.9990471897039253, "cohen_kappa": 0.994241674512294, "mcc": 0.9942581586102671, "data_info": {"train_count": 4206, "test_count": 1052, "actives_count": 478, "decoys_count": 4780}}, "svc": {"protein_name": "e3_ubiquitin_protein_ligase_xiap", "uniprot_id": "P98170", "roc_auc": 0.9992263772663877, "accuracy": 0.997148288973384, "f1_score": 0.9971679844752561, "cohen_kappa": 0.9830442911482173, "mcc": 0.9831856323067836, "data_info": {"train_count": 4206, "test_count": 1052, "actives_count": 478, "decoys_count": 4780}}, "mlp": {"protein_name": "e3_ubiquitin_protein_ligase_xiap", "uniprot_id": "P98170", "roc_auc": 1.0, "accuracy": 1.0, "f1_score": 1.0, "cohen_kappa": 1.0, "mcc": 1.0, "data_info": {"train_count": 4206, "test_count": 1052, "actives_count": 478, "decoys_count": 4780}}}