{"xgb": {"protein_name": "cyclin_dependent_like_kinase_5", "uniprot_id": "Q00535", "roc_auc": 0.982608695652174, "accuracy": 0.8928571428571429, "f1_score": 0.8965367965367965, "cohen_kappa": 0.6612903225806452, "mcc": 0.6655458298621545, "data_info": {"train_count": 110, "test_count": 28, "actives_count": 23, "decoys_count": 115}}, "rf": {"protein_name": "cyclin_dependent_like_kinase_5", "uniprot_id": "Q00535", "roc_auc": 0.9173913043478261, "accuracy": 0.8214285714285714, "f1_score": 0.8275613275613276, "cohen_kappa": 0.435483870967742, "mcc": 0.4382862782019066, "data_info": {"train_count": 110, "test_count": 28, "actives_count": 23, "decoys_count": 115}}, "svc": {"protein_name": "cyclin_dependent_like_kinase_5", "uniprot_id": "Q00535", "roc_auc": 0.8608695652173913, "accuracy": 0.8214285714285714, "f1_score": 0.8275613275613276, "cohen_kappa": 0.435483870967742, "mcc": 0.4382862782019066, "data_info": {"train_count": 110, "test_count": 28, "actives_count": 23, "decoys_count": 115}}, "ann": {"protein_name": "cyclin_dependent_like_kinase_5", "uniprot_id": "Q00535", "roc_auc": 0.8260869565217391, "accuracy": 0.6785714285714286, "f1_score": 0.71590174531351, "cohen_kappa": 0.2921348314606742, "mcc": 0.3499482363378076, "data_info": {"train_count": 110, "test_count": 28, "actives_count": 23, "decoys_count": 115}}}