{"xgb": {"protein_name": "calcium_calmodulin_dependent_3_5_cyclic_nucleotide_phosphodiesterase_1c", "uniprot_id": "Q01064", "roc_auc": 0.9944444444444445, "accuracy": 0.9545454545454546, "f1_score": 0.9475240206947523, "cohen_kappa": 0.6451612903225807, "mcc": 0.6900655593423543, "data_info": {"train_count": 264, "test_count": 66, "actives_count": 30, "decoys_count": 300}}, "rf": {"protein_name": "calcium_calmodulin_dependent_3_5_cyclic_nucleotide_phosphodiesterase_1c", "uniprot_id": "Q01064", "roc_auc": 0.9750000000000001, "accuracy": 0.9545454545454546, "f1_score": 0.9475240206947523, "cohen_kappa": 0.6451612903225807, "mcc": 0.6900655593423543, "data_info": {"train_count": 264, "test_count": 66, "actives_count": 30, "decoys_count": 300}}, "svc": {"protein_name": "calcium_calmodulin_dependent_3_5_cyclic_nucleotide_phosphodiesterase_1c", "uniprot_id": "Q01064", "roc_auc": 1.0, "accuracy": 0.9848484848484849, "f1_score": 0.984222389181067, "cohen_kappa": 0.9009009009009009, "mcc": 0.9053574604251854, "data_info": {"train_count": 264, "test_count": 66, "actives_count": 30, "decoys_count": 300}}, "ann": {"protein_name": "calcium_calmodulin_dependent_3_5_cyclic_nucleotide_phosphodiesterase_1c", "uniprot_id": "Q01064", "roc_auc": 0.8277777777777778, "accuracy": 0.9393939393939394, "f1_score": 0.9393939393939394, "cohen_kappa": 0.6333333333333333, "mcc": 0.6333333333333333, "data_info": {"train_count": 264, "test_count": 66, "actives_count": 30, "decoys_count": 300}}}