{"xgb": {"protein_name": "angiopoietin_1_receptor", "uniprot_id": "Q02763", "roc_auc": 0.9879040948275862, "accuracy": 0.988255033557047, "f1_score": 0.9866459630901238, "cohen_kappa": 0.7144812482890774, "mcc": 0.7455146970673625, "data_info": {"train_count": 4765, "test_count": 1192, "actives_count": 161, "decoys_count": 5796}}, "rf": {"protein_name": "angiopoietin_1_receptor", "uniprot_id": "Q02763", "roc_auc": 0.9950431034482758, "accuracy": 0.99748322147651, "f1_score": 0.9974229586060682, "cohen_kappa": 0.9495314440555492, "mcc": 0.9507430230018826, "data_info": {"train_count": 4765, "test_count": 1192, "actives_count": 161, "decoys_count": 5796}}, "svc": {"protein_name": "angiopoietin_1_receptor", "uniprot_id": "Q02763", "roc_auc": 0.9929148706896551, "accuracy": 0.9966442953020134, "f1_score": 0.9966442953020134, "cohen_kappa": 0.9357758620689656, "mcc": 0.9357758620689656, "data_info": {"train_count": 4765, "test_count": 1192, "actives_count": 161, "decoys_count": 5796}}, "ann": {"protein_name": "angiopoietin_1_receptor", "uniprot_id": "Q02763", "roc_auc": 0.9984105603448276, "accuracy": 0.9941275167785235, "f1_score": 0.9938849972418028, "cohen_kappa": 0.8783673469387755, "mcc": 0.8817012858139865, "data_info": {"train_count": 4765, "test_count": 1192, "actives_count": 161, "decoys_count": 5796}}}