{"xgb": {"protein_name": "dual_specificity_mitogen_activated_protein_kinase_kinase_1", "uniprot_id": "Q02750", "roc_auc": 0.9991278473219782, "accuracy": 0.9958932238193019, "f1_score": 0.9958500953558497, "cohen_kappa": 0.9744932697847378, "mcc": 0.9748104239363227, "data_info": {"train_count": 1944, "test_count": 487, "actives_count": 221, "decoys_count": 2210}}, "rf": {"protein_name": "dual_specificity_mitogen_activated_protein_kinase_kinase_1", "uniprot_id": "Q02750", "roc_auc": 0.9999486969012927, "accuracy": 0.9958932238193019, "f1_score": 0.9958500953558497, "cohen_kappa": 0.9744932697847378, "mcc": 0.9748104239363227, "data_info": {"train_count": 1944, "test_count": 487, "actives_count": 221, "decoys_count": 2210}}, "svc": {"protein_name": "dual_specificity_mitogen_activated_protein_kinase_kinase_1", "uniprot_id": "Q02750", "roc_auc": 0.998409603940078, "accuracy": 0.9958932238193019, "f1_score": 0.9958932238193019, "cohen_kappa": 0.9750153909296122, "mcc": 0.9750153909296122, "data_info": {"train_count": 1944, "test_count": 487, "actives_count": 221, "decoys_count": 2210}}, "ann": {"protein_name": "dual_specificity_mitogen_activated_protein_kinase_kinase_1", "uniprot_id": "Q02750", "roc_auc": 0.9896367740611534, "accuracy": 0.9958932238193019, "f1_score": 0.9958932238193019, "cohen_kappa": 0.9750153909296122, "mcc": 0.9750153909296122, "data_info": {"train_count": 1944, "test_count": 487, "actives_count": 221, "decoys_count": 2210}}}