{"xgb": {"protein_name": "lactoylglutathione_lyase", "uniprot_id": "Q04760", "roc_auc": 0.9974358974358973, "accuracy": 0.9577464788732394, "f1_score": 0.951180768823467, "cohen_kappa": 0.6467661691542289, "mcc": 0.6913328984437151, "data_info": {"train_count": 281, "test_count": 71, "actives_count": 32, "decoys_count": 320}}, "rf": {"protein_name": "lactoylglutathione_lyase", "uniprot_id": "Q04760", "roc_auc": 0.9961538461538462, "accuracy": 0.9859154929577465, "f1_score": 0.985329045752656, "cohen_kappa": 0.9015256588072122, "mcc": 0.9059288441743483, "data_info": {"train_count": 281, "test_count": 71, "actives_count": 32, "decoys_count": 320}}, "svc": {"protein_name": "lactoylglutathione_lyase", "uniprot_id": "Q04760", "roc_auc": 0.9923076923076922, "accuracy": 0.9436619718309859, "f1_score": 0.9472459758551308, "cohen_kappa": 0.6837416481069043, "mcc": 0.6924538013414808, "data_info": {"train_count": 281, "test_count": 71, "actives_count": 32, "decoys_count": 320}}, "ann": {"protein_name": "lactoylglutathione_lyase", "uniprot_id": "Q04760", "roc_auc": 1.0, "accuracy": 1.0, "f1_score": 1.0, "cohen_kappa": 1.0, "mcc": 1.0, "data_info": {"train_count": 281, "test_count": 71, "actives_count": 32, "decoys_count": 320}}}