{"xgb": {"protein_name": "focal_adhesion_kinase_1", "uniprot_id": "Q05397", "roc_auc": 0.9931850010110164, "accuracy": 0.9973333333333333, "f1_score": 0.9972661926336104, "cohen_kappa": 0.9469110071178576, "mcc": 0.9482482409499988, "data_info": {"train_count": 8998, "test_count": 2250, "actives_count": 304, "decoys_count": 10944}}, "rf": {"protein_name": "focal_adhesion_kinase_1", "uniprot_id": "Q05397", "roc_auc": 0.9893843284979292, "accuracy": 0.9991111111111111, "f1_score": 0.9991039066463723, "cohen_kappa": 0.982876842641989, "mcc": 0.9830209653181398, "data_info": {"train_count": 8998, "test_count": 2250, "actives_count": 304, "decoys_count": 10944}}, "svc": {"protein_name": "focal_adhesion_kinase_1", "uniprot_id": "Q05397", "roc_auc": 0.9969070389203843, "accuracy": 0.9982222222222222, "f1_score": 0.9982222222222222, "cohen_kappa": 0.9662994555489819, "mcc": 0.9662994555489819, "data_info": {"train_count": 8998, "test_count": 2250, "actives_count": 304, "decoys_count": 10944}}, "ann": {"protein_name": "focal_adhesion_kinase_1", "uniprot_id": "Q05397", "roc_auc": 0.9991387638640296, "accuracy": 0.9991111111111111, "f1_score": 0.9991039066463723, "cohen_kappa": 0.982876842641989, "mcc": 0.9830209653181398, "data_info": {"train_count": 8998, "test_count": 2250, "actives_count": 304, "decoys_count": 10944}}}