{"xgb": {"protein_name": "tyrosine_protein_kinase_btk", "uniprot_id": "Q06187", "roc_auc": 0.9996817060555422, "accuracy": 0.9922978177150192, "f1_score": 0.9921970400288654, "cohen_kappa": 0.9523002816671429, "mcc": 0.952782143534056, "data_info": {"train_count": 3115, "test_count": 779, "actives_count": 354, "decoys_count": 3540}}, "rf": {"protein_name": "tyrosine_protein_kinase_btk", "uniprot_id": "Q06187", "roc_auc": 1.0, "accuracy": 0.9974326059050064, "f1_score": 0.9974160779498714, "cohen_kappa": 0.9843041647357499, "mcc": 0.9844254333582059, "data_info": {"train_count": 3115, "test_count": 779, "actives_count": 354, "decoys_count": 3540}}, "svc": {"protein_name": "tyrosine_protein_kinase_btk", "uniprot_id": "Q06187", "roc_auc": 0.9995424524548421, "accuracy": 0.9974326059050064, "f1_score": 0.9974486193347009, "cohen_kappa": 0.9846969845791179, "mcc": 0.9848123041268166, "data_info": {"train_count": 3115, "test_count": 779, "actives_count": 354, "decoys_count": 3540}}, "ann": {"protein_name": "tyrosine_protein_kinase_btk", "uniprot_id": "Q06187", "roc_auc": 0.9997413861701281, "accuracy": 0.9948652118100129, "f1_score": 0.9949282783031687, "cohen_kappa": 0.9697722245935354, "mcc": 0.9702155778073048, "data_info": {"train_count": 3115, "test_count": 779, "actives_count": 354, "decoys_count": 3540}}}