{"xgb": {"protein_name": "calcium_activated_potassium_channel_subunit_alpha_1", "uniprot_id": "Q12791", "roc_auc": 0.9873737373737373, "accuracy": 0.9587628865979382, "f1_score": 0.9533300605465553, "cohen_kappa": 0.694006309148265, "mcc": 0.7289725414469154, "data_info": {"train_count": 387, "test_count": 97, "actives_count": 44, "decoys_count": 440}}, "rf": {"protein_name": "calcium_activated_potassium_channel_subunit_alpha_1", "uniprot_id": "Q12791", "roc_auc": 0.9911616161616161, "accuracy": 0.979381443298969, "f1_score": 0.9782086180933627, "cohen_kappa": 0.8639551192145862, "mcc": 0.8720629720154927, "data_info": {"train_count": 387, "test_count": 97, "actives_count": 44, "decoys_count": 440}}, "svc": {"protein_name": "calcium_activated_potassium_channel_subunit_alpha_1", "uniprot_id": "Q12791", "roc_auc": 0.8914141414141414, "accuracy": 0.9278350515463918, "f1_score": 0.9346240245766065, "cohen_kappa": 0.6568974229408793, "mcc": 0.6775599102507455, "data_info": {"train_count": 387, "test_count": 97, "actives_count": 44, "decoys_count": 440}}, "ann": {"protein_name": "calcium_activated_potassium_channel_subunit_alpha_1", "uniprot_id": "Q12791", "roc_auc": 0.9116161616161617, "accuracy": 0.9690721649484536, "f1_score": 0.9697976901015424, "cohen_kappa": 0.82501503307276, "mcc": 0.8264220545724545, "data_info": {"train_count": 387, "test_count": 97, "actives_count": 44, "decoys_count": 440}}}