{"xgb": {"protein_name": "mitogen_activated_protein_kinase_kinase_kinase_12", "uniprot_id": "Q12852", "roc_auc": 0.9991699779249449, "accuracy": 0.9963855421686747, "f1_score": 0.9963522433475895, "cohen_kappa": 0.9776099271648233, "mcc": 0.9778550647741646, "data_info": {"train_count": 3317, "test_count": 830, "actives_count": 377, "decoys_count": 3770}}, "rf": {"protein_name": "mitogen_activated_protein_kinase_kinase_kinase_12", "uniprot_id": "Q12852", "roc_auc": 0.9916114790286976, "accuracy": 0.9963855421686747, "f1_score": 0.9963522433475895, "cohen_kappa": 0.9776099271648233, "mcc": 0.9778550647741646, "data_info": {"train_count": 3317, "test_count": 830, "actives_count": 377, "decoys_count": 3770}}, "svc": {"protein_name": "mitogen_activated_protein_kinase_kinase_kinase_12", "uniprot_id": "Q12852", "roc_auc": 0.9949315673289183, "accuracy": 0.9963855421686747, "f1_score": 0.9963963129386133, "cohen_kappa": 0.9781444746774335, "mcc": 0.9781704326212449, "data_info": {"train_count": 3317, "test_count": 830, "actives_count": 377, "decoys_count": 3770}}, "mlp": {"protein_name": "mitogen_activated_protein_kinase_kinase_kinase_12", "uniprot_id": "Q12852", "roc_auc": 0.9947196467991171, "accuracy": 0.9975903614457832, "f1_score": 0.9975903614457832, "cohen_kappa": 0.9853421633554084, "mcc": 0.9853421633554084, "data_info": {"train_count": 3317, "test_count": 830, "actives_count": 377, "decoys_count": 3770}}}