{"xgb": {"protein_name": "ileal_sodium_bile_acid_cotransporter", "uniprot_id": "Q12908", "roc_auc": 0.9997981021603068, "accuracy": 0.9965181058495822, "f1_score": 0.9964019728439828, "cohen_kappa": 0.9297290948950829, "mcc": 0.9320331326027055, "data_info": {"train_count": 5742, "test_count": 1436, "actives_count": 194, "decoys_count": 6984}}, "rf": {"protein_name": "ileal_sodium_bile_acid_cotransporter", "uniprot_id": "Q12908", "roc_auc": 1.0, "accuracy": 1.0, "f1_score": 1.0, "cohen_kappa": 1.0, "mcc": 1.0, "data_info": {"train_count": 5742, "test_count": 1436, "actives_count": 194, "decoys_count": 6984}}, "svc": {"protein_name": "ileal_sodium_bile_acid_cotransporter", "uniprot_id": "Q12908", "roc_auc": 0.9999999999999999, "accuracy": 0.9993036211699164, "f1_score": 0.9993079039658412, "cohen_kappa": 0.9869837931909647, "mcc": 0.9870674120225421, "data_info": {"train_count": 5742, "test_count": 1436, "actives_count": 194, "decoys_count": 6984}}, "ann": {"protein_name": "ileal_sodium_bile_acid_cotransporter", "uniprot_id": "Q12908", "roc_auc": 1.0, "accuracy": 0.9986072423398329, "f1_score": 0.9986241529718815, "cohen_kappa": 0.9742841281495676, "mcc": 0.9746064380189865, "data_info": {"train_count": 5742, "test_count": 1436, "actives_count": 194, "decoys_count": 6984}}}