{"xgb": {"protein_name": "serine_threonine_protein_kinase_pak_1", "uniprot_id": "Q13153", "roc_auc": 0.9921182266009853, "accuracy": 0.9622641509433962, "f1_score": 0.9609420044933098, "cohen_kappa": 0.7488151658767772, "mcc": 0.7514538035969902, "data_info": {"train_count": 633, "test_count": 159, "actives_count": 72, "decoys_count": 720}}, "rf": {"protein_name": "serine_threonine_protein_kinase_pak_1", "uniprot_id": "Q13153", "roc_auc": 1.0, "accuracy": 0.9937106918238994, "f1_score": 0.9936050295254082, "cohen_kappa": 0.9595316874522779, "mcc": 0.9603183588235426, "data_info": {"train_count": 633, "test_count": 159, "actives_count": 72, "decoys_count": 720}}, "svc": {"protein_name": "serine_threonine_protein_kinase_pak_1", "uniprot_id": "Q13153", "roc_auc": 0.976847290640394, "accuracy": 0.9622641509433962, "f1_score": 0.9633909853249475, "cohen_kappa": 0.7792688570106432, "mcc": 0.781386777960949, "data_info": {"train_count": 633, "test_count": 159, "actives_count": 72, "decoys_count": 720}}, "ann": {"protein_name": "serine_threonine_protein_kinase_pak_1", "uniprot_id": "Q13153", "roc_auc": 0.9921182266009853, "accuracy": 0.9685534591194969, "f1_score": 0.9690412350787457, "cohen_kappa": 0.8103078024337866, "mcc": 0.8108915809116728, "data_info": {"train_count": 633, "test_count": 159, "actives_count": 72, "decoys_count": 720}}}