{"xgb": {"protein_name": "high_affinity_camp_specific_3_5_cyclic_phosphodiesterase_7a", "uniprot_id": "Q13946", "roc_auc": 0.9957917224338516, "accuracy": 0.9866117404737385, "f1_score": 0.9862069032132557, "cohen_kappa": 0.9139319392075711, "mcc": 0.9163652541058837, "data_info": {"train_count": 3880, "test_count": 971, "actives_count": 441, "decoys_count": 4410}}, "rf": {"protein_name": "high_affinity_camp_specific_3_5_cyclic_phosphodiesterase_7a", "uniprot_id": "Q13946", "roc_auc": 0.9990026253474724, "accuracy": 0.9917610710607621, "f1_score": 0.9915834831523977, "cohen_kappa": 0.947882561322527, "mcc": 0.9491725220875562, "data_info": {"train_count": 3880, "test_count": 971, "actives_count": 441, "decoys_count": 4410}}, "svc": {"protein_name": "high_affinity_camp_specific_3_5_cyclic_phosphodiesterase_7a", "uniprot_id": "Q13946", "roc_auc": 0.9934881087202718, "accuracy": 0.984552008238929, "f1_score": 0.9848167237303876, "cohen_kappa": 0.909518987656315, "mcc": 0.9103308669088223, "data_info": {"train_count": 3880, "test_count": 971, "actives_count": 441, "decoys_count": 4410}}, "mlp": {"protein_name": "high_affinity_camp_specific_3_5_cyclic_phosphodiesterase_7a", "uniprot_id": "Q13946", "roc_auc": 0.9967569237104911, "accuracy": 0.9948506694129763, "f1_score": 0.9947826557610994, "cohen_kappa": 0.9679396168602616, "mcc": 0.9684374578392296, "data_info": {"train_count": 3880, "test_count": 971, "actives_count": 441, "decoys_count": 4410}}}