{"xgb": {"protein_name": "glucokinase_regulatory_protein", "uniprot_id": "Q14397", "roc_auc": 0.9969951923076923, "accuracy": 0.9787234042553191, "f1_score": 0.9774590237124928, "cohen_kappa": 0.8581964465303387, "mcc": 0.8669572062197327, "data_info": {"train_count": 563, "test_count": 141, "actives_count": 64, "decoys_count": 640}}, "rf": {"protein_name": "glucokinase_regulatory_protein", "uniprot_id": "Q14397", "roc_auc": 1.0, "accuracy": 1.0, "f1_score": 1.0, "cohen_kappa": 1.0, "mcc": 1.0, "data_info": {"train_count": 563, "test_count": 141, "actives_count": 64, "decoys_count": 640}}, "svc": {"protein_name": "glucokinase_regulatory_protein", "uniprot_id": "Q14397", "roc_auc": 0.9981971153846154, "accuracy": 0.9929078014184397, "f1_score": 0.993025232157481, "cohen_kappa": 0.9590473424339239, "mcc": 0.9598525742455006, "data_info": {"train_count": 563, "test_count": 141, "actives_count": 64, "decoys_count": 640}}, "mlp": {"protein_name": "glucokinase_regulatory_protein", "uniprot_id": "Q14397", "roc_auc": 0.9993990384615384, "accuracy": 0.9858156028368794, "f1_score": 0.9858156028368794, "cohen_kappa": 0.9152644230769231, "mcc": 0.9152644230769231, "data_info": {"train_count": 563, "test_count": 141, "actives_count": 64, "decoys_count": 640}}}