{"xgb": {"protein_name": "metabotropic_glutamate_receptor_4", "uniprot_id": "Q14833", "roc_auc": 0.9987373737373738, "accuracy": 0.979381443298969, "f1_score": 0.9782086180933627, "cohen_kappa": 0.8639551192145862, "mcc": 0.8720629720154927, "data_info": {"train_count": 387, "test_count": 97, "actives_count": 44, "decoys_count": 440}}, "rf": {"protein_name": "metabotropic_glutamate_receptor_4", "uniprot_id": "Q14833", "roc_auc": 1.0, "accuracy": 0.9896907216494846, "f1_score": 0.9894166298355791, "cohen_kappa": 0.935548172757475, "mcc": 0.9374973990808698, "data_info": {"train_count": 387, "test_count": 97, "actives_count": 44, "decoys_count": 440}}, "svc": {"protein_name": "metabotropic_glutamate_receptor_4", "uniprot_id": "Q14833", "roc_auc": 0.994949494949495, "accuracy": 0.9690721649484536, "f1_score": 0.9697976901015424, "cohen_kappa": 0.82501503307276, "mcc": 0.8264220545724545, "data_info": {"train_count": 387, "test_count": 97, "actives_count": 44, "decoys_count": 440}}, "ann": {"protein_name": "metabotropic_glutamate_receptor_4", "uniprot_id": "Q14833", "roc_auc": 0.9646464646464648, "accuracy": 0.9896907216494846, "f1_score": 0.9894166298355791, "cohen_kappa": 0.935548172757475, "mcc": 0.9374973990808698, "data_info": {"train_count": 387, "test_count": 97, "actives_count": 44, "decoys_count": 440}}}