{"xgb": {"protein_name": "lysine_trna_ligase", "uniprot_id": "Q15046", "roc_auc": 1.0, "accuracy": 0.9629629629629629, "f1_score": 0.9634085213032582, "cohen_kappa": 0.918918918918919, "mcc": 0.9219544457292888, "data_info": {"train_count": 108, "test_count": 27, "actives_count": 45, "decoys_count": 90}}, "rf": {"protein_name": "lysine_trna_ligase", "uniprot_id": "Q15046", "roc_auc": 1.0, "accuracy": 0.9629629629629629, "f1_score": 0.9634085213032582, "cohen_kappa": 0.918918918918919, "mcc": 0.9219544457292888, "data_info": {"train_count": 108, "test_count": 27, "actives_count": 45, "decoys_count": 90}}, "svc": {"protein_name": "lysine_trna_ligase", "uniprot_id": "Q15046", "roc_auc": 0.9506172839506173, "accuracy": 0.9629629629629629, "f1_score": 0.9634085213032582, "cohen_kappa": 0.918918918918919, "mcc": 0.9219544457292888, "data_info": {"train_count": 108, "test_count": 27, "actives_count": 45, "decoys_count": 90}}, "ann": {"protein_name": "lysine_trna_ligase", "uniprot_id": "Q15046", "roc_auc": 1.0, "accuracy": 0.9629629629629629, "f1_score": 0.9634085213032582, "cohen_kappa": 0.918918918918919, "mcc": 0.9219544457292888, "data_info": {"train_count": 108, "test_count": 27, "actives_count": 45, "decoys_count": 90}}}