{"xgb": {"protein_name": "leukotriene_b4_receptor_1", "uniprot_id": "Q15722", "roc_auc": 0.9900445163901255, "accuracy": 0.9922680412371134, "f1_score": 0.9921112958465347, "cohen_kappa": 0.951001852163664, "mcc": 0.9521455032662015, "data_info": {"train_count": 1548, "test_count": 388, "actives_count": 176, "decoys_count": 1760}}, "rf": {"protein_name": "leukotriene_b4_receptor_1", "uniprot_id": "Q15722", "roc_auc": 0.9942128692836908, "accuracy": 0.9896907216494846, "f1_score": 0.9894073594959322, "cohen_kappa": 0.933782745968086, "mcc": 0.9358366930861659, "data_info": {"train_count": 1548, "test_count": 388, "actives_count": 176, "decoys_count": 1760}}, "svc": {"protein_name": "leukotriene_b4_receptor_1", "uniprot_id": "Q15722", "roc_auc": 0.9995953055443141, "accuracy": 0.9896907216494846, "f1_score": 0.9895536757425318, "cohen_kappa": 0.9355321093295672, "mcc": 0.9360185100690568, "data_info": {"train_count": 1548, "test_count": 388, "actives_count": 176, "decoys_count": 1760}}, "ann": {"protein_name": "leukotriene_b4_receptor_1", "uniprot_id": "Q15722", "roc_auc": 0.9608255766895993, "accuracy": 0.9871134020618557, "f1_score": 0.9870291344944188, "cohen_kappa": 0.9204657264676943, "mcc": 0.9205822003847192, "data_info": {"train_count": 1548, "test_count": 388, "actives_count": 176, "decoys_count": 1760}}}