{"xgb": {"protein_name": "histone_lysine_n_methyltransferase_ezh2", "uniprot_id": "Q15910", "roc_auc": 0.9999235561671063, "accuracy": 0.9964539007092199, "f1_score": 0.9964218892292409, "cohen_kappa": 0.9780553285864363, "mcc": 0.9782909140471145, "data_info": {"train_count": 2252, "test_count": 564, "actives_count": 256, "decoys_count": 2560}}, "rf": {"protein_name": "histone_lysine_n_methyltransferase_ezh2", "uniprot_id": "Q15910", "roc_auc": 1.0, "accuracy": 1.0, "f1_score": 1.0, "cohen_kappa": 1.0, "mcc": 1.0, "data_info": {"train_count": 2252, "test_count": 564, "actives_count": 256, "decoys_count": 2560}}, "svc": {"protein_name": "histone_lysine_n_methyltransferase_ezh2", "uniprot_id": "Q15910", "roc_auc": 0.999961778083553, "accuracy": 0.99822695035461, "f1_score": 0.9982346924894574, "cohen_kappa": 0.9893157535803592, "mcc": 0.9893722251559478, "data_info": {"train_count": 2252, "test_count": 564, "actives_count": 256, "decoys_count": 2560}}, "ann": {"protein_name": "histone_lysine_n_methyltransferase_ezh2", "uniprot_id": "Q15910", "roc_auc": 1.0, "accuracy": 0.99822695035461, "f1_score": 0.9982346924894574, "cohen_kappa": 0.9893157535803592, "mcc": 0.9893722251559478, "data_info": {"train_count": 2252, "test_count": 564, "actives_count": 256, "decoys_count": 2560}}}