{"xgb": {"protein_name": "hypoxia_inducible_factor_1_alpha", "uniprot_id": "Q16665", "roc_auc": 0.9955882352941177, "accuracy": 0.946236559139785, "f1_score": 0.9347856444630638, "cohen_kappa": 0.5230769230769231, "mcc": 0.5951190357119042, "data_info": {"train_count": 369, "test_count": 93, "actives_count": 42, "decoys_count": 420}}, "rf": {"protein_name": "hypoxia_inducible_factor_1_alpha", "uniprot_id": "Q16665", "roc_auc": 0.9691176470588236, "accuracy": 0.956989247311828, "f1_score": 0.954167113206873, "cohen_kappa": 0.6915422885572139, "mcc": 0.6999166858562235, "data_info": {"train_count": 369, "test_count": 93, "actives_count": 42, "decoys_count": 420}}, "svc": {"protein_name": "hypoxia_inducible_factor_1_alpha", "uniprot_id": "Q16665", "roc_auc": 0.7529411764705881, "accuracy": 0.956989247311828, "f1_score": 0.956989247311828, "cohen_kappa": 0.7264705882352941, "mcc": 0.7264705882352941, "data_info": {"train_count": 369, "test_count": 93, "actives_count": 42, "decoys_count": 420}}, "mlp": {"protein_name": "hypoxia_inducible_factor_1_alpha", "uniprot_id": "Q16665", "roc_auc": 0.713235294117647, "accuracy": 0.956989247311828, "f1_score": 0.954167113206873, "cohen_kappa": 0.6915422885572139, "mcc": 0.6999166858562235, "data_info": {"train_count": 369, "test_count": 93, "actives_count": 42, "decoys_count": 420}}}