{"xgb": {"protein_name": "ceramide_glucosyltransferase", "uniprot_id": "Q16739", "roc_auc": 0.9991526770110681, "accuracy": 0.9881516587677726, "f1_score": 0.9865419164158018, "cohen_kappa": 0.7166454038810179, "mcc": 0.7472721980506072, "data_info": {"train_count": 3374, "test_count": 844, "actives_count": 114, "decoys_count": 4104}}, "rf": {"protein_name": "ceramide_glucosyltransferase", "uniprot_id": "Q16739", "roc_auc": 1.0, "accuracy": 0.9988151658767772, "f1_score": 0.9988023616235215, "cohen_kappa": 0.9771694438433239, "mcc": 0.9774242105553085, "data_info": {"train_count": 3374, "test_count": 844, "actives_count": 114, "decoys_count": 4104}}, "svc": {"protein_name": "ceramide_glucosyltransferase", "uniprot_id": "Q16739", "roc_auc": 1.0, "accuracy": 0.9988151658767772, "f1_score": 0.9988274094853218, "cohen_kappa": 0.978114303495488, "mcc": 0.9783486380903632, "data_info": {"train_count": 3374, "test_count": 844, "actives_count": 114, "decoys_count": 4104}}, "ann": {"protein_name": "ceramide_glucosyltransferase", "uniprot_id": "Q16739", "roc_auc": 1.0, "accuracy": 1.0, "f1_score": 1.0, "cohen_kappa": 1.0, "mcc": 1.0, "data_info": {"train_count": 3374, "test_count": 844, "actives_count": 114, "decoys_count": 4104}}}