{"xgb": {"protein_name": "glutaminyl_peptide_cyclotransferase", "uniprot_id": "Q16769", "roc_auc": 0.9984095333048474, "accuracy": 0.99057344854674, "f1_score": 0.9895861754728488, "cohen_kappa": 0.7811210453920221, "mcc": 0.8005323380494647, "data_info": {"train_count": 5091, "test_count": 1273, "actives_count": 172, "decoys_count": 6192}}, "rf": {"protein_name": "glutaminyl_peptide_cyclotransferase", "uniprot_id": "Q16769", "roc_auc": 0.9999525233822343, "accuracy": 0.9968578161822467, "f1_score": 0.9967621549152325, "cohen_kappa": 0.9358948534595629, "mcc": 0.9378238165857532, "data_info": {"train_count": 5091, "test_count": 1273, "actives_count": 172, "decoys_count": 6192}}, "svc": {"protein_name": "glutaminyl_peptide_cyclotransferase", "uniprot_id": "Q16769", "roc_auc": 0.9994777572045767, "accuracy": 0.9960722702278083, "f1_score": 0.9961528699919769, "cohen_kappa": 0.9275609728339422, "mcc": 0.9284383292035361, "data_info": {"train_count": 5091, "test_count": 1273, "actives_count": 172, "decoys_count": 6192}}, "ann": {"protein_name": "glutaminyl_peptide_cyclotransferase", "uniprot_id": "Q16769", "roc_auc": 0.9996676636756398, "accuracy": 0.9968578161822467, "f1_score": 0.996811474346127, "cohen_kappa": 0.9377825566335134, "mcc": 0.9382366569898821, "data_info": {"train_count": 5091, "test_count": 1273, "actives_count": 172, "decoys_count": 6192}}}