{"xgb": {"protein_name": "discoidin_domain_containing_receptor_2", "uniprot_id": "Q16832", "roc_auc": 0.9871794871794871, "accuracy": 0.9295774647887324, "f1_score": 0.9057306803785676, "cohen_kappa": 0.2680412371134021, "mcc": 0.3933978962347216, "data_info": {"train_count": 281, "test_count": 71, "actives_count": 32, "decoys_count": 320}}, "rf": {"protein_name": "discoidin_domain_containing_receptor_2", "uniprot_id": "Q16832", "roc_auc": 0.9512820512820512, "accuracy": 0.9859154929577465, "f1_score": 0.985329045752656, "cohen_kappa": 0.9015256588072122, "mcc": 0.9059288441743483, "data_info": {"train_count": 281, "test_count": 71, "actives_count": 32, "decoys_count": 320}}, "svc": {"protein_name": "discoidin_domain_containing_receptor_2", "uniprot_id": "Q16832", "roc_auc": 0.9820512820512821, "accuracy": 0.971830985915493, "f1_score": 0.971830985915493, "cohen_kappa": 0.8179487179487179, "mcc": 0.8179487179487179, "data_info": {"train_count": 281, "test_count": 71, "actives_count": 32, "decoys_count": 320}}, "mlp": {"protein_name": "discoidin_domain_containing_receptor_2", "uniprot_id": "Q16832", "roc_auc": 0.976923076923077, "accuracy": 0.9859154929577465, "f1_score": 0.985329045752656, "cohen_kappa": 0.9015256588072122, "mcc": 0.9059288441743483, "data_info": {"train_count": 281, "test_count": 71, "actives_count": 32, "decoys_count": 320}}}