{"xgb": {"protein_name": "membrane_primary_amine_oxidase", "uniprot_id": "Q16853", "roc_auc": 0.97728, "accuracy": 0.9745454545454545, "f1_score": 0.9726492946528724, "cohen_kappa": 0.8237986270022883, "mcc": 0.836892528977506, "data_info": {"train_count": 1100, "test_count": 275, "actives_count": 125, "decoys_count": 1250}}, "rf": {"protein_name": "membrane_primary_amine_oxidase", "uniprot_id": "Q16853", "roc_auc": 0.9828000000000001, "accuracy": 0.9854545454545455, "f1_score": 0.9848798544450719, "cohen_kappa": 0.9051724137931034, "mcc": 0.9092698463840683, "data_info": {"train_count": 1100, "test_count": 275, "actives_count": 125, "decoys_count": 1250}}, "svc": {"protein_name": "membrane_primary_amine_oxidase", "uniprot_id": "Q16853", "roc_auc": 0.9598399999999999, "accuracy": 0.9672727272727273, "f1_score": 0.9681001963755086, "cohen_kappa": 0.8121442125237192, "mcc": 0.8137411550596574, "data_info": {"train_count": 1100, "test_count": 275, "actives_count": 125, "decoys_count": 1250}}, "ann": {"protein_name": "membrane_primary_amine_oxidase", "uniprot_id": "Q16853", "roc_auc": 0.9572799999999999, "accuracy": 0.9781818181818182, "f1_score": 0.9777707352408547, "cohen_kappa": 0.8630705394190872, "mcc": 0.8639709628839932, "data_info": {"train_count": 1100, "test_count": 275, "actives_count": 125, "decoys_count": 1250}}}