{"xgb": {"protein_name": "dipeptidyl_peptidase_8", "uniprot_id": "Q6V1X1", "roc_auc": 0.998719590268886, "accuracy": 0.9911894273127754, "f1_score": 0.9903473770318376, "cohen_kappa": 0.8000174020860751, "mcc": 0.8165113817829888, "data_info": {"train_count": 8169, "test_count": 2043, "actives_count": 276, "decoys_count": 9936}}, "rf": {"protein_name": "dipeptidyl_peptidase_8", "uniprot_id": "Q6V1X1", "roc_auc": 0.9999268337296505, "accuracy": 0.9965736661771905, "f1_score": 0.9964602481961259, "cohen_kappa": 0.9302896918824854, "mcc": 0.932558347649269, "data_info": {"train_count": 8169, "test_count": 2043, "actives_count": 276, "decoys_count": 9936}}, "svc": {"protein_name": "dipeptidyl_peptidase_8", "uniprot_id": "Q6V1X1", "roc_auc": 0.9878818364733857, "accuracy": 0.9926578560939795, "f1_score": 0.9929271715682315, "cohen_kappa": 0.8701906581327279, "mcc": 0.8728420884024272, "data_info": {"train_count": 8169, "test_count": 2043, "actives_count": 276, "decoys_count": 9936}}, "ann": {"protein_name": "dipeptidyl_peptidase_8", "uniprot_id": "Q6V1X1", "roc_auc": 0.986345344796049, "accuracy": 0.9926578560939795, "f1_score": 0.9924876538847969, "cohen_kappa": 0.8533837284405426, "mcc": 0.8544047032488272, "data_info": {"train_count": 8169, "test_count": 2043, "actives_count": 276, "decoys_count": 9936}}}