{"xgb": {"protein_name": "nad_dependent_protein_deacetylase_sirtuin_2", "uniprot_id": "Q8IXJ6", "roc_auc": 0.9989225589225589, "accuracy": 0.9834437086092715, "f1_score": 0.9830016674286448, "cohen_kappa": 0.8929533531830427, "mcc": 0.8948008922703004, "data_info": {"train_count": 1205, "test_count": 302, "actives_count": 137, "decoys_count": 1370}}, "rf": {"protein_name": "nad_dependent_protein_deacetylase_sirtuin_2", "uniprot_id": "Q8IXJ6", "roc_auc": 0.997037037037037, "accuracy": 0.9900662251655629, "f1_score": 0.9898010004571869, "cohen_kappa": 0.9357720119098256, "mcc": 0.9377081436938682, "data_info": {"train_count": 1205, "test_count": 302, "actives_count": 137, "decoys_count": 1370}}, "svc": {"protein_name": "nad_dependent_protein_deacetylase_sirtuin_2", "uniprot_id": "Q8IXJ6", "roc_auc": 0.9903030303030302, "accuracy": 0.9867549668874173, "f1_score": 0.9869673155674025, "cohen_kappa": 0.9212824188713671, "mcc": 0.921996834941087, "data_info": {"train_count": 1205, "test_count": 302, "actives_count": 137, "decoys_count": 1370}}, "mlp": {"protein_name": "nad_dependent_protein_deacetylase_sirtuin_2", "uniprot_id": "Q8IXJ6", "roc_auc": 0.98006734006734, "accuracy": 0.9933774834437086, "f1_score": 0.9932621246686896, "cohen_kappa": 0.9579211369653058, "mcc": 0.9587703271269759, "data_info": {"train_count": 1205, "test_count": 302, "actives_count": 137, "decoys_count": 1370}}}