{"xgb": {"protein_name": "carbonic_anhydrase_13", "uniprot_id": "Q8N1Q1", "roc_auc": 0.9991080348223206, "accuracy": 0.9912536443148688, "f1_score": 0.9906441421765323, "cohen_kappa": 0.8119402985074626, "mcc": 0.8207677342949549, "data_info": {"train_count": 4114, "test_count": 1029, "actives_count": 139, "decoys_count": 5004}}, "rf": {"protein_name": "carbonic_anhydrase_13", "uniprot_id": "Q8N1Q1", "roc_auc": 0.9996610532324818, "accuracy": 0.9951409135082604, "f1_score": 0.9950070274192584, "cohen_kappa": 0.9031748122776972, "mcc": 0.90470280766687, "data_info": {"train_count": 4114, "test_count": 1029, "actives_count": 139, "decoys_count": 5004}}, "svc": {"protein_name": "carbonic_anhydrase_13", "uniprot_id": "Q8N1Q1", "roc_auc": 0.9936492079349223, "accuracy": 0.9883381924198251, "f1_score": 0.9888849456648652, "cohen_kappa": 0.8004976249717258, "mcc": 0.8045101901172752, "data_info": {"train_count": 4114, "test_count": 1029, "actives_count": 139, "decoys_count": 5004}}, "ann": {"protein_name": "carbonic_anhydrase_13", "uniprot_id": "Q8N1Q1", "roc_auc": 0.9991793920365348, "accuracy": 0.9961127308066083, "f1_score": 0.9962384152860343, "cohen_kappa": 0.9313404950957497, "mcc": 0.9335435161273932, "data_info": {"train_count": 4114, "test_count": 1029, "actives_count": 139, "decoys_count": 5004}}}