{"xgb": {"protein_name": "transient_receptor_potential_cation_channel_subfamily_v_member_3", "uniprot_id": "Q8NET8", "roc_auc": 0.9953827211163555, "accuracy": 0.997946611909651, "f1_score": 0.99793596831914, "cohen_kappa": 0.9873785149669561, "mcc": 0.9874571699935459, "data_info": {"train_count": 1944, "test_count": 487, "actives_count": 221, "decoys_count": 2210}}, "rf": {"protein_name": "transient_receptor_potential_cation_channel_subfamily_v_member_3", "uniprot_id": "Q8NET8", "roc_auc": 0.9927919146316437, "accuracy": 0.997946611909651, "f1_score": 0.99793596831914, "cohen_kappa": 0.9873785149669561, "mcc": 0.9874571699935459, "data_info": {"train_count": 1944, "test_count": 487, "actives_count": 221, "decoys_count": 2210}}, "svc": {"protein_name": "transient_receptor_potential_cation_channel_subfamily_v_member_3", "uniprot_id": "Q8NET8", "roc_auc": 0.9997947876051714, "accuracy": 0.9917864476386037, "f1_score": 0.9918684179826829, "cohen_kappa": 0.9510331305615605, "mcc": 0.9513183017475139, "data_info": {"train_count": 1944, "test_count": 487, "actives_count": 221, "decoys_count": 2210}}, "ann": {"protein_name": "transient_receptor_potential_cation_channel_subfamily_v_member_3", "uniprot_id": "Q8NET8", "roc_auc": 0.9841986455981943, "accuracy": 0.9958932238193019, "f1_score": 0.9958500953558497, "cohen_kappa": 0.9744932697847378, "mcc": 0.9748104239363227, "data_info": {"train_count": 1944, "test_count": 487, "actives_count": 221, "decoys_count": 2210}}}