{"xgb": {"protein_name": "glucose_dependent_insulinotropic_receptor", "uniprot_id": "Q8TDV5", "roc_auc": 0.9996527777777778, "accuracy": 0.9898580121703854, "f1_score": 0.9895878593314167, "cohen_kappa": 0.9356480877170082, "mcc": 0.9375914639382863, "data_info": {"train_count": 1971, "test_count": 493, "actives_count": 224, "decoys_count": 2240}}, "rf": {"protein_name": "glucose_dependent_insulinotropic_receptor", "uniprot_id": "Q8TDV5", "roc_auc": 0.9994295634920635, "accuracy": 0.9959432048681541, "f1_score": 0.9959016225127079, "cohen_kappa": 0.9750468188490156, "mcc": 0.9753505226201034, "data_info": {"train_count": 1971, "test_count": 493, "actives_count": 224, "decoys_count": 2240}}, "svc": {"protein_name": "glucose_dependent_insulinotropic_receptor", "uniprot_id": "Q8TDV5", "roc_auc": 0.9996527777777778, "accuracy": 0.9979716024340771, "f1_score": 0.997961337598525, "cohen_kappa": 0.9876493724478292, "mcc": 0.9877247080970485, "data_info": {"train_count": 1971, "test_count": 493, "actives_count": 224, "decoys_count": 2240}}, "ann": {"protein_name": "glucose_dependent_insulinotropic_receptor", "uniprot_id": "Q8TDV5", "roc_auc": 0.9981150793650793, "accuracy": 0.9918864097363083, "f1_score": 0.9918032450254155, "cohen_kappa": 0.9500936376980311, "mcc": 0.950389569149811, "data_info": {"train_count": 1971, "test_count": 493, "actives_count": 224, "decoys_count": 2240}}}