{"xgb": {"protein_name": "histone_deacetylase_7", "uniprot_id": "Q8WUI4", "roc_auc": 0.9939516129032259, "accuracy": 0.9361702127659575, "f1_score": 0.9343416671369716, "cohen_kappa": 0.8511087645195354, "mcc": 0.8607025174410795, "data_info": {"train_count": 184, "test_count": 47, "actives_count": 77, "decoys_count": 154}}, "rf": {"protein_name": "histone_deacetylase_7", "uniprot_id": "Q8WUI4", "roc_auc": 0.995967741935484, "accuracy": 0.8936170212765957, "f1_score": 0.8877362596003434, "cohen_kappa": 0.7437295528898582, "mcc": 0.7694243880258078, "data_info": {"train_count": 184, "test_count": 47, "actives_count": 77, "decoys_count": 154}}, "svc": {"protein_name": "histone_deacetylase_7", "uniprot_id": "Q8WUI4", "roc_auc": 0.997983870967742, "accuracy": 0.9787234042553191, "f1_score": 0.9785490952272009, "cohen_kappa": 0.9518935516888434, "mcc": 0.9529969176235566, "data_info": {"train_count": 184, "test_count": 47, "actives_count": 77, "decoys_count": 154}}, "ann": {"protein_name": "histone_deacetylase_7", "uniprot_id": "Q8WUI4", "roc_auc": 0.9334677419354839, "accuracy": 0.8723404255319149, "f1_score": 0.8723404255319149, "cohen_kappa": 0.7157258064516129, "mcc": 0.7157258064516129, "data_info": {"train_count": 184, "test_count": 47, "actives_count": 77, "decoys_count": 154}}}