{"xgb": {"protein_name": "kiss_1_receptor", "uniprot_id": "Q969F8", "roc_auc": 0.9977240896358543, "accuracy": 0.9885496183206107, "f1_score": 0.9886544059166456, "cohen_kappa": 0.9324626224437188, "mcc": 0.9326990033703085, "data_info": {"train_count": 1047, "test_count": 262, "actives_count": 119, "decoys_count": 1190}}, "rf": {"protein_name": "kiss_1_receptor", "uniprot_id": "Q969F8", "roc_auc": 1.0, "accuracy": 0.9961832061068703, "f1_score": 0.9962181353055485, "cohen_kappa": 0.9774875408145729, "mcc": 0.9777353356377285, "data_info": {"train_count": 1047, "test_count": 262, "actives_count": 119, "decoys_count": 1190}}, "svc": {"protein_name": "kiss_1_receptor", "uniprot_id": "Q969F8", "roc_auc": 1.0, "accuracy": 1.0, "f1_score": 1.0, "cohen_kappa": 1.0, "mcc": 1.0, "data_info": {"train_count": 1047, "test_count": 262, "actives_count": 119, "decoys_count": 1190}}, "ann": {"protein_name": "kiss_1_receptor", "uniprot_id": "Q969F8", "roc_auc": 0.9968487394957983, "accuracy": 0.9923664122137404, "f1_score": 0.9923664122137404, "cohen_kappa": 0.9541316526610644, "mcc": 0.9541316526610645, "data_info": {"train_count": 1047, "test_count": 262, "actives_count": 119, "decoys_count": 1190}}}