{"xgb": {"protein_name": "aurora_kinase_b", "uniprot_id": "Q96GD4", "roc_auc": 0.9985590897080195, "accuracy": 0.9951071761416589, "f1_score": 0.9948698301375575, "cohen_kappa": 0.8979913351713273, "mcc": 0.9027002618187469, "data_info": {"train_count": 17168, "test_count": 4292, "actives_count": 580, "decoys_count": 20880}}, "rf": {"protein_name": "aurora_kinase_b", "uniprot_id": "Q96GD4", "roc_auc": 0.998205055159202, "accuracy": 0.9965051258154707, "f1_score": 0.9963874679635907, "cohen_kappa": 0.9290916059793024, "mcc": 0.9314361875675539, "data_info": {"train_count": 17168, "test_count": 4292, "actives_count": 580, "decoys_count": 20880}}, "svc": {"protein_name": "aurora_kinase_b", "uniprot_id": "Q96GD4", "roc_auc": 0.9980595190910292, "accuracy": 0.9976700838769804, "f1_score": 0.9976892707314283, "cohen_kappa": 0.9564295807819124, "mcc": 0.9565748673323501, "data_info": {"train_count": 17168, "test_count": 4292, "actives_count": 580, "decoys_count": 20880}}, "mlp": {"protein_name": "aurora_kinase_b", "uniprot_id": "Q96GD4", "roc_auc": 0.9982845323028141, "accuracy": 0.9976700838769804, "f1_score": 0.9976399920812249, "cohen_kappa": 0.9545566199950872, "mcc": 0.9549116439734042, "data_info": {"train_count": 17168, "test_count": 4292, "actives_count": 580, "decoys_count": 20880}}}