{"xgb": {"protein_name": "carboxypeptidase_b2", "uniprot_id": "Q96IY4", "roc_auc": 0.9932343617103534, "accuracy": 0.9969543147208122, "f1_score": 0.9968671164235752, "cohen_kappa": 0.9396187090050879, "mcc": 0.9413362850855609, "data_info": {"train_count": 3936, "test_count": 985, "actives_count": 133, "decoys_count": 4788}}, "rf": {"protein_name": "carboxypeptidase_b2", "uniprot_id": "Q96IY4", "roc_auc": 1.0, "accuracy": 0.9989847715736041, "f1_score": 0.9989754587430868, "cohen_kappa": 0.9806106179012224, "mcc": 0.9807949992592587, "data_info": {"train_count": 3936, "test_count": 985, "actives_count": 133, "decoys_count": 4788}}, "svc": {"protein_name": "carboxypeptidase_b2", "uniprot_id": "Q96IY4", "roc_auc": 1.0, "accuracy": 0.9989847715736041, "f1_score": 0.9989937358502388, "cohen_kappa": 0.9812961661887853, "mcc": 0.9814678563240448, "data_info": {"train_count": 3936, "test_count": 985, "actives_count": 133, "decoys_count": 4788}}, "mlp": {"protein_name": "carboxypeptidase_b2", "uniprot_id": "Q96IY4", "roc_auc": 0.9874739039665971, "accuracy": 0.9949238578680203, "f1_score": 0.9946714771439323, "cohen_kappa": 0.8953841578690231, "mcc": 0.9003245016657498, "data_info": {"train_count": 3936, "test_count": 985, "actives_count": 133, "decoys_count": 4788}}}