{"xgb": {"protein_name": "egl_nine_homolog_2", "uniprot_id": "Q96KS0", "roc_auc": 0.9694616977225673, "accuracy": 0.9868421052631579, "f1_score": 0.9863833629452715, "cohen_kappa": 0.915929203539823, "mcc": 0.9191833109797378, "data_info": {"train_count": 607, "test_count": 152, "actives_count": 69, "decoys_count": 690}}, "rf": {"protein_name": "egl_nine_homolog_2", "uniprot_id": "Q96KS0", "roc_auc": 0.9539337474120083, "accuracy": 0.993421052631579, "f1_score": 0.9933110956291654, "cohen_kappa": 0.9593582887700535, "mcc": 0.9601515810442152, "data_info": {"train_count": 607, "test_count": 152, "actives_count": 69, "decoys_count": 690}}, "svc": {"protein_name": "egl_nine_homolog_2", "uniprot_id": "Q96KS0", "roc_auc": 0.9622153209109732, "accuracy": 0.9868421052631579, "f1_score": 0.9868421052631579, "cohen_kappa": 0.9213250517598344, "mcc": 0.9213250517598344, "data_info": {"train_count": 607, "test_count": 152, "actives_count": 69, "decoys_count": 690}}, "ann": {"protein_name": "egl_nine_homolog_2", "uniprot_id": "Q96KS0", "roc_auc": 0.9963768115942029, "accuracy": 0.9868421052631579, "f1_score": 0.9868421052631579, "cohen_kappa": 0.9213250517598344, "mcc": 0.9213250517598344, "data_info": {"train_count": 607, "test_count": 152, "actives_count": 69, "decoys_count": 690}}}