{"xgb": {"protein_name": "melanin_concentrating_hormone_receptor_1", "uniprot_id": "Q99705", "roc_auc": 0.9999731946767065, "accuracy": 0.9979811574697174, "f1_score": 0.9979755100269275, "cohen_kappa": 0.9877103185907391, "mcc": 0.9877333410131718, "data_info": {"train_count": 17828, "test_count": 4458, "actives_count": 2026, "decoys_count": 20260}}, "rf": {"protein_name": "melanin_concentrating_hormone_receptor_1", "uniprot_id": "Q99705", "roc_auc": 0.9998854681641094, "accuracy": 0.9979811574697174, "f1_score": 0.9979709351637736, "cohen_kappa": 0.987655141475734, "mcc": 0.9877304071938136, "data_info": {"train_count": 17828, "test_count": 4458, "actives_count": 2026, "decoys_count": 20260}}, "svc": {"protein_name": "melanin_concentrating_hormone_receptor_1", "uniprot_id": "Q99705", "roc_auc": 0.9996564044923285, "accuracy": 0.9977568416330193, "f1_score": 0.9977617993490983, "cohen_kappa": 0.9864807573687151, "mcc": 0.9864951816059068, "data_info": {"train_count": 17828, "test_count": 4458, "actives_count": 2026, "decoys_count": 20260}}, "ann": {"protein_name": "melanin_concentrating_hormone_receptor_1", "uniprot_id": "Q99705", "roc_auc": 0.9992981878992242, "accuracy": 0.996859578286227, "f1_score": 0.9968490216933203, "cohen_kappa": 0.980861332052761, "mcc": 0.9808943286668227, "data_info": {"train_count": 17828, "test_count": 4458, "actives_count": 2026, "decoys_count": 20260}}}