{"xgb": {"protein_name": "equilibrative_nucleoside_transporter_1", "uniprot_id": "Q99808", "roc_auc": 0.9936498757817185, "accuracy": 0.9939984996249063, "f1_score": 0.9936326318320549, "cohen_kappa": 0.8719746446407991, "mcc": 0.8792097539271251, "data_info": {"train_count": 5329, "test_count": 1333, "actives_count": 181, "decoys_count": 6481}}, "rf": {"protein_name": "equilibrative_nucleoside_transporter_1", "uniprot_id": "Q99808", "roc_auc": 0.9914760558553928, "accuracy": 0.9977494373593399, "f1_score": 0.9977018119859526, "cohen_kappa": 0.9553688016874812, "mcc": 0.9563217460934798, "data_info": {"train_count": 5329, "test_count": 1333, "actives_count": 181, "decoys_count": 6481}}, "svc": {"protein_name": "equilibrative_nucleoside_transporter_1", "uniprot_id": "Q99808", "roc_auc": 0.984601216482481, "accuracy": 0.9984996249062266, "f1_score": 0.9984996249062266, "cohen_kappa": 0.9714512121990919, "mcc": 0.9714512121990919, "data_info": {"train_count": 5329, "test_count": 1333, "actives_count": 181, "decoys_count": 6481}}, "ann": {"protein_name": "equilibrative_nucleoside_transporter_1", "uniprot_id": "Q99808", "roc_auc": 0.991840143921871, "accuracy": 0.9962490622655664, "f1_score": 0.9961696866432541, "cohen_kappa": 0.9256146694791353, "mcc": 0.9265379352586253, "data_info": {"train_count": 5329, "test_count": 1333, "actives_count": 181, "decoys_count": 6481}}}