{"xgb": {"protein_name": "chymotrypsin_c", "uniprot_id": "Q99895", "roc_auc": 0.9807692307692307, "accuracy": 0.9767441860465116, "f1_score": 0.9752302451743134, "cohen_kappa": 0.8447653429602888, "mcc": 0.8551315688243534, "data_info": {"train_count": 343, "test_count": 86, "actives_count": 39, "decoys_count": 390}}, "rf": {"protein_name": "chymotrypsin_c", "uniprot_id": "Q99895", "roc_auc": 0.9919871794871795, "accuracy": 0.9883720930232558, "f1_score": 0.9880215276749125, "cohen_kappa": 0.9269949066213922, "mcc": 0.9294751479372171, "data_info": {"train_count": 343, "test_count": 86, "actives_count": 39, "decoys_count": 390}}, "svc": {"protein_name": "chymotrypsin_c", "uniprot_id": "Q99895", "roc_auc": 0.9150641025641025, "accuracy": 0.9883720930232558, "f1_score": 0.9880215276749125, "cohen_kappa": 0.9269949066213922, "mcc": 0.9294751479372171, "data_info": {"train_count": 343, "test_count": 86, "actives_count": 39, "decoys_count": 390}}, "mlp": {"protein_name": "chymotrypsin_c", "uniprot_id": "Q99895", "roc_auc": 0.8589743589743589, "accuracy": 0.9651162790697675, "f1_score": 0.9614203260539373, "cohen_kappa": 0.7514450867052023, "mcc": 0.775791113542719, "data_info": {"train_count": 343, "test_count": 86, "actives_count": 39, "decoys_count": 390}}}