{"xgb": {"protein_name": "protein_arginine_n_methyltransferase_1", "uniprot_id": "Q99873", "roc_auc": 0.8226415094339623, "accuracy": 0.9655172413793104, "f1_score": 0.9615261813537676, "cohen_kappa": 0.7327188940092166, "mcc": 0.7603826787755086, "data_info": {"train_count": 228, "test_count": 58, "actives_count": 26, "decoys_count": 260}}, "rf": {"protein_name": "protein_arginine_n_methyltransferase_1", "uniprot_id": "Q99873", "roc_auc": 0.9924528301886792, "accuracy": 0.9655172413793104, "f1_score": 0.9615261813537676, "cohen_kappa": 0.7327188940092166, "mcc": 0.7603826787755086, "data_info": {"train_count": 228, "test_count": 58, "actives_count": 26, "decoys_count": 260}}, "svc": {"protein_name": "protein_arginine_n_methyltransferase_1", "uniprot_id": "Q99873", "roc_auc": 0.9735849056603774, "accuracy": 0.9655172413793104, "f1_score": 0.9615261813537676, "cohen_kappa": 0.7327188940092166, "mcc": 0.7603826787755086, "data_info": {"train_count": 228, "test_count": 58, "actives_count": 26, "decoys_count": 260}}, "ann": {"protein_name": "protein_arginine_n_methyltransferase_1", "uniprot_id": "Q99873", "roc_auc": 0.6943396226415095, "accuracy": 0.9482758620689655, "f1_score": 0.9379039182898721, "cohen_kappa": 0.5492227979274611, "mcc": 0.615281584781658, "data_info": {"train_count": 228, "test_count": 58, "actives_count": 26, "decoys_count": 260}}}