{"xgb": {"protein_name": "histone_deacetylase_8", "uniprot_id": "Q9BY41", "roc_auc": 0.9832653201193375, "accuracy": 0.9723756906077348, "f1_score": 0.9723176643380059, "cohen_kappa": 0.9376743225095554, "mcc": 0.9377471787319244, "data_info": {"train_count": 1447, "test_count": 362, "actives_count": 603, "decoys_count": 1206}}, "rf": {"protein_name": "histone_deacetylase_8", "uniprot_id": "Q9BY41", "roc_auc": 0.9882720071328143, "accuracy": 0.9806629834254144, "f1_score": 0.9805582724561709, "cohen_kappa": 0.9560999272374484, "mcc": 0.9565703281065164, "data_info": {"train_count": 1447, "test_count": 362, "actives_count": 603, "decoys_count": 1206}}, "svc": {"protein_name": "histone_deacetylase_8", "uniprot_id": "Q9BY41", "roc_auc": 0.9460580912863071, "accuracy": 0.9419889502762431, "f1_score": 0.9418042798078131, "cohen_kappa": 0.8688451054138919, "mcc": 0.868997651002281, "data_info": {"train_count": 1447, "test_count": 362, "actives_count": 603, "decoys_count": 1206}}, "ann": {"protein_name": "histone_deacetylase_8", "uniprot_id": "Q9BY41", "roc_auc": 0.9706457254552314, "accuracy": 0.9530386740331491, "f1_score": 0.9529898581053639, "cohen_kappa": 0.894264801896842, "mcc": 0.8942820996647718, "data_info": {"train_count": 1447, "test_count": 362, "actives_count": 603, "decoys_count": 1206}}}