{"xgb": {"protein_name": "egl_nine_homolog_1", "uniprot_id": "Q9GZT9", "roc_auc": 0.9994873547505128, "accuracy": 0.9934782608695653, "f1_score": 0.9933691477662043, "cohen_kappa": 0.9593926553672316, "mcc": 0.9601846333026475, "data_info": {"train_count": 1839, "test_count": 460, "actives_count": 209, "decoys_count": 2090}}, "rf": {"protein_name": "egl_nine_homolog_1", "uniprot_id": "Q9GZT9", "roc_auc": 0.9998291182501708, "accuracy": 0.9934782608695653, "f1_score": 0.9933691477662043, "cohen_kappa": 0.9593926553672316, "mcc": 0.9601846333026475, "data_info": {"train_count": 1839, "test_count": 460, "actives_count": 209, "decoys_count": 2090}}, "svc": {"protein_name": "egl_nine_homolog_1", "uniprot_id": "Q9GZT9", "roc_auc": 0.9984620642515379, "accuracy": 0.9934782608695653, "f1_score": 0.9935127188079085, "cohen_kappa": 0.9611136158701533, "mcc": 0.9611943676455389, "data_info": {"train_count": 1839, "test_count": 460, "actives_count": 209, "decoys_count": 2090}}, "ann": {"protein_name": "egl_nine_homolog_1", "uniprot_id": "Q9GZT9", "roc_auc": 0.9998860788334473, "accuracy": 0.9934782608695653, "f1_score": 0.9933691477662043, "cohen_kappa": 0.9593926553672316, "mcc": 0.9601846333026475, "data_info": {"train_count": 1839, "test_count": 460, "actives_count": 209, "decoys_count": 2090}}}