{"xgb": {"protein_name": "p2y_purinoceptor_12", "uniprot_id": "Q9H244", "roc_auc": 0.9999481798160382, "accuracy": 0.997808619430241, "f1_score": 0.9977965213347063, "cohen_kappa": 0.9865519307655282, "mcc": 0.9866411521051083, "data_info": {"train_count": 5473, "test_count": 1369, "actives_count": 622, "decoys_count": 6220}}, "rf": {"protein_name": "p2y_purinoceptor_12", "uniprot_id": "Q9H244", "roc_auc": 1.0, "accuracy": 0.9985390796201608, "f1_score": 0.9985337271635629, "cohen_kappa": 0.9910674087655538, "mcc": 0.991106950353928, "data_info": {"train_count": 5473, "test_count": 1369, "actives_count": 622, "decoys_count": 6220}}, "svc": {"protein_name": "p2y_purinoceptor_12", "uniprot_id": "Q9H244", "roc_auc": 0.9994688431143931, "accuracy": 0.9948867786705624, "f1_score": 0.9949321604871827, "cohen_kappa": 0.9695163265630716, "mcc": 0.9697462367009124, "data_info": {"train_count": 5473, "test_count": 1369, "actives_count": 622, "decoys_count": 6220}}, "ann": {"protein_name": "p2y_purinoceptor_12", "uniprot_id": "Q9H244", "roc_auc": 0.9976551366757351, "accuracy": 0.9963476990504018, "f1_score": 0.996341038827989, "cohen_kappa": 0.9777498951693381, "mcc": 0.9777595763504965, "data_info": {"train_count": 5473, "test_count": 1369, "actives_count": 622, "decoys_count": 6220}}}