{"xgb": {"protein_name": "sphingosine_1_phosphate_receptor_5", "uniprot_id": "Q9H228", "roc_auc": 0.9962406015037595, "accuracy": 0.9904153354632588, "f1_score": 0.9901691621174569, "cohen_kappa": 0.9381789452893541, "mcc": 0.9399768867472474, "data_info": {"train_count": 1249, "test_count": 313, "actives_count": 142, "decoys_count": 1420}}, "rf": {"protein_name": "sphingosine_1_phosphate_receptor_5", "uniprot_id": "Q9H228", "roc_auc": 0.9903508771929825, "accuracy": 0.9968051118210862, "f1_score": 0.9967788650084717, "cohen_kappa": 0.9800675030248998, "mcc": 0.9802622536413844, "data_info": {"train_count": 1249, "test_count": 313, "actives_count": 142, "decoys_count": 1420}}, "svc": {"protein_name": "sphingosine_1_phosphate_receptor_5", "uniprot_id": "Q9H228", "roc_auc": 0.9689223057644111, "accuracy": 0.9936102236421726, "f1_score": 0.9936102236421726, "cohen_kappa": 0.9607769423558897, "mcc": 0.9607769423558897, "data_info": {"train_count": 1249, "test_count": 313, "actives_count": 142, "decoys_count": 1420}}, "ann": {"protein_name": "sphingosine_1_phosphate_receptor_5", "uniprot_id": "Q9H228", "roc_auc": 0.9667919799498746, "accuracy": 0.9968051118210862, "f1_score": 0.9967788650084717, "cohen_kappa": 0.9800675030248998, "mcc": 0.9802622536413844, "data_info": {"train_count": 1249, "test_count": 313, "actives_count": 142, "decoys_count": 1420}}}