{"xgb": {"protein_name": "serine_threonine_protein_kinase_plk3", "uniprot_id": "Q9H4B4", "roc_auc": 0.9434523809523809, "accuracy": 0.9354838709677419, "f1_score": 0.9204671857619577, "cohen_kappa": 0.47457627118644075, "mcc": 0.5577733510227171, "data_info": {"train_count": 246, "test_count": 62, "actives_count": 28, "decoys_count": 280}}, "rf": {"protein_name": "serine_threonine_protein_kinase_plk3", "uniprot_id": "Q9H4B4", "roc_auc": 0.9732142857142857, "accuracy": 0.9838709677419355, "f1_score": 0.9832091973113954, "cohen_kappa": 0.9003215434083601, "mcc": 0.9048278567177281, "data_info": {"train_count": 246, "test_count": 62, "actives_count": 28, "decoys_count": 280}}, "svc": {"protein_name": "serine_threonine_protein_kinase_plk3", "uniprot_id": "Q9H4B4", "roc_auc": 0.9642857142857143, "accuracy": 0.9516129032258065, "f1_score": 0.9532559855140501, "cohen_kappa": 0.7423822714681441, "mcc": 0.7451347036974577, "data_info": {"train_count": 246, "test_count": 62, "actives_count": 28, "decoys_count": 280}}, "ann": {"protein_name": "serine_threonine_protein_kinase_plk3", "uniprot_id": "Q9H4B4", "roc_auc": 0.9255952380952381, "accuracy": 0.9838709677419355, "f1_score": 0.9832091973113954, "cohen_kappa": 0.9003215434083601, "mcc": 0.9048278567177281, "data_info": {"train_count": 246, "test_count": 62, "actives_count": 28, "decoys_count": 280}}}