{"xgb": {"protein_name": "dual_specificity_protein_kinase_clk4", "uniprot_id": "Q9HAZ1", "roc_auc": 1.0, "accuracy": 0.9615384615384616, "f1_score": 0.9592185592185591, "cohen_kappa": 0.8354430379746836, "mcc": 0.8469895538599198, "data_info": {"train_count": 100, "test_count": 26, "actives_count": 21, "decoys_count": 105}}, "rf": {"protein_name": "dual_specificity_protein_kinase_clk4", "uniprot_id": "Q9HAZ1", "roc_auc": 1.0, "accuracy": 0.9230769230769231, "f1_score": 0.9119286510590859, "cohen_kappa": 0.6285714285714286, "mcc": 0.67700320038633, "data_info": {"train_count": 100, "test_count": 26, "actives_count": 21, "decoys_count": 105}}, "svc": {"protein_name": "dual_specificity_protein_kinase_clk4", "uniprot_id": "Q9HAZ1", "roc_auc": 0.9659090909090908, "accuracy": 0.8846153846153846, "f1_score": 0.8896839594514012, "cohen_kappa": 0.5979381443298969, "mcc": 0.6033815244679472, "data_info": {"train_count": 100, "test_count": 26, "actives_count": 21, "decoys_count": 105}}, "ann": {"protein_name": "dual_specificity_protein_kinase_clk4", "uniprot_id": "Q9HAZ1", "roc_auc": 0.9204545454545454, "accuracy": 0.8846153846153846, "f1_score": 0.8776556776556775, "cohen_kappa": 0.5063291139240507, "mcc": 0.5133270023393454, "data_info": {"train_count": 100, "test_count": 26, "actives_count": 21, "decoys_count": 105}}}