{"xgb": {"protein_name": "map_kinase_interacting_serine_threonine_protein_kinase_2", "uniprot_id": "Q9HBH9", "roc_auc": 0.9553571428571428, "accuracy": 0.9781659388646288, "f1_score": 0.9768203204085746, "cohen_kappa": 0.8532239456479939, "mcc": 0.862565750303789, "data_info": {"train_count": 915, "test_count": 229, "actives_count": 104, "decoys_count": 1040}}, "rf": {"protein_name": "map_kinase_interacting_serine_threonine_protein_kinase_2", "uniprot_id": "Q9HBH9", "roc_auc": 0.9760760073260073, "accuracy": 0.9912663755458515, "f1_score": 0.991068928772905, "cohen_kappa": 0.945228414254963, "mcc": 0.9466494201744136, "data_info": {"train_count": 915, "test_count": 229, "actives_count": 104, "decoys_count": 1040}}, "svc": {"protein_name": "map_kinase_interacting_serine_threonine_protein_kinase_2", "uniprot_id": "Q9HBH9", "roc_auc": 0.972985347985348, "accuracy": 0.9912663755458515, "f1_score": 0.9912663755458515, "cohen_kappa": 0.94757326007326, "mcc": 0.94757326007326, "data_info": {"train_count": 915, "test_count": 229, "actives_count": 104, "decoys_count": 1040}}, "ann": {"protein_name": "map_kinase_interacting_serine_threonine_protein_kinase_2", "uniprot_id": "Q9HBH9", "roc_auc": 0.959478021978022, "accuracy": 0.982532751091703, "f1_score": 0.9821378575458097, "cohen_kappa": 0.8904568285099259, "mcc": 0.8917954937523638, "data_info": {"train_count": 915, "test_count": 229, "actives_count": 104, "decoys_count": 1040}}}