{"xgb": {"protein_name": "g_protein_coupled_receptor_35", "uniprot_id": "Q9HC97", "roc_auc": 0.8444444444444444, "accuracy": 0.9393939393939394, "f1_score": 0.9252199413489736, "cohen_kappa": 0.47619047619047616, "mcc": 0.5590169943749475, "data_info": {"train_count": 264, "test_count": 66, "actives_count": 30, "decoys_count": 300}}, "rf": {"protein_name": "g_protein_coupled_receptor_35", "uniprot_id": "Q9HC97", "roc_auc": 0.9444444444444444, "accuracy": 0.9393939393939394, "f1_score": 0.9252199413489736, "cohen_kappa": 0.47619047619047616, "mcc": 0.5590169943749475, "data_info": {"train_count": 264, "test_count": 66, "actives_count": 30, "decoys_count": 300}}, "svc": {"protein_name": "g_protein_coupled_receptor_35", "uniprot_id": "Q9HC97", "roc_auc": 0.7972222222222222, "accuracy": 0.9242424242424242, "f1_score": 0.9125400344912541, "cohen_kappa": 0.4086021505376345, "mcc": 0.43704152091682436, "data_info": {"train_count": 264, "test_count": 66, "actives_count": 30, "decoys_count": 300}}, "ann": {"protein_name": "g_protein_coupled_receptor_35", "uniprot_id": "Q9HC97", "roc_auc": 0.7250000000000001, "accuracy": 0.9545454545454546, "f1_score": 0.9475240206947523, "cohen_kappa": 0.6451612903225807, "mcc": 0.6900655593423543, "data_info": {"train_count": 264, "test_count": 66, "actives_count": 30, "decoys_count": 300}}}