{"xgb": {"protein_name": "serine_threonine_protein_kinase_plk2", "uniprot_id": "Q9NYY3", "roc_auc": 0.9833333333333333, "accuracy": 0.9622641509433962, "f1_score": 0.9622641509433962, "cohen_kappa": 0.7791666666666667, "mcc": 0.7791666666666667, "data_info": {"train_count": 211, "test_count": 53, "actives_count": 24, "decoys_count": 240}}, "rf": {"protein_name": "serine_threonine_protein_kinase_plk2", "uniprot_id": "Q9NYY3", "roc_auc": 0.9916666666666667, "accuracy": 0.9811320754716981, "f1_score": 0.9801811147852774, "cohen_kappa": 0.8787185354691076, "mcc": 0.885253336275981, "data_info": {"train_count": 211, "test_count": 53, "actives_count": 24, "decoys_count": 240}}, "svc": {"protein_name": "serine_threonine_protein_kinase_plk2", "uniprot_id": "Q9NYY3", "roc_auc": 1.0, "accuracy": 1.0, "f1_score": 1.0, "cohen_kappa": 1.0, "mcc": 1.0, "data_info": {"train_count": 211, "test_count": 53, "actives_count": 24, "decoys_count": 240}}, "mlp": {"protein_name": "serine_threonine_protein_kinase_plk2", "uniprot_id": "Q9NYY3", "roc_auc": 0.9625, "accuracy": 0.9622641509433962, "f1_score": 0.9622641509433962, "cohen_kappa": 0.7791666666666667, "mcc": 0.7791666666666667, "data_info": {"train_count": 211, "test_count": 53, "actives_count": 24, "decoys_count": 240}}}