{"xgb": {"protein_name": "toll_like_receptor_7", "uniprot_id": "Q9NYK1", "roc_auc": 0.9999999999999999, "accuracy": 0.9894736842105263, "f1_score": 0.9891945095653107, "cohen_kappa": 0.9354180829367778, "mcc": 0.9373749384443236, "data_info": {"train_count": 378, "test_count": 95, "actives_count": 43, "decoys_count": 430}}, "rf": {"protein_name": "toll_like_receptor_7", "uniprot_id": "Q9NYK1", "roc_auc": 1.0, "accuracy": 0.9894736842105263, "f1_score": 0.9891945095653107, "cohen_kappa": 0.9354180829367778, "mcc": 0.9373749384443236, "data_info": {"train_count": 378, "test_count": 95, "actives_count": 43, "decoys_count": 430}}, "svc": {"protein_name": "toll_like_receptor_7", "uniprot_id": "Q9NYK1", "roc_auc": 0.9987080103359173, "accuracy": 0.9789473684210527, "f1_score": 0.9789473684210527, "cohen_kappa": 0.8772609819121447, "mcc": 0.8772609819121447, "data_info": {"train_count": 378, "test_count": 95, "actives_count": 43, "decoys_count": 430}}, "mlp": {"protein_name": "toll_like_receptor_7", "uniprot_id": "Q9NYK1", "roc_auc": 1.0, "accuracy": 1.0, "f1_score": 1.0, "cohen_kappa": 1.0, "mcc": 1.0, "data_info": {"train_count": 378, "test_count": 95, "actives_count": 43, "decoys_count": 430}}}