{"xgb": {"protein_name": "carbonic_anhydrase_14", "uniprot_id": "Q9ULX7", "roc_auc": 0.997434822086589, "accuracy": 0.9957264957264957, "f1_score": 0.995549625113135, "cohen_kappa": 0.9128570358258815, "mcc": 0.9163429731123467, "data_info": {"train_count": 12168, "test_count": 3042, "actives_count": 414, "decoys_count": 14796}}, "rf": {"protein_name": "carbonic_anhydrase_14", "uniprot_id": "Q9ULX7", "roc_auc": 0.9955903370155172, "accuracy": 0.9963839579224194, "f1_score": 0.9963515975337187, "cohen_kappa": 0.9306581897605716, "mcc": 0.930824655248304, "data_info": {"train_count": 12168, "test_count": 3042, "actives_count": 414, "decoys_count": 14796}}, "svc": {"protein_name": "carbonic_anhydrase_14", "uniprot_id": "Q9ULX7", "roc_auc": 0.9810400778511137, "accuracy": 0.9904667981591059, "f1_score": 0.9907046776234586, "cohen_kappa": 0.8293913104019123, "mcc": 0.8305563350596263, "data_info": {"train_count": 12168, "test_count": 3042, "actives_count": 414, "decoys_count": 14796}}, "mlp": {"protein_name": "carbonic_anhydrase_14", "uniprot_id": "Q9ULX7", "roc_auc": 0.9916244905271644, "accuracy": 0.997698882314267, "f1_score": 0.9976921036143618, "cohen_kappa": 0.9563931700244512, "mcc": 0.9564117280626326, "data_info": {"train_count": 12168, "test_count": 3042, "actives_count": 414, "decoys_count": 14796}}}