{"xgb": {"protein_name": "atp_binding_cassette_sub_family_g_member_2", "uniprot_id": "Q9UNQ0", "roc_auc": 0.991943359375, "accuracy": 0.9847972972972973, "f1_score": 0.9818817806684339, "cohen_kappa": 0.6021505376344085, "mcc": 0.6563301233138936, "data_info": {"train_count": 4736, "test_count": 1184, "actives_count": 160, "decoys_count": 5760}}, "rf": {"protein_name": "atp_binding_cassette_sub_family_g_member_2", "uniprot_id": "Q9UNQ0", "roc_auc": 0.9933403862847223, "accuracy": 0.9932432432432432, "f1_score": 0.9927723076512002, "cohen_kappa": 0.8537549407114624, "mcc": 0.8630339426736915, "data_info": {"train_count": 4736, "test_count": 1184, "actives_count": 160, "decoys_count": 5760}}, "svc": {"protein_name": "atp_binding_cassette_sub_family_g_member_2", "uniprot_id": "Q9UNQ0", "roc_auc": 0.9964735243055556, "accuracy": 0.9940878378378378, "f1_score": 0.9942956175533666, "cohen_kappa": 0.8955223880597015, "mcc": 0.8980265101338746, "data_info": {"train_count": 4736, "test_count": 1184, "actives_count": 160, "decoys_count": 5760}}, "ann": {"protein_name": "atp_binding_cassette_sub_family_g_member_2", "uniprot_id": "Q9UNQ0", "roc_auc": 0.9978569878472221, "accuracy": 0.9940878378378378, "f1_score": 0.9938437237069708, "cohen_kappa": 0.878346641615782, "mcc": 0.8816816435063756, "data_info": {"train_count": 4736, "test_count": 1184, "actives_count": 160, "decoys_count": 5760}}}