{"xgb": {"protein_name": "aurora_kinase_c", "uniprot_id": "Q9UQB9", "roc_auc": 0.992, "accuracy": 0.9636363636363636, "f1_score": 0.9594474153297682, "cohen_kappa": 0.7317073170731707, "mcc": 0.75955452531275, "data_info": {"train_count": 220, "test_count": 55, "actives_count": 25, "decoys_count": 250}}, "rf": {"protein_name": "aurora_kinase_c", "uniprot_id": "Q9UQB9", "roc_auc": 0.912, "accuracy": 0.9818181818181818, "f1_score": 0.9808980898089807, "cohen_kappa": 0.8791208791208791, "mcc": 0.8856148855400953, "data_info": {"train_count": 220, "test_count": 55, "actives_count": 25, "decoys_count": 250}}, "svc": {"protein_name": "aurora_kinase_c", "uniprot_id": "Q9UQB9", "roc_auc": 0.968, "accuracy": 0.9818181818181818, "f1_score": 0.9808980898089807, "cohen_kappa": 0.8791208791208791, "mcc": 0.8856148855400953, "data_info": {"train_count": 220, "test_count": 55, "actives_count": 25, "decoys_count": 250}}, "ann": {"protein_name": "aurora_kinase_c", "uniprot_id": "Q9UQB9", "roc_auc": 0.9359999999999999, "accuracy": 0.9818181818181818, "f1_score": 0.9808980898089807, "cohen_kappa": 0.8791208791208791, "mcc": 0.8856148855400953, "data_info": {"train_count": 220, "test_count": 55, "actives_count": 25, "decoys_count": 250}}}