{"xgb": {"protein_name": "rac_gamma_serine_threonine_protein_kinase", "uniprot_id": "Q9Y243", "roc_auc": 1.0, "accuracy": 0.9941860465116279, "f1_score": 0.9941015605339034, "cohen_kappa": 0.964550700741962, "mcc": 0.9651573252171803, "data_info": {"train_count": 686, "test_count": 172, "actives_count": 78, "decoys_count": 780}}, "rf": {"protein_name": "rac_gamma_serine_threonine_protein_kinase", "uniprot_id": "Q9Y243", "roc_auc": 0.9999999999999999, "accuracy": 1.0, "f1_score": 1.0, "cohen_kappa": 1.0, "mcc": 1.0, "data_info": {"train_count": 686, "test_count": 172, "actives_count": 78, "decoys_count": 780}}, "svc": {"protein_name": "rac_gamma_serine_threonine_protein_kinase", "uniprot_id": "Q9Y243", "roc_auc": 1.0, "accuracy": 0.9883720930232558, "f1_score": 0.9886765809099334, "cohen_kappa": 0.9347496206373292, "mcc": 0.936745898038992, "data_info": {"train_count": 686, "test_count": 172, "actives_count": 78, "decoys_count": 780}}, "ann": {"protein_name": "rac_gamma_serine_threonine_protein_kinase", "uniprot_id": "Q9Y243", "roc_auc": 0.999599358974359, "accuracy": 0.9941860465116279, "f1_score": 0.9941015605339034, "cohen_kappa": 0.964550700741962, "mcc": 0.9651573252171803, "data_info": {"train_count": 686, "test_count": 172, "actives_count": 78, "decoys_count": 780}}}