{"xgb": {"protein_name": "disintegrin_and_metalloproteinase_domain_containing_protein_10", "uniprot_id": "O14672", "roc_auc": 0.9984313725490197, "accuracy": 0.9928571428571429, "f1_score": 0.9927222842261904, "cohen_kappa": 0.9544344995931652, "mcc": 0.955426850641152, "data_info": {"train_count": 1117, "test_count": 280, "actives_count": 127, "decoys_count": 1270}}, "rf": {"protein_name": "disintegrin_and_metalloproteinase_domain_containing_protein_10", "uniprot_id": "O14672", "roc_auc": 0.999686274509804, "accuracy": 0.9928571428571429, "f1_score": 0.9927222842261904, "cohen_kappa": 0.9544344995931652, "mcc": 0.955426850641152, "data_info": {"train_count": 1117, "test_count": 280, "actives_count": 127, "decoys_count": 1270}}, "svc": {"protein_name": "disintegrin_and_metalloproteinase_domain_containing_protein_10", "uniprot_id": "O14672", "roc_auc": 0.9995294117647059, "accuracy": 0.9928571428571429, "f1_score": 0.9928571428571429, "cohen_kappa": 0.956078431372549, "mcc": 0.956078431372549, "data_info": {"train_count": 1117, "test_count": 280, "actives_count": 127, "decoys_count": 1270}}, "mlp": {"protein_name": "disintegrin_and_metalloproteinase_domain_containing_protein_10", "uniprot_id": "O14672", "roc_auc": 1.0, "accuracy": 0.9964285714285714, "f1_score": 0.996460077154634, "cohen_kappa": 0.9784283513097073, "mcc": 0.9786560797714409, "data_info": {"train_count": 1117, "test_count": 280, "actives_count": 127, "decoys_count": 1270}}}