{"xgb": {"protein_name": "aurora_kinase_a", "uniprot_id": "O14965", "roc_auc": 0.9999603646452636, "accuracy": 0.9979101358411703, "f1_score": 0.9979046959620879, "cohen_kappa": 0.9872905834777586, "mcc": 0.9873105186222291, "data_info": {"train_count": 7656, "test_count": 1914, "actives_count": 870, "decoys_count": 8700}}, "rf": {"protein_name": "aurora_kinase_a", "uniprot_id": "O14965", "roc_auc": 0.9999933941075438, "accuracy": 0.9968652037617555, "f1_score": 0.9968404033083805, "cohen_kappa": 0.9807355516637478, "mcc": 0.9809175871166633, "data_info": {"train_count": 7656, "test_count": 1914, "actives_count": 870, "decoys_count": 8700}}, "svc": {"protein_name": "aurora_kinase_a", "uniprot_id": "O14965", "roc_auc": 0.9996498876998283, "accuracy": 0.9952978056426333, "f1_score": 0.9953394265548794, "cohen_kappa": 0.9720575783234547, "mcc": 0.9722872222792135, "data_info": {"train_count": 7656, "test_count": 1914, "actives_count": 870, "decoys_count": 8700}}, "mlp": {"protein_name": "aurora_kinase_a", "uniprot_id": "O14965", "roc_auc": 0.9989826925617651, "accuracy": 0.9932079414838035, "f1_score": 0.9932340372374884, "cohen_kappa": 0.9592244083262047, "mcc": 0.9592668776567533, "data_info": {"train_count": 7656, "test_count": 1914, "actives_count": 870, "decoys_count": 8700}}}