{"xgb": {"protein_name": "cytochrome_p450_26a1", "uniprot_id": "O43174", "roc_auc": 0.993401413982718, "accuracy": 0.988388969521045, "f1_score": 0.9868752862202276, "cohen_kappa": 0.7278293501876358, "mcc": 0.756383587233061, "data_info": {"train_count": 2752, "test_count": 689, "actives_count": 93, "decoys_count": 3348}}, "rf": {"protein_name": "cytochrome_p450_26a1", "uniprot_id": "O43174", "roc_auc": 1.0, "accuracy": 0.9985486211901307, "f1_score": 0.9985295491183802, "cohen_kappa": 0.9722278205489944, "mcc": 0.9726029742970256, "data_info": {"train_count": 2752, "test_count": 689, "actives_count": 93, "decoys_count": 3348}}, "svc": {"protein_name": "cytochrome_p450_26a1", "uniprot_id": "O43174", "roc_auc": 1.0, "accuracy": 0.9985486211901307, "f1_score": 0.998566686647062, "cohen_kappa": 0.9736126536708667, "mcc": 0.9739517901581365, "data_info": {"train_count": 2752, "test_count": 689, "actives_count": 93, "decoys_count": 3348}}, "mlp": {"protein_name": "cytochrome_p450_26a1", "uniprot_id": "O43174", "roc_auc": 1.0, "accuracy": 0.9985486211901307, "f1_score": 0.998566686647062, "cohen_kappa": 0.9736126536708667, "mcc": 0.9739517901581365, "data_info": {"train_count": 2752, "test_count": 689, "actives_count": 93, "decoys_count": 3348}}}