{"xgb": {"protein_name": "bromodomain_containing_protein_4", "uniprot_id": "O60885", "roc_auc": 0.9986114146270395, "accuracy": 0.9934346924671734, "f1_score": 0.9930430955864624, "cohen_kappa": 0.8599974538510503, "mcc": 0.8668252073568342, "data_info": {"train_count": 11573, "test_count": 2894, "actives_count": 391, "decoys_count": 14076}}, "rf": {"protein_name": "bromodomain_containing_protein_4", "uniprot_id": "O60885", "roc_auc": 0.9996972428613053, "accuracy": 0.9958534899792675, "f1_score": 0.9956851267829968, "cohen_kappa": 0.9145556539710659, "mcc": 0.9179125106549331, "data_info": {"train_count": 11573, "test_count": 2894, "actives_count": 391, "decoys_count": 14076}}, "svc": {"protein_name": "bromodomain_containing_protein_4", "uniprot_id": "O60885", "roc_auc": 0.997036166958042, "accuracy": 0.9958534899792675, "f1_score": 0.9959038478257347, "cohen_kappa": 0.9228691743217071, "mcc": 0.9231743423055597, "data_info": {"train_count": 11573, "test_count": 2894, "actives_count": 391, "decoys_count": 14076}}, "mlp": {"protein_name": "bromodomain_containing_protein_4", "uniprot_id": "O60885", "roc_auc": 0.9993535110722611, "accuracy": 0.9972356599861782, "f1_score": 0.997269231883823, "cohen_kappa": 0.9485794495478048, "mcc": 0.9488931192273183, "data_info": {"train_count": 11573, "test_count": 2894, "actives_count": 391, "decoys_count": 14076}}}