{"xgb": {"protein_name": "sphingosine_1_phosphate_receptor_2", "uniprot_id": "O95136", "roc_auc": 0.98989898989899, "accuracy": 0.9948453608247423, "f1_score": 0.9947790243108722, "cohen_kappa": 0.9685982518614439, "mcc": 0.9690761580626929, "data_info": {"train_count": 774, "test_count": 194, "actives_count": 88, "decoys_count": 880}}, "rf": {"protein_name": "sphingosine_1_phosphate_receptor_2", "uniprot_id": "O95136", "roc_auc": 0.9624368686868687, "accuracy": 0.9948453608247423, "f1_score": 0.9947790243108722, "cohen_kappa": 0.9685982518614439, "mcc": 0.9690761580626929, "data_info": {"train_count": 774, "test_count": 194, "actives_count": 88, "decoys_count": 880}}, "svc": {"protein_name": "sphingosine_1_phosphate_receptor_2", "uniprot_id": "O95136", "roc_auc": 0.9441287878787878, "accuracy": 0.9896907216494846, "f1_score": 0.9896907216494846, "cohen_kappa": 0.9387626262626263, "mcc": 0.9387626262626263, "data_info": {"train_count": 774, "test_count": 194, "actives_count": 88, "decoys_count": 880}}, "mlp": {"protein_name": "sphingosine_1_phosphate_receptor_2", "uniprot_id": "O95136", "roc_auc": 0.9633838383838383, "accuracy": 0.9845360824742269, "f1_score": 0.9843370729326163, "cohen_kappa": 0.9057947555843315, "mcc": 0.9062416745519434, "data_info": {"train_count": 774, "test_count": 194, "actives_count": 88, "decoys_count": 880}}}