{"xgb": {"protein_name": "neurotensin_receptor_type_2", "uniprot_id": "O95665", "roc_auc": 1.0, "accuracy": 0.9838709677419355, "f1_score": 0.9832091973113954, "cohen_kappa": 0.9003215434083601, "mcc": 0.9048278567177281, "data_info": {"train_count": 246, "test_count": 62, "actives_count": 28, "decoys_count": 280}}, "rf": {"protein_name": "neurotensin_receptor_type_2", "uniprot_id": "O95665", "roc_auc": 1.0, "accuracy": 0.9838709677419355, "f1_score": 0.9832091973113954, "cohen_kappa": 0.9003215434083601, "mcc": 0.9048278567177281, "data_info": {"train_count": 246, "test_count": 62, "actives_count": 28, "decoys_count": 280}}, "svc": {"protein_name": "neurotensin_receptor_type_2", "uniprot_id": "O95665", "roc_auc": 1.0, "accuracy": 1.0, "f1_score": 1.0, "cohen_kappa": 1.0, "mcc": 1.0, "data_info": {"train_count": 246, "test_count": 62, "actives_count": 28, "decoys_count": 280}}, "mlp": {"protein_name": "neurotensin_receptor_type_2", "uniprot_id": "O95665", "roc_auc": 1.0, "accuracy": 0.9838709677419355, "f1_score": 0.9844186618380166, "cohen_kappa": 0.9141274238227147, "mcc": 0.917516612761795, "data_info": {"train_count": 246, "test_count": 62, "actives_count": 28, "decoys_count": 280}}}