{"xgb": {"protein_name": "kininogen_1", "uniprot_id": "P01042", "roc_auc": 0.998587570621469, "accuracy": 0.9923076923076923, "f1_score": 0.9924451718494272, "cohen_kappa": 0.9557522123893806, "mcc": 0.9566892062149209, "data_info": {"train_count": 519, "test_count": 130, "actives_count": 59, "decoys_count": 590}}, "rf": {"protein_name": "kininogen_1", "uniprot_id": "P01042", "roc_auc": 1.0, "accuracy": 1.0, "f1_score": 1.0, "cohen_kappa": 1.0, "mcc": 1.0, "data_info": {"train_count": 519, "test_count": 130, "actives_count": 59, "decoys_count": 590}}, "svc": {"protein_name": "kininogen_1", "uniprot_id": "P01042", "roc_auc": 0.9922316384180792, "accuracy": 0.9846153846153847, "f1_score": 0.9851413543721236, "cohen_kappa": 0.9145860709592641, "mcc": 0.9179406364828487, "data_info": {"train_count": 519, "test_count": 130, "actives_count": 59, "decoys_count": 590}}, "mlp": {"protein_name": "kininogen_1", "uniprot_id": "P01042", "roc_auc": 1.0, "accuracy": 1.0, "f1_score": 1.0, "cohen_kappa": 1.0, "mcc": 1.0, "data_info": {"train_count": 519, "test_count": 130, "actives_count": 59, "decoys_count": 590}}}