{"xgb": {"protein_name": "transcription_factor_ap_1", "uniprot_id": "transcription_factor_ap_1", "roc_auc": 0.9975206611570249, "accuracy": 0.9669421487603306, "f1_score": 0.9635642135642136, "cohen_kappa": 0.7608695652173914, "mcc": 0.7836039099693788, "data_info": {"train_count": 484, "test_count": 121, "actives_count": 55, "decoys_count": 550}}, "rf": {"protein_name": "transcription_factor_ap_1", "uniprot_id": "transcription_factor_ap_1", "roc_auc": 0.9946280991735538, "accuracy": 0.9669421487603306, "f1_score": 0.9635642135642136, "cohen_kappa": 0.7608695652173914, "mcc": 0.7836039099693788, "data_info": {"train_count": 484, "test_count": 121, "actives_count": 55, "decoys_count": 550}}, "svc": {"protein_name": "transcription_factor_ap_1", "uniprot_id": "transcription_factor_ap_1", "roc_auc": 0.9958677685950413, "accuracy": 0.9752066115702479, "f1_score": 0.9756889923655856, "cohen_kappa": 0.8558951965065502, "mcc": 0.8568843355587695, "data_info": {"train_count": 484, "test_count": 121, "actives_count": 55, "decoys_count": 550}}, "mlp": {"protein_name": "transcription_factor_ap_1", "uniprot_id": "transcription_factor_ap_1", "roc_auc": 0.9421487603305785, "accuracy": 0.9669421487603306, "f1_score": 0.9635642135642136, "cohen_kappa": 0.7608695652173914, "mcc": 0.7836039099693788, "data_info": {"train_count": 484, "test_count": 121, "actives_count": 55, "decoys_count": 550}}}