{"xgb": {"protein_name": "serine_protease_hepsin", "uniprot_id": "P05981", "roc_auc": 0.9885057471264368, "accuracy": 0.96875, "f1_score": 0.9658898305084744, "cohen_kappa": 0.7837837837837838, "mcc": 0.8027729719194864, "data_info": {"train_count": 255, "test_count": 64, "actives_count": 29, "decoys_count": 290}}, "rf": {"protein_name": "serine_protease_hepsin", "uniprot_id": "P05981", "roc_auc": 0.9885057471264367, "accuracy": 0.96875, "f1_score": 0.9658898305084744, "cohen_kappa": 0.7837837837837838, "mcc": 0.8027729719194864, "data_info": {"train_count": 255, "test_count": 64, "actives_count": 29, "decoys_count": 290}}, "svc": {"protein_name": "serine_protease_hepsin", "uniprot_id": "P05981", "roc_auc": 0.9770114942528735, "accuracy": 0.984375, "f1_score": 0.9837315462315462, "cohen_kappa": 0.9006211180124224, "mcc": 0.9051016735969626, "data_info": {"train_count": 255, "test_count": 64, "actives_count": 29, "decoys_count": 290}}, "mlp": {"protein_name": "serine_protease_hepsin", "uniprot_id": "P05981", "roc_auc": 0.7212643678160919, "accuracy": 0.953125, "f1_score": 0.9511946386946386, "cohen_kappa": 0.7018633540372671, "mcc": 0.7053550973548743, "data_info": {"train_count": 255, "test_count": 64, "actives_count": 29, "decoys_count": 290}}}