{"xgb": {"protein_name": "mineralocorticoid_receptor", "uniprot_id": "P08235", "roc_auc": 0.99892578125, "accuracy": 0.9943181818181818, "f1_score": 0.9942353897735265, "cohen_kappa": 0.9646302250803859, "mcc": 0.9652341781316803, "data_info": {"train_count": 1408, "test_count": 352, "actives_count": 160, "decoys_count": 1600}}, "rf": {"protein_name": "mineralocorticoid_receptor", "uniprot_id": "P08235", "roc_auc": 0.99990234375, "accuracy": 0.9971590909090909, "f1_score": 0.9971387600092747, "cohen_kappa": 0.9825673534072901, "mcc": 0.9827166871623857, "data_info": {"train_count": 1408, "test_count": 352, "actives_count": 160, "decoys_count": 1600}}, "svc": {"protein_name": "mineralocorticoid_receptor", "uniprot_id": "P08235", "roc_auc": 0.9955078125, "accuracy": 0.9943181818181818, "f1_score": 0.9943953643013205, "cohen_kappa": 0.9665653495440729, "mcc": 0.9671060529471723, "data_info": {"train_count": 1408, "test_count": 352, "actives_count": 160, "decoys_count": 1600}}, "mlp": {"protein_name": "mineralocorticoid_receptor", "uniprot_id": "P08235", "roc_auc": 0.99873046875, "accuracy": 0.9914772727272727, "f1_score": 0.9915361633671492, "cohen_kappa": 0.9491525423728814, "mcc": 0.9492889050691344, "data_info": {"train_count": 1408, "test_count": 352, "actives_count": 160, "decoys_count": 1600}}}