{"xgb": {"protein_name": "neprilysin", "uniprot_id": "P08473", "roc_auc": 0.9983055555555556, "accuracy": 0.990909090909091, "f1_score": 0.9907674522750706, "cohen_kappa": 0.9432989690721649, "mcc": 0.9439736283257367, "data_info": {"train_count": 2640, "test_count": 660, "actives_count": 300, "decoys_count": 3000}}, "rf": {"protein_name": "neprilysin", "uniprot_id": "P08473", "roc_auc": 0.9990694444444443, "accuracy": 0.9924242424242424, "f1_score": 0.9922752693815297, "cohen_kappa": 0.9523809523809523, "mcc": 0.9534625892455924, "data_info": {"train_count": 2640, "test_count": 660, "actives_count": 300, "decoys_count": 3000}}, "svc": {"protein_name": "neprilysin", "uniprot_id": "P08473", "roc_auc": 0.997638888888889, "accuracy": 0.990909090909091, "f1_score": 0.9907674522750706, "cohen_kappa": 0.9432989690721649, "mcc": 0.9439736283257367, "data_info": {"train_count": 2640, "test_count": 660, "actives_count": 300, "decoys_count": 3000}}, "mlp": {"protein_name": "neprilysin", "uniprot_id": "P08473", "roc_auc": 0.9874444444444443, "accuracy": 0.9939393939393939, "f1_score": 0.9938930749726315, "cohen_kappa": 0.9627749576988156, "mcc": 0.9629417661517373, "data_info": {"train_count": 2640, "test_count": 660, "actives_count": 300, "decoys_count": 3000}}}