{"xgb": {"protein_name": "hepatocyte_growth_factor_receptor", "uniprot_id": "P08581", "roc_auc": 0.9996072466217575, "accuracy": 0.9970845481049563, "f1_score": 0.9970739122378447, "cohen_kappa": 0.9822038611265591, "mcc": 0.9822427467451803, "data_info": {"train_count": 10973, "test_count": 2744, "actives_count": 1247, "decoys_count": 12470}}, "rf": {"protein_name": "hepatocyte_growth_factor_receptor", "uniprot_id": "P08581", "roc_auc": 0.9997649918310516, "accuracy": 0.9956268221574344, "f1_score": 0.9956027824463938, "cohen_kappa": 0.9732082269489697, "mcc": 0.9732955597020961, "data_info": {"train_count": 10973, "test_count": 2744, "actives_count": 1247, "decoys_count": 12470}}, "svc": {"protein_name": "hepatocyte_growth_factor_receptor", "uniprot_id": "P08581", "roc_auc": 0.9969030430338589, "accuracy": 0.9963556851311953, "f1_score": 0.9963687424948987, "cohen_kappa": 0.9780742057093362, "mcc": 0.9781118238666142, "data_info": {"train_count": 10973, "test_count": 2744, "actives_count": 1247, "decoys_count": 12470}}, "mlp": {"protein_name": "hepatocyte_growth_factor_receptor", "uniprot_id": "P08581", "roc_auc": 0.9996426588115991, "accuracy": 0.9974489795918368, "f1_score": 0.9974603792714615, "cohen_kappa": 0.9846794391181585, "mcc": 0.9847384045035499, "data_info": {"train_count": 10973, "test_count": 2744, "actives_count": 1247, "decoys_count": 12470}}}