{"xgb": {"protein_name": "receptor_type_tyrosine_protein_phosphatase_c", "uniprot_id": "P08575", "roc_auc": 0.9987980769230769, "accuracy": 0.9716312056737588, "f1_score": 0.9692704458661905, "cohen_kappa": 0.803347280334728, "mcc": 0.8193464903987027, "data_info": {"train_count": 563, "test_count": 141, "actives_count": 64, "decoys_count": 640}}, "rf": {"protein_name": "receptor_type_tyrosine_protein_phosphatase_c", "uniprot_id": "P08575", "roc_auc": 1.0, "accuracy": 1.0, "f1_score": 1.0, "cohen_kappa": 1.0, "mcc": 1.0, "data_info": {"train_count": 563, "test_count": 141, "actives_count": 64, "decoys_count": 640}}, "svc": {"protein_name": "receptor_type_tyrosine_protein_phosphatase_c", "uniprot_id": "P08575", "roc_auc": 0.9975961538461539, "accuracy": 0.9929078014184397, "f1_score": 0.993025232157481, "cohen_kappa": 0.9590473424339239, "mcc": 0.9598525742455006, "data_info": {"train_count": 563, "test_count": 141, "actives_count": 64, "decoys_count": 640}}, "mlp": {"protein_name": "receptor_type_tyrosine_protein_phosphatase_c", "uniprot_id": "P08575", "roc_auc": 0.9861778846153846, "accuracy": 0.9787234042553191, "f1_score": 0.9774590237124928, "cohen_kappa": 0.8581964465303387, "mcc": 0.8669572062197327, "data_info": {"train_count": 563, "test_count": 141, "actives_count": 64, "decoys_count": 640}}}