{"xgb": {"protein_name": "stromelysin_2", "uniprot_id": "stromelysin_2", "roc_auc": 0.99453125, "accuracy": 0.9772727272727273, "f1_score": 0.9757896424563092, "cohen_kappa": 0.8450704225352113, "mcc": 0.8553989227683015, "data_info": {"train_count": 704, "test_count": 176, "actives_count": 80, "decoys_count": 800}}, "rf": {"protein_name": "stromelysin_2", "uniprot_id": "stromelysin_2", "roc_auc": 0.9953125, "accuracy": 0.9829545454545454, "f1_score": 0.9821520424701805, "cohen_kappa": 0.8873720136518771, "mcc": 0.8930543165283613, "data_info": {"train_count": 704, "test_count": 176, "actives_count": 80, "decoys_count": 800}}, "svc": {"protein_name": "stromelysin_2", "uniprot_id": "stromelysin_2", "roc_auc": 0.9988281250000001, "accuracy": 0.9886363636363636, "f1_score": 0.9886363636363636, "cohen_kappa": 0.93125, "mcc": 0.93125, "data_info": {"train_count": 704, "test_count": 176, "actives_count": 80, "decoys_count": 800}}, "mlp": {"protein_name": "stromelysin_2", "uniprot_id": "stromelysin_2", "roc_auc": 0.985546875, "accuracy": 0.9886363636363636, "f1_score": 0.988292866553736, "cohen_kappa": 0.9271523178807947, "mcc": 0.9296222517045284, "data_info": {"train_count": 704, "test_count": 176, "actives_count": 80, "decoys_count": 800}}}