{"xgb": {"protein_name": "androgen_receptor", "uniprot_id": "P10275", "roc_auc": 0.9984890738813736, "accuracy": 0.987683284457478, "f1_score": 0.9873595610471776, "cohen_kappa": 0.9216152019002375, "mcc": 0.9234762453069677, "data_info": {"train_count": 6820, "test_count": 1705, "actives_count": 775, "decoys_count": 7750}}, "rf": {"protein_name": "androgen_receptor", "uniprot_id": "P10275", "roc_auc": 0.9994276795005202, "accuracy": 0.9906158357771261, "f1_score": 0.990384577217513, "cohen_kappa": 0.9404600811907984, "mcc": 0.9421314927762022, "data_info": {"train_count": 6820, "test_count": 1705, "actives_count": 775, "decoys_count": 7750}}, "svc": {"protein_name": "androgen_receptor", "uniprot_id": "P10275", "roc_auc": 0.9860978147762746, "accuracy": 0.9835777126099706, "f1_score": 0.9837176970460664, "cohen_kappa": 0.9023462270133165, "mcc": 0.9025438558719893, "data_info": {"train_count": 6820, "test_count": 1705, "actives_count": 775, "decoys_count": 7750}}, "mlp": {"protein_name": "androgen_receptor", "uniprot_id": "P10275", "roc_auc": 0.9986430801248699, "accuracy": 0.9929618768328445, "f1_score": 0.9929618768328445, "cohen_kappa": 0.9574193548387097, "mcc": 0.9574193548387097, "data_info": {"train_count": 6820, "test_count": 1705, "actives_count": 775, "decoys_count": 7750}}}