{"xgb": {"protein_name": "cytochrome_p450_2d6", "uniprot_id": "P10635", "roc_auc": 0.9365079365079365, "accuracy": 0.8627450980392157, "f1_score": 0.840205399359398, "cohen_kappa": 0.3959390862944163, "mcc": 0.4388954081911851, "data_info": {"train_count": 201, "test_count": 51, "actives_count": 42, "decoys_count": 210}}, "rf": {"protein_name": "cytochrome_p450_2d6", "uniprot_id": "P10635", "roc_auc": 0.9814814814814814, "accuracy": 0.9019607843137255, "f1_score": 0.8858609995424271, "cohen_kappa": 0.5685279187817259, "mcc": 0.6302087912488812, "data_info": {"train_count": 201, "test_count": 51, "actives_count": 42, "decoys_count": 210}}, "svc": {"protein_name": "cytochrome_p450_2d6", "uniprot_id": "P10635", "roc_auc": 0.9285714285714285, "accuracy": 0.8823529411764706, "f1_score": 0.8823529411764706, "cohen_kappa": 0.5952380952380952, "mcc": 0.5952380952380952, "data_info": {"train_count": 201, "test_count": 51, "actives_count": 42, "decoys_count": 210}}, "mlp": {"protein_name": "cytochrome_p450_2d6", "uniprot_id": "P10635", "roc_auc": 0.8015873015873016, "accuracy": 0.8627450980392157, "f1_score": 0.8513860716700472, "cohen_kappa": 0.45662100456621, "mcc": 0.46953014151584255, "data_info": {"train_count": 201, "test_count": 51, "actives_count": 42, "decoys_count": 210}}}