{"xgb": {"protein_name": "proto_oncogene_tyrosine_protein_kinase_src", "uniprot_id": "P12931", "roc_auc": 0.9995382439241083, "accuracy": 0.9958246346555324, "f1_score": 0.9958101728669078, "cohen_kappa": 0.9746278934265586, "mcc": 0.974662751444088, "data_info": {"train_count": 5746, "test_count": 1437, "actives_count": 653, "decoys_count": 6530}}, "rf": {"protein_name": "proto_oncogene_tyrosine_protein_kinase_src", "uniprot_id": "P12931", "roc_auc": 0.9998597196731469, "accuracy": 0.9944328462073765, "f1_score": 0.9943939462102123, "cohen_kappa": 0.9659349516404324, "mcc": 0.9660750943209567, "data_info": {"train_count": 5746, "test_count": 1437, "actives_count": 653, "decoys_count": 6530}}, "svc": {"protein_name": "proto_oncogene_tyrosine_protein_kinase_src", "uniprot_id": "P12931", "roc_auc": 0.9999298598365735, "accuracy": 0.9986082115518441, "f1_score": 0.998612950225505, "cohen_kappa": 0.9916580073260923, "mcc": 0.9916925132931071, "data_info": {"train_count": 5746, "test_count": 1437, "actives_count": 653, "decoys_count": 6530}}, "mlp": {"protein_name": "proto_oncogene_tyrosine_protein_kinase_src", "uniprot_id": "P12931", "roc_auc": 0.9997077493190559, "accuracy": 0.9937369519832986, "f1_score": 0.9937261522471317, "cohen_kappa": 0.9620729801141945, "mcc": 0.9620815228352627, "data_info": {"train_count": 5746, "test_count": 1437, "actives_count": 653, "decoys_count": 6530}}}