{"xgb": {"protein_name": "retinoic_acid_receptor_gamma", "uniprot_id": "P13631", "roc_auc": 0.9996964177292047, "accuracy": 0.9850746268656716, "f1_score": 0.9844568730626247, "cohen_kappa": 0.9010339734121122, "mcc": 0.905479140079041, "data_info": {"train_count": 800, "test_count": 201, "actives_count": 91, "decoys_count": 910}}, "rf": {"protein_name": "retinoic_acid_receptor_gamma", "uniprot_id": "P13631", "roc_auc": 1.0, "accuracy": 0.9950248756218906, "f1_score": 0.9949605805150968, "cohen_kappa": 0.9687062120504437, "mcc": 0.9691808882777758, "data_info": {"train_count": 800, "test_count": 201, "actives_count": 91, "decoys_count": 910}}, "svc": {"protein_name": "retinoic_acid_receptor_gamma", "uniprot_id": "P13631", "roc_auc": 1.0, "accuracy": 1.0, "f1_score": 1.0, "cohen_kappa": 1.0, "mcc": 1.0, "data_info": {"train_count": 800, "test_count": 201, "actives_count": 91, "decoys_count": 910}}, "mlp": {"protein_name": "retinoic_acid_receptor_gamma", "uniprot_id": "P13631", "roc_auc": 0.9829993928354583, "accuracy": 0.9900497512437811, "f1_score": 0.9897841355880443, "cohen_kappa": 0.9357622243528284, "mcc": 0.9376989278437292, "data_info": {"train_count": 800, "test_count": 201, "actives_count": 91, "decoys_count": 910}}}