{"xgb": {"protein_name": "matrix_metalloproteinase_9", "uniprot_id": "P14780", "roc_auc": 0.9997330023362295, "accuracy": 0.9972623195619711, "f1_score": 0.9972469169415054, "cohen_kappa": 0.9832399099312957, "mcc": 0.9833323676347333, "data_info": {"train_count": 16068, "test_count": 4018, "actives_count": 1826, "decoys_count": 18260}}, "rf": {"protein_name": "matrix_metalloproteinase_9", "uniprot_id": "P14780", "roc_auc": 0.9998230015487365, "accuracy": 0.9970134395221503, "f1_score": 0.9969947406345221, "cohen_kappa": 0.9816934403013126, "mcc": 0.9818076946362173, "data_info": {"train_count": 16068, "test_count": 4018, "actives_count": 1826, "decoys_count": 18260}}, "svc": {"protein_name": "matrix_metalloproteinase_9", "uniprot_id": "P14780", "roc_auc": 0.99871038628412, "accuracy": 0.9945246391239423, "f1_score": 0.9945513148567205, "cohen_kappa": 0.9671755674167859, "mcc": 0.9672444724263857, "data_info": {"train_count": 16068, "test_count": 4018, "actives_count": 1826, "decoys_count": 18260}}, "mlp": {"protein_name": "matrix_metalloproteinase_9", "uniprot_id": "P14780", "roc_auc": 0.999242506628067, "accuracy": 0.9977600796416127, "f1_score": 0.9977642033118701, "cohen_kappa": 0.9864893441342861, "mcc": 0.9864993482651433, "data_info": {"train_count": 16068, "test_count": 4018, "actives_count": 1826, "decoys_count": 18260}}}