{"xgb": {"protein_name": "cytochrome_p450_11b2_mitochondrial", "uniprot_id": "P19099", "roc_auc": 0.9967899268401932, "accuracy": 0.9835294117647059, "f1_score": 0.9834849103035819, "cohen_kappa": 0.9627887778458768, "mcc": 0.9629112333106803, "data_info": {"train_count": 1696, "test_count": 425, "actives_count": 707, "decoys_count": 1414}}, "rf": {"protein_name": "cytochrome_p450_11b2_mitochondrial", "uniprot_id": "P19099", "roc_auc": 0.998034141243219, "accuracy": 0.9929411764705882, "f1_score": 0.9929349297630319, "cohen_kappa": 0.9841083870324439, "mcc": 0.984122194547546, "data_info": {"train_count": 1696, "test_count": 425, "actives_count": 707, "decoys_count": 1414}}, "svc": {"protein_name": "cytochrome_p450_11b2_mitochondrial", "uniprot_id": "P19099", "roc_auc": 0.9968148111282537, "accuracy": 0.9835294117647059, "f1_score": 0.9835984925583949, "cohen_kappa": 0.9633064864264834, "mcc": 0.9636375267056677, "data_info": {"train_count": 1696, "test_count": 425, "actives_count": 707, "decoys_count": 1414}}, "mlp": {"protein_name": "cytochrome_p450_11b2_mitochondrial", "uniprot_id": "P19099", "roc_auc": 0.994624993778928, "accuracy": 0.971764705882353, "f1_score": 0.971860302839997, "cohen_kappa": 0.9369872491845409, "mcc": 0.9371940069282335, "data_info": {"train_count": 1696, "test_count": 425, "actives_count": 707, "decoys_count": 1414}}}