{"xgb": {"protein_name": "d4_dopamine_receptor", "uniprot_id": "P21917", "roc_auc": 0.9962828329117138, "accuracy": 0.9914193779048981, "f1_score": 0.9913095674668612, "cohen_kappa": 0.9467152670507494, "mcc": 0.9471729275087107, "data_info": {"train_count": 11184, "test_count": 2797, "actives_count": 1271, "decoys_count": 12710}}, "rf": {"protein_name": "d4_dopamine_receptor", "uniprot_id": "P21917", "roc_auc": 0.9958330882056967, "accuracy": 0.9882016446192349, "f1_score": 0.9879251594598449, "cohen_kappa": 0.9252392843460209, "mcc": 0.9267268271550154, "data_info": {"train_count": 11184, "test_count": 2797, "actives_count": 1271, "decoys_count": 12710}}, "svc": {"protein_name": "d4_dopamine_receptor", "uniprot_id": "P21917", "roc_auc": 0.9914045349128842, "accuracy": 0.9871290668573471, "f1_score": 0.9872623577586198, "cohen_kappa": 0.9236784020762336, "mcc": 0.9239774591424866, "data_info": {"train_count": 11184, "test_count": 2797, "actives_count": 1271, "decoys_count": 12710}}, "mlp": {"protein_name": "d4_dopamine_receptor", "uniprot_id": "P21917", "roc_auc": 0.9946959540006377, "accuracy": 0.9903468001430104, "f1_score": 0.9903035623385038, "cohen_kappa": 0.941019166681636, "mcc": 0.941075302702183, "data_info": {"train_count": 11184, "test_count": 2797, "actives_count": 1271, "decoys_count": 12710}}}