{"xgb": {"protein_name": "glycine_receptor_subunit_alpha_1", "uniprot_id": "P23415", "roc_auc": 0.96875, "accuracy": 0.8421052631578947, "f1_score": 0.8072755417956657, "cohen_kappa": 0.18571428571428572, "mcc": 0.2211344906679258, "data_info": {"train_count": 148, "test_count": 38, "actives_count": 31, "decoys_count": 155}}, "rf": {"protein_name": "glycine_receptor_subunit_alpha_1", "uniprot_id": "P23415", "roc_auc": 0.9791666666666666, "accuracy": 0.9210526315789473, "f1_score": 0.9180714022819286, "cohen_kappa": 0.6815642458100559, "mcc": 0.6854365268376295, "data_info": {"train_count": 148, "test_count": 38, "actives_count": 31, "decoys_count": 155}}, "svc": {"protein_name": "glycine_receptor_subunit_alpha_1", "uniprot_id": "P23415", "roc_auc": 1.0, "accuracy": 0.9210526315789473, "f1_score": 0.9270060396893874, "cohen_kappa": 0.7532467532467533, "mcc": 0.7772815877574013, "data_info": {"train_count": 148, "test_count": 38, "actives_count": 31, "decoys_count": 155}}, "mlp": {"protein_name": "glycine_receptor_subunit_alpha_1", "uniprot_id": "P23415", "roc_auc": 0.890625, "accuracy": 0.868421052631579, "f1_score": 0.8494370253993191, "cohen_kappa": 0.3790849673202614, "mcc": 0.408491223118783, "data_info": {"train_count": 148, "test_count": 38, "actives_count": 31, "decoys_count": 155}}}