{"xgb": {"protein_name": "dna_repair_protein_complementing_xp_g_cells", "uniprot_id": "P28715", "roc_auc": 1.0, "accuracy": 0.9859154929577465, "f1_score": 0.985329045752656, "cohen_kappa": 0.9015256588072122, "mcc": 0.9059288441743483, "data_info": {"train_count": 281, "test_count": 71, "actives_count": 32, "decoys_count": 320}}, "rf": {"protein_name": "dna_repair_protein_complementing_xp_g_cells", "uniprot_id": "P28715", "roc_auc": 0.9999999999999999, "accuracy": 0.9859154929577465, "f1_score": 0.985329045752656, "cohen_kappa": 0.9015256588072122, "mcc": 0.9059288441743483, "data_info": {"train_count": 281, "test_count": 71, "actives_count": 32, "decoys_count": 320}}, "svc": {"protein_name": "dna_repair_protein_complementing_xp_g_cells", "uniprot_id": "P28715", "roc_auc": 0.9974358974358974, "accuracy": 0.9859154929577465, "f1_score": 0.985329045752656, "cohen_kappa": 0.9015256588072122, "mcc": 0.9059288441743483, "data_info": {"train_count": 281, "test_count": 71, "actives_count": 32, "decoys_count": 320}}, "mlp": {"protein_name": "dna_repair_protein_complementing_xp_g_cells", "uniprot_id": "P28715", "roc_auc": 0.8666666666666667, "accuracy": 0.9577464788732394, "f1_score": 0.9559871372579684, "cohen_kappa": 0.7045769764216365, "mcc": 0.7080182351393368, "data_info": {"train_count": 281, "test_count": 71, "actives_count": 32, "decoys_count": 320}}}