{"xgb": {"protein_name": "oxytocin_receptor", "uniprot_id": "P30559", "roc_auc": 0.9982883701333755, "accuracy": 0.99375, "f1_score": 0.9936836134453783, "cohen_kappa": 0.961279393377163, "mcc": 0.961599827335137, "data_info": {"train_count": 3836, "test_count": 960, "actives_count": 436, "decoys_count": 4360}}, "rf": {"protein_name": "oxytocin_receptor", "uniprot_id": "P30559", "roc_auc": 0.9920672538873747, "accuracy": 0.9947916666666666, "f1_score": 0.994750446370357, "cohen_kappa": 0.9679024233670358, "mcc": 0.9680819667478868, "data_info": {"train_count": 3836, "test_count": 960, "actives_count": 436, "decoys_count": 4360}}, "svc": {"protein_name": "oxytocin_receptor", "uniprot_id": "P30559", "roc_auc": 0.9727060868191334, "accuracy": 0.9885416666666667, "f1_score": 0.988628910314381, "cohen_kappa": 0.9315441462465966, "mcc": 0.9317065385038382, "data_info": {"train_count": 3836, "test_count": 960, "actives_count": 436, "decoys_count": 4360}}, "mlp": {"protein_name": "oxytocin_receptor", "uniprot_id": "P30559", "roc_auc": 0.9977485484062093, "accuracy": 0.99375, "f1_score": 0.9936836134453783, "cohen_kappa": 0.961279393377163, "mcc": 0.961599827335137, "data_info": {"train_count": 3836, "test_count": 960, "actives_count": 436, "decoys_count": 4360}}}