{"xgb": {"protein_name": "rac_beta_serine_threonine_protein_kinase", "uniprot_id": "P31751", "roc_auc": 0.9997462572951027, "accuracy": 0.9919224555735057, "f1_score": 0.991822028606615, "cohen_kappa": 0.949703420817421, "mcc": 0.9501361679161682, "data_info": {"train_count": 2472, "test_count": 619, "actives_count": 281, "decoys_count": 2810}}, "rf": {"protein_name": "rac_beta_serine_threonine_protein_kinase", "uniprot_id": "P31751", "roc_auc": 0.9999682821618879, "accuracy": 0.9903069466882067, "f1_score": 0.9900583032945333, "cohen_kappa": 0.9381144399640085, "mcc": 0.9399160223384087, "data_info": {"train_count": 2472, "test_count": 619, "actives_count": 281, "decoys_count": 2810}}, "svc": {"protein_name": "rac_beta_serine_threonine_protein_kinase", "uniprot_id": "P31751", "roc_auc": 0.9999682821618879, "accuracy": 0.9967689822294022, "f1_score": 0.9967689822294022, "cohen_kappa": 0.9803666582085765, "mcc": 0.9803666582085765, "data_info": {"train_count": 2472, "test_count": 619, "actives_count": 281, "decoys_count": 2810}}, "mlp": {"protein_name": "rac_beta_serine_threonine_protein_kinase", "uniprot_id": "P31751", "roc_auc": 0.9989533113422989, "accuracy": 0.9967689822294022, "f1_score": 0.9967689822294022, "cohen_kappa": 0.9803666582085765, "mcc": 0.9803666582085765, "data_info": {"train_count": 2472, "test_count": 619, "actives_count": 281, "decoys_count": 2810}}}