{"xgb": {"protein_name": "somatostatin_receptor_type_5", "uniprot_id": "P35346", "roc_auc": 0.9998405612244898, "accuracy": 0.9880952380952381, "f1_score": 0.9880952380952381, "cohen_kappa": 0.9732142857142857, "mcc": 0.9732142857142857, "data_info": {"train_count": 669, "test_count": 168, "actives_count": 279, "decoys_count": 558}}, "rf": {"protein_name": "somatostatin_receptor_type_5", "uniprot_id": "P35346", "roc_auc": 1.0, "accuracy": 1.0, "f1_score": 1.0, "cohen_kappa": 1.0, "mcc": 1.0, "data_info": {"train_count": 669, "test_count": 168, "actives_count": 279, "decoys_count": 558}}, "svc": {"protein_name": "somatostatin_receptor_type_5", "uniprot_id": "P35346", "roc_auc": 0.9982461734693877, "accuracy": 0.9880952380952381, "f1_score": 0.9881460407776197, "cohen_kappa": 0.9734513274336283, "mcc": 0.9737945687202026, "data_info": {"train_count": 669, "test_count": 168, "actives_count": 279, "decoys_count": 558}}, "mlp": {"protein_name": "somatostatin_receptor_type_5", "uniprot_id": "P35346", "roc_auc": 0.9998405612244898, "accuracy": 0.9880952380952381, "f1_score": 0.9880952380952381, "cohen_kappa": 0.9732142857142857, "mcc": 0.9732142857142857, "data_info": {"train_count": 669, "test_count": 168, "actives_count": 279, "decoys_count": 558}}}