{"xgb": {"protein_name": "testosterone_17_beta_dehydrogenase_3", "uniprot_id": "P37058", "roc_auc": 1.0, "accuracy": 0.996969696969697, "f1_score": 0.9969465374863159, "cohen_kappa": 0.9813874788494078, "mcc": 0.9815575120703122, "data_info": {"train_count": 1320, "test_count": 330, "actives_count": 150, "decoys_count": 1500}}, "rf": {"protein_name": "testosterone_17_beta_dehydrogenase_3", "uniprot_id": "P37058", "roc_auc": 1.0, "accuracy": 0.9939393939393939, "f1_score": 0.9938449681833803, "cohen_kappa": 0.9621993127147767, "mcc": 0.9628874897311704, "data_info": {"train_count": 1320, "test_count": 330, "actives_count": 150, "decoys_count": 1500}}, "svc": {"protein_name": "testosterone_17_beta_dehydrogenase_3", "uniprot_id": "P37058", "roc_auc": 1.0, "accuracy": 0.996969696969697, "f1_score": 0.9969465374863159, "cohen_kappa": 0.9813874788494078, "mcc": 0.9815575120703122, "data_info": {"train_count": 1320, "test_count": 330, "actives_count": 150, "decoys_count": 1500}}, "mlp": {"protein_name": "testosterone_17_beta_dehydrogenase_3", "uniprot_id": "P37058", "roc_auc": 0.9984444444444445, "accuracy": 0.9939393939393939, "f1_score": 0.9939393939393939, "cohen_kappa": 0.9633333333333334, "mcc": 0.9633333333333334, "data_info": {"train_count": 1320, "test_count": 330, "actives_count": 150, "decoys_count": 1500}}}