{"xgb": {"protein_name": "nociceptin_receptor", "uniprot_id": "P41146", "roc_auc": 0.9999607658505963, "accuracy": 0.9961482908040443, "f1_score": 0.9961107222788316, "cohen_kappa": 0.9762652984264476, "mcc": 0.97654039738455, "data_info": {"train_count": 8307, "test_count": 2077, "actives_count": 944, "decoys_count": 9440}}, "rf": {"protein_name": "nociceptin_receptor", "uniprot_id": "P41146", "roc_auc": 0.9999159268227065, "accuracy": 0.9927780452575831, "f1_score": 0.9926618243117685, "cohen_kappa": 0.9549507863911032, "mcc": 0.9556794489638154, "data_info": {"train_count": 8307, "test_count": 2077, "actives_count": 944, "decoys_count": 9440}}, "svc": {"protein_name": "nociceptin_receptor", "uniprot_id": "P41146", "roc_auc": 0.9994591292260784, "accuracy": 0.994703899855561, "f1_score": 0.994759155775972, "cohen_kappa": 0.9686578732569225, "mcc": 0.968976521293422, "data_info": {"train_count": 8307, "test_count": 2077, "actives_count": 944, "decoys_count": 9440}}, "mlp": {"protein_name": "nociceptin_receptor", "uniprot_id": "P41146", "roc_auc": 0.9996384853376379, "accuracy": 0.9956668271545498, "f1_score": 0.995671969811239, "cohen_kappa": 0.9738692104567891, "mcc": 0.9738733152702996, "data_info": {"train_count": 8307, "test_count": 2077, "actives_count": 944, "decoys_count": 9440}}}