{"xgb": {"protein_name": "phosphatidylinositol_4_5_bisphosphate_3_kinase_catalytic_subunit_gamma_isoform", "uniprot_id": "P48736", "roc_auc": 0.9998431267087984, "accuracy": 0.9931787175989086, "f1_score": 0.9930592770322617, "cohen_kappa": 0.9575067537014922, "mcc": 0.9583723996585319, "data_info": {"train_count": 2930, "test_count": 733, "actives_count": 333, "decoys_count": 3330}}, "rf": {"protein_name": "phosphatidylinositol_4_5_bisphosphate_3_kinase_catalytic_subunit_gamma_isoform", "uniprot_id": "P48736", "roc_auc": 0.9997422795930259, "accuracy": 0.9877216916780355, "f1_score": 0.9873208749553641, "cohen_kappa": 0.9213266072770205, "mcc": 0.9241911886800429, "data_info": {"train_count": 2930, "test_count": 733, "actives_count": 333, "decoys_count": 3330}}, "svc": {"protein_name": "phosphatidylinositol_4_5_bisphosphate_3_kinase_catalytic_subunit_gamma_isoform", "uniprot_id": "P48736", "roc_auc": 0.9905876025279011, "accuracy": 0.984993178717599, "f1_score": 0.9849423910614588, "cohen_kappa": 0.9090416831180552, "mcc": 0.9090727627262097, "data_info": {"train_count": 2930, "test_count": 733, "actives_count": 333, "decoys_count": 3330}}, "mlp": {"protein_name": "phosphatidylinositol_4_5_bisphosphate_3_kinase_catalytic_subunit_gamma_isoform", "uniprot_id": "P48736", "roc_auc": 0.9899376988929227, "accuracy": 0.9945429740791268, "f1_score": 0.9944671890346706, "cohen_kappa": 0.9662398673544583, "mcc": 0.9667909727702642, "data_info": {"train_count": 2930, "test_count": 733, "actives_count": 333, "decoys_count": 3330}}}