{"xgb": {"protein_name": "map_kinase_activated_protein_kinase_2", "uniprot_id": "P49137", "roc_auc": 0.9982702702702703, "accuracy": 0.9830097087378641, "f1_score": 0.9824503777173329, "cohen_kappa": 0.8893323100537222, "mcc": 0.8921239593481691, "data_info": {"train_count": 1645, "test_count": 412, "actives_count": 187, "decoys_count": 1870}}, "rf": {"protein_name": "map_kinase_activated_protein_kinase_2", "uniprot_id": "P49137", "roc_auc": 0.9999279279279278, "accuracy": 0.9975728155339806, "f1_score": 0.9975578069511963, "cohen_kappa": 0.9849700860936816, "mcc": 0.9850813564858069, "data_info": {"train_count": 1645, "test_count": 412, "actives_count": 187, "decoys_count": 1870}}, "svc": {"protein_name": "map_kinase_activated_protein_kinase_2", "uniprot_id": "P49137", "roc_auc": 0.9993513513513513, "accuracy": 0.9927184466019418, "f1_score": 0.9927621294411968, "cohen_kappa": 0.9559954428937625, "mcc": 0.9560983034132006, "data_info": {"train_count": 1645, "test_count": 412, "actives_count": 187, "decoys_count": 1870}}, "mlp": {"protein_name": "map_kinase_activated_protein_kinase_2", "uniprot_id": "P49137", "roc_auc": 0.9992792792792793, "accuracy": 0.9854368932038835, "f1_score": 0.9850594333687739, "cohen_kappa": 0.906356542162285, "mcc": 0.9081279280237756, "data_info": {"train_count": 1645, "test_count": 412, "actives_count": 187, "decoys_count": 1870}}}