{"xgb": {"protein_name": "neuropeptide_y_receptor_type_2", "uniprot_id": "P49146", "roc_auc": 0.998, "accuracy": 0.9954545454545455, "f1_score": 0.9954019380453295, "cohen_kappa": 0.9718670076726342, "mcc": 0.9722518356068021, "data_info": {"train_count": 880, "test_count": 220, "actives_count": 100, "decoys_count": 1000}}, "rf": {"protein_name": "neuropeptide_y_receptor_type_2", "uniprot_id": "P49146", "roc_auc": 0.998375, "accuracy": 0.9954545454545455, "f1_score": 0.9954019380453295, "cohen_kappa": 0.9718670076726342, "mcc": 0.9722518356068021, "data_info": {"train_count": 880, "test_count": 220, "actives_count": 100, "decoys_count": 1000}}, "svc": {"protein_name": "neuropeptide_y_receptor_type_2", "uniprot_id": "P49146", "roc_auc": 1.0, "accuracy": 0.9954545454545455, "f1_score": 0.9954019380453295, "cohen_kappa": 0.9718670076726342, "mcc": 0.9722518356068021, "data_info": {"train_count": 880, "test_count": 220, "actives_count": 100, "decoys_count": 1000}}, "mlp": {"protein_name": "neuropeptide_y_receptor_type_2", "uniprot_id": "P49146", "roc_auc": 0.99975, "accuracy": 0.9954545454545455, "f1_score": 0.9954019380453295, "cohen_kappa": 0.9718670076726342, "mcc": 0.9722518356068021, "data_info": {"train_count": 880, "test_count": 220, "actives_count": 100, "decoys_count": 1000}}}