{"xgb": {"protein_name": "cyclin_dependent_kinase_9", "uniprot_id": "P50750", "roc_auc": 0.9913061296177039, "accuracy": 0.9955869373345102, "f1_score": 0.9953983763666965, "cohen_kappa": 0.910035096634852, "mcc": 0.9137403720391504, "data_info": {"train_count": 4528, "test_count": 1133, "actives_count": 153, "decoys_count": 5508}}, "rf": {"protein_name": "cyclin_dependent_kinase_9", "uniprot_id": "P50750", "roc_auc": 0.9998536385457526, "accuracy": 0.9973521624007061, "f1_score": 0.9972866441134005, "cohen_kappa": 0.947796839243753, "mcc": 0.9490909385786042, "data_info": {"train_count": 4528, "test_count": 1133, "actives_count": 153, "decoys_count": 5508}}, "svc": {"protein_name": "cyclin_dependent_kinase_9", "uniprot_id": "P50750", "roc_auc": 0.9998536385457526, "accuracy": 0.9982347749338041, "f1_score": 0.9982615549292027, "cohen_kappa": 0.9678426475179519, "mcc": 0.9683434567402912, "data_info": {"train_count": 4528, "test_count": 1133, "actives_count": 153, "decoys_count": 5508}}, "mlp": {"protein_name": "cyclin_dependent_kinase_9", "uniprot_id": "P50750", "roc_auc": 0.9976582167320414, "accuracy": 0.9982347749338041, "f1_score": 0.9982347749338041, "cohen_kappa": 0.966834494467537, "mcc": 0.966834494467537, "data_info": {"train_count": 4528, "test_count": 1133, "actives_count": 153, "decoys_count": 5508}}}