{"xgb": {"protein_name": "dual_specificity_protein_phosphatase_3", "uniprot_id": "P51452", "roc_auc": 0.9204545454545454, "accuracy": 0.9615384615384616, "f1_score": 0.9592185592185591, "cohen_kappa": 0.8354430379746836, "mcc": 0.8469895538599198, "data_info": {"train_count": 100, "test_count": 26, "actives_count": 21, "decoys_count": 105}}, "rf": {"protein_name": "dual_specificity_protein_phosphatase_3", "uniprot_id": "P51452", "roc_auc": 0.9886363636363636, "accuracy": 0.9615384615384616, "f1_score": 0.9592185592185591, "cohen_kappa": 0.8354430379746836, "mcc": 0.8469895538599198, "data_info": {"train_count": 100, "test_count": 26, "actives_count": 21, "decoys_count": 105}}, "svc": {"protein_name": "dual_specificity_protein_phosphatase_3", "uniprot_id": "P51452", "roc_auc": 0.9204545454545454, "accuracy": 0.8846153846153846, "f1_score": 0.8896839594514012, "cohen_kappa": 0.5979381443298969, "mcc": 0.6033815244679472, "data_info": {"train_count": 100, "test_count": 26, "actives_count": 21, "decoys_count": 105}}, "mlp": {"protein_name": "dual_specificity_protein_phosphatase_3", "uniprot_id": "P51452", "roc_auc": 0.8977272727272727, "accuracy": 0.8076923076923077, "f1_score": 0.8268804366365342, "cohen_kappa": 0.4347826086956522, "mcc": 0.46217116665408475, "data_info": {"train_count": 100, "test_count": 26, "actives_count": 21, "decoys_count": 105}}}