{"xgb": {"protein_name": "ephrin_type_b_receptor_4", "uniprot_id": "P54760", "roc_auc": 0.9933673469387755, "accuracy": 0.9805194805194806, "f1_score": 0.980193393004781, "cohen_kappa": 0.8782287822878229, "mcc": 0.8789531540569908, "data_info": {"train_count": 616, "test_count": 154, "actives_count": 70, "decoys_count": 700}}, "rf": {"protein_name": "ephrin_type_b_receptor_4", "uniprot_id": "P54760", "roc_auc": 0.9964285714285716, "accuracy": 0.9805194805194806, "f1_score": 0.980193393004781, "cohen_kappa": 0.8782287822878229, "mcc": 0.8789531540569908, "data_info": {"train_count": 616, "test_count": 154, "actives_count": 70, "decoys_count": 700}}, "svc": {"protein_name": "ephrin_type_b_receptor_4", "uniprot_id": "P54760", "roc_auc": 0.9918367346938776, "accuracy": 0.987012987012987, "f1_score": 0.9873991715718334, "cohen_kappa": 0.9261744966442953, "mcc": 0.9287087810503355, "data_info": {"train_count": 616, "test_count": 154, "actives_count": 70, "decoys_count": 700}}, "mlp": {"protein_name": "ephrin_type_b_receptor_4", "uniprot_id": "P54760", "roc_auc": 0.9887755102040815, "accuracy": 0.961038961038961, "f1_score": 0.963191699604743, "cohen_kappa": 0.7911392405063291, "mcc": 0.7989218633826776, "data_info": {"train_count": 616, "test_count": 154, "actives_count": 70, "decoys_count": 700}}}