{"xgb": {"protein_name": "casein_kinase_ii_subunit_alpha", "uniprot_id": "P68400", "roc_auc": 0.9951148459383753, "accuracy": 0.9885496183206107, "f1_score": 0.9870216832852429, "cohen_kappa": 0.7218683651804672, "mcc": 0.7515211594866417, "data_info": {"train_count": 5239, "test_count": 1310, "actives_count": 177, "decoys_count": 6372}}, "rf": {"protein_name": "casein_kinase_ii_subunit_alpha", "uniprot_id": "P68400", "roc_auc": 0.9923361344537815, "accuracy": 0.9954198473282443, "f1_score": 0.9952105284378024, "cohen_kappa": 0.903923725705904, "mcc": 0.9081247336960299, "data_info": {"train_count": 5239, "test_count": 1310, "actives_count": 177, "decoys_count": 6372}}, "svc": {"protein_name": "casein_kinase_ii_subunit_alpha", "uniprot_id": "P68400", "roc_auc": 0.9893781512605042, "accuracy": 0.9954198473282443, "f1_score": 0.995481663011652, "cohen_kappa": 0.9143137468658018, "mcc": 0.9146869204291745, "data_info": {"train_count": 5239, "test_count": 1310, "actives_count": 177, "decoys_count": 6372}}, "mlp": {"protein_name": "casein_kinase_ii_subunit_alpha", "uniprot_id": "P68400", "roc_auc": 0.9916638655462184, "accuracy": 0.9954198473282443, "f1_score": 0.9952105284378024, "cohen_kappa": 0.903923725705904, "mcc": 0.9081247336960299, "data_info": {"train_count": 5239, "test_count": 1310, "actives_count": 177, "decoys_count": 6372}}}