{"xgb": {"protein_name": "disintegrin_and_metalloproteinase_domain_containing_protein_17", "uniprot_id": "P78536", "roc_auc": 0.9999946589755915, "accuracy": 0.998849252013809, "f1_score": 0.9988459511417246, "cohen_kappa": 0.9929980903882877, "mcc": 0.9930224330120814, "data_info": {"train_count": 10428, "test_count": 2607, "actives_count": 1185, "decoys_count": 11850}}, "rf": {"protein_name": "disintegrin_and_metalloproteinase_domain_containing_protein_17", "uniprot_id": "P78536", "roc_auc": 0.9999982196585305, "accuracy": 0.998849252013809, "f1_score": 0.9988459511417246, "cohen_kappa": 0.9929980903882877, "mcc": 0.9930224330120814, "data_info": {"train_count": 10428, "test_count": 2607, "actives_count": 1185, "decoys_count": 11850}}, "svc": {"protein_name": "disintegrin_and_metalloproteinase_domain_containing_protein_17", "uniprot_id": "P78536", "roc_auc": 0.9992202104363617, "accuracy": 0.9946298427311085, "f1_score": 0.9946698689118094, "cohen_kappa": 0.9679966749792186, "mcc": 0.9681585824641777, "data_info": {"train_count": 10428, "test_count": 2607, "actives_count": 1185, "decoys_count": 11850}}, "mlp": {"protein_name": "disintegrin_and_metalloproteinase_domain_containing_protein_17", "uniprot_id": "P78536", "roc_auc": 0.9999056419021167, "accuracy": 0.997698504027618, "f1_score": 0.997698504027618, "cohen_kappa": 0.9860759493670886, "mcc": 0.9860759493670886, "data_info": {"train_count": 10428, "test_count": 2607, "actives_count": 1185, "decoys_count": 11850}}}