{"xgb": {"protein_name": "e3_ubiquitin_protein_ligase_mdm2", "uniprot_id": "Q00987", "roc_auc": 0.9999749952371879, "accuracy": 0.9984306340238543, "f1_score": 0.9984269604369922, "cohen_kappa": 0.9904717016117359, "mcc": 0.9904878882224151, "data_info": {"train_count": 12742, "test_count": 3186, "actives_count": 1448, "decoys_count": 14480}}, "rf": {"protein_name": "e3_ubiquitin_protein_ligase_mdm2", "uniprot_id": "Q00987", "roc_auc": 0.9999773766431701, "accuracy": 0.9971751412429378, "f1_score": 0.9971595913838794, "cohen_kappa": 0.9827414564973234, "mcc": 0.9828300062434838, "data_info": {"train_count": 12742, "test_count": 3186, "actives_count": 1448, "decoys_count": 14480}}, "svc": {"protein_name": "e3_ubiquitin_protein_ligase_mdm2", "uniprot_id": "Q00987", "roc_auc": 0.9993189178891217, "accuracy": 0.9971751412429378, "f1_score": 0.9971816773635316, "cohen_kappa": 0.9830079798613095, "mcc": 0.9830237481664678, "data_info": {"train_count": 12742, "test_count": 3186, "actives_count": 1448, "decoys_count": 14480}}, "mlp": {"protein_name": "e3_ubiquitin_protein_ligase_mdm2", "uniprot_id": "Q00987", "roc_auc": 0.9998916460278149, "accuracy": 0.997489014438167, "f1_score": 0.9974967460515568, "cohen_kappa": 0.984919271240113, "mcc": 0.9849472722584385, "data_info": {"train_count": 12742, "test_count": 3186, "actives_count": 1448, "decoys_count": 14480}}}