{"xgb": {"protein_name": "alpha_1_6_mannosyl_glycoprotein_2_beta_n_acetylglucosaminyltransferase", "uniprot_id": "Q10469", "roc_auc": 0.996415770609319, "accuracy": 0.9901960784313726, "f1_score": 0.9899339414910349, "cohen_kappa": 0.9358490566037736, "mcc": 0.9377806908406011, "data_info": {"train_count": 404, "test_count": 102, "actives_count": 46, "decoys_count": 460}}, "rf": {"protein_name": "alpha_1_6_mannosyl_glycoprotein_2_beta_n_acetylglucosaminyltransferase", "uniprot_id": "Q10469", "roc_auc": 1.0, "accuracy": 0.9901960784313726, "f1_score": 0.9899339414910349, "cohen_kappa": 0.9358490566037736, "mcc": 0.9377806908406011, "data_info": {"train_count": 404, "test_count": 102, "actives_count": 46, "decoys_count": 460}}, "svc": {"protein_name": "alpha_1_6_mannosyl_glycoprotein_2_beta_n_acetylglucosaminyltransferase", "uniprot_id": "Q10469", "roc_auc": 0.990442054958184, "accuracy": 0.9705882352941176, "f1_score": 0.9724479955916792, "cohen_kappa": 0.8411214953271028, "mcc": 0.8519427513705973, "data_info": {"train_count": 404, "test_count": 102, "actives_count": 46, "decoys_count": 460}}, "mlp": {"protein_name": "alpha_1_6_mannosyl_glycoprotein_2_beta_n_acetylglucosaminyltransferase", "uniprot_id": "Q10469", "roc_auc": 0.995221027479092, "accuracy": 0.9705882352941176, "f1_score": 0.9678804855275444, "cohen_kappa": 0.7848101265822784, "mcc": 0.8036375634160796, "data_info": {"train_count": 404, "test_count": 102, "actives_count": 46, "decoys_count": 460}}}