{"xgb": {"protein_name": "tyrosine_protein_kinase_mer", "uniprot_id": "Q12866", "roc_auc": 0.9846938775510204, "accuracy": 0.987012987012987, "f1_score": 0.987012987012987, "cohen_kappa": 0.9214285714285715, "mcc": 0.9214285714285714, "data_info": {"train_count": 616, "test_count": 154, "actives_count": 70, "decoys_count": 700}}, "rf": {"protein_name": "tyrosine_protein_kinase_mer", "uniprot_id": "Q12866", "roc_auc": 0.9813775510204081, "accuracy": 0.9935064935064936, "f1_score": 0.9933977976682603, "cohen_kappa": 0.959409594095941, "mcc": 0.960200924600074, "data_info": {"train_count": 616, "test_count": 154, "actives_count": 70, "decoys_count": 700}}, "svc": {"protein_name": "tyrosine_protein_kinase_mer", "uniprot_id": "Q12866", "roc_auc": 0.9698979591836735, "accuracy": 0.948051948051948, "f1_score": 0.9520668254030212, "cohen_kappa": 0.7365269461077845, "mcc": 0.7513420827912771, "data_info": {"train_count": 616, "test_count": 154, "actives_count": 70, "decoys_count": 700}}, "mlp": {"protein_name": "tyrosine_protein_kinase_mer", "uniprot_id": "Q12866", "roc_auc": 0.986734693877551, "accuracy": 0.9935064935064936, "f1_score": 0.9933977976682603, "cohen_kappa": 0.959409594095941, "mcc": 0.960200924600074, "data_info": {"train_count": 616, "test_count": 154, "actives_count": 70, "decoys_count": 700}}}