{"xgb": {"protein_name": "rho_associated_protein_kinase_1", "uniprot_id": "Q13464", "roc_auc": 0.9993141289437585, "accuracy": 0.9925093632958801, "f1_score": 0.992361873032907, "cohen_kappa": 0.9524318546231961, "mcc": 0.9535112340551567, "data_info": {"train_count": 1064, "test_count": 267, "actives_count": 121, "decoys_count": 1210}}, "rf": {"protein_name": "rho_associated_protein_kinase_1", "uniprot_id": "Q13464", "roc_auc": 0.9981995884773662, "accuracy": 0.9925093632958801, "f1_score": 0.992361873032907, "cohen_kappa": 0.9524318546231961, "mcc": 0.9535112340551567, "data_info": {"train_count": 1064, "test_count": 267, "actives_count": 121, "decoys_count": 1210}}, "svc": {"protein_name": "rho_associated_protein_kinase_1", "uniprot_id": "Q13464", "roc_auc": 0.9991426611796983, "accuracy": 0.9887640449438202, "f1_score": 0.9886560493952005, "cohen_kappa": 0.9300131061598952, "mcc": 0.9302662849479835, "data_info": {"train_count": 1064, "test_count": 267, "actives_count": 121, "decoys_count": 1210}}, "mlp": {"protein_name": "rho_associated_protein_kinase_1", "uniprot_id": "Q13464", "roc_auc": 0.987482853223594, "accuracy": 0.9887640449438202, "f1_score": 0.9884239792284185, "cohen_kappa": 0.9272281275551921, "mcc": 0.9296931043590045, "data_info": {"train_count": 1064, "test_count": 267, "actives_count": 121, "decoys_count": 1210}}}