{"xgb": {"protein_name": "protein_tyrosine_kinase_6", "uniprot_id": "Q13882", "roc_auc": 1.0, "accuracy": 0.9666666666666667, "f1_score": 0.9661959777492513, "cohen_kappa": 0.9230769230769231, "mcc": 0.9258200997725514, "data_info": {"train_count": 120, "test_count": 30, "actives_count": 50, "decoys_count": 100}}, "rf": {"protein_name": "protein_tyrosine_kinase_6", "uniprot_id": "Q13882", "roc_auc": 1.0, "accuracy": 0.9666666666666667, "f1_score": 0.9661959777492513, "cohen_kappa": 0.9230769230769231, "mcc": 0.9258200997725514, "data_info": {"train_count": 120, "test_count": 30, "actives_count": 50, "decoys_count": 100}}, "svc": {"protein_name": "protein_tyrosine_kinase_6", "uniprot_id": "Q13882", "roc_auc": 0.995, "accuracy": 0.9333333333333333, "f1_score": 0.9333333333333333, "cohen_kappa": 0.85, "mcc": 0.85, "data_info": {"train_count": 120, "test_count": 30, "actives_count": 50, "decoys_count": 100}}, "mlp": {"protein_name": "protein_tyrosine_kinase_6", "uniprot_id": "Q13882", "roc_auc": 0.995, "accuracy": 0.9666666666666667, "f1_score": 0.9670329670329669, "cohen_kappa": 0.9268292682926829, "mcc": 0.929320377284585, "data_info": {"train_count": 120, "test_count": 30, "actives_count": 50, "decoys_count": 100}}}