{"xgb": {"protein_name": "atp_sensitive_inward_rectifier_potassium_channel_11", "uniprot_id": "Q14654", "roc_auc": 0.995339723560875, "accuracy": 0.995260663507109, "f1_score": 0.9950407394275338, "cohen_kappa": 0.9023543703360907, "mcc": 0.9066872042934722, "data_info": {"train_count": 3374, "test_count": 844, "actives_count": 114, "decoys_count": 4104}}, "rf": {"protein_name": "atp_sensitive_inward_rectifier_potassium_channel_11", "uniprot_id": "Q14654", "roc_auc": 1.0, "accuracy": 0.9988151658767772, "f1_score": 0.9988023616235215, "cohen_kappa": 0.9771694438433239, "mcc": 0.9774242105553085, "data_info": {"train_count": 3374, "test_count": 844, "actives_count": 114, "decoys_count": 4104}}, "svc": {"protein_name": "atp_sensitive_inward_rectifier_potassium_channel_11", "uniprot_id": "Q14654", "roc_auc": 0.9999470423131918, "accuracy": 0.9988151658767772, "f1_score": 0.9988274094853218, "cohen_kappa": 0.978114303495488, "mcc": 0.9783486380903632, "data_info": {"train_count": 3374, "test_count": 844, "actives_count": 114, "decoys_count": 4104}}, "mlp": {"protein_name": "atp_sensitive_inward_rectifier_potassium_channel_11", "uniprot_id": "Q14654", "roc_auc": 0.9974050733463962, "accuracy": 0.9988151658767772, "f1_score": 0.9988023616235215, "cohen_kappa": 0.9771694438433239, "mcc": 0.9774242105553085, "data_info": {"train_count": 3374, "test_count": 844, "actives_count": 114, "decoys_count": 4104}}}