{"xgb": {"protein_name": "receptor_tyrosine_protein_kinase_erbb_4", "uniprot_id": "Q15303", "roc_auc": 0.9948717948717949, "accuracy": 0.9577464788732394, "f1_score": 0.9559871372579684, "cohen_kappa": 0.7045769764216365, "mcc": 0.7080182351393368, "data_info": {"train_count": 281, "test_count": 71, "actives_count": 32, "decoys_count": 320}}, "rf": {"protein_name": "receptor_tyrosine_protein_kinase_erbb_4", "uniprot_id": "Q15303", "roc_auc": 1.0, "accuracy": 0.9859154929577465, "f1_score": 0.985329045752656, "cohen_kappa": 0.9015256588072122, "mcc": 0.9059288441743483, "data_info": {"train_count": 281, "test_count": 71, "actives_count": 32, "decoys_count": 320}}, "svc": {"protein_name": "receptor_tyrosine_protein_kinase_erbb_4", "uniprot_id": "Q15303", "roc_auc": 1.0, "accuracy": 0.9859154929577465, "f1_score": 0.986402613654497, "cohen_kappa": 0.9153754469606674, "mcc": 0.9186708028211433, "data_info": {"train_count": 281, "test_count": 71, "actives_count": 32, "decoys_count": 320}}, "mlp": {"protein_name": "receptor_tyrosine_protein_kinase_erbb_4", "uniprot_id": "Q15303", "roc_auc": 1.0, "accuracy": 0.9859154929577465, "f1_score": 0.985329045752656, "cohen_kappa": 0.9015256588072122, "mcc": 0.9059288441743483, "data_info": {"train_count": 281, "test_count": 71, "actives_count": 32, "decoys_count": 320}}}