{"xgb": {"protein_name": "neuropeptide_y_receptor_type_5", "uniprot_id": "Q15761", "roc_auc": 0.99978139298424, "accuracy": 0.9954692556634305, "f1_score": 0.9954167984503911, "cohen_kappa": 0.9718758532811504, "mcc": 0.9722604426139915, "data_info": {"train_count": 6177, "test_count": 1545, "actives_count": 702, "decoys_count": 7020}}, "rf": {"protein_name": "neuropeptide_y_receptor_type_5", "uniprot_id": "Q15761", "roc_auc": 0.9994306049822065, "accuracy": 0.9915857605177993, "f1_score": 0.9914301270974849, "cohen_kappa": 0.9470730068382149, "mcc": 0.9480241818948053, "data_info": {"train_count": 6177, "test_count": 1545, "actives_count": 702, "decoys_count": 7020}}, "svc": {"protein_name": "neuropeptide_y_receptor_type_5", "uniprot_id": "Q15761", "roc_auc": 0.9962531774275547, "accuracy": 0.9883495145631068, "f1_score": 0.9884946951899821, "cohen_kappa": 0.9310814829500397, "mcc": 0.9315185723118926, "data_info": {"train_count": 6177, "test_count": 1545, "actives_count": 702, "decoys_count": 7020}}, "mlp": {"protein_name": "neuropeptide_y_receptor_type_5", "uniprot_id": "Q15761", "roc_auc": 0.9987951194712761, "accuracy": 0.9935275080906149, "f1_score": 0.9935065274852719, "cohen_kappa": 0.960472791465193, "mcc": 0.9605028057299383, "data_info": {"train_count": 6177, "test_count": 1545, "actives_count": 702, "decoys_count": 7020}}}