{"xgb": {"protein_name": "long_chain_fatty_acid_transport_protein_1", "uniprot_id": "Q6PCB7", "roc_auc": 0.9873949579831932, "accuracy": 0.92, "f1_score": 0.8916901408450705, "cohen_kappa": 0.23208191126279853, "mcc": 0.3623177214464278, "data_info": {"train_count": 299, "test_count": 75, "actives_count": 34, "decoys_count": 340}}, "rf": {"protein_name": "long_chain_fatty_acid_transport_protein_1", "uniprot_id": "Q6PCB7", "roc_auc": 0.9978991596638656, "accuracy": 0.9866666666666667, "f1_score": 0.9870617283950617, "cohen_kappa": 0.9259624876604147, "mcc": 0.9285108254302565, "data_info": {"train_count": 299, "test_count": 75, "actives_count": 34, "decoys_count": 340}}, "svc": {"protein_name": "long_chain_fatty_acid_transport_protein_1", "uniprot_id": "Q6PCB7", "roc_auc": 0.9852941176470589, "accuracy": 0.9733333333333334, "f1_score": 0.9748009950248756, "cohen_kappa": 0.8603351955307262, "mcc": 0.8688509427884128, "data_info": {"train_count": 299, "test_count": 75, "actives_count": 34, "decoys_count": 340}}, "mlp": {"protein_name": "long_chain_fatty_acid_transport_protein_1", "uniprot_id": "Q6PCB7", "roc_auc": 0.9978991596638656, "accuracy": 0.9866666666666667, "f1_score": 0.9870617283950617, "cohen_kappa": 0.9259624876604147, "mcc": 0.9285108254302565, "data_info": {"train_count": 299, "test_count": 75, "actives_count": 34, "decoys_count": 340}}}