{"xgb": {"protein_name": "carnitine_o_palmitoyltransferase_1_muscle_isoform", "uniprot_id": "Q92523", "roc_auc": 0.9910000000000001, "accuracy": 0.9818181818181818, "f1_score": 0.9808980898089807, "cohen_kappa": 0.8791208791208791, "mcc": 0.8856148855400953, "data_info": {"train_count": 440, "test_count": 110, "actives_count": 50, "decoys_count": 500}}, "rf": {"protein_name": "carnitine_o_palmitoyltransferase_1_muscle_isoform", "uniprot_id": "Q92523", "roc_auc": 0.992, "accuracy": 0.9545454545454546, "f1_score": 0.950870630383815, "cohen_kappa": 0.6820809248554913, "mcc": 0.6948393082972943, "data_info": {"train_count": 440, "test_count": 110, "actives_count": 50, "decoys_count": 500}}, "svc": {"protein_name": "carnitine_o_palmitoyltransferase_1_muscle_isoform", "uniprot_id": "Q92523", "roc_auc": 0.877, "accuracy": 0.9636363636363636, "f1_score": 0.9617961796179618, "cohen_kappa": 0.7582417582417582, "mcc": 0.7638428387783321, "data_info": {"train_count": 440, "test_count": 110, "actives_count": 50, "decoys_count": 500}}, "mlp": {"protein_name": "carnitine_o_palmitoyltransferase_1_muscle_isoform", "uniprot_id": "Q92523", "roc_auc": 0.765, "accuracy": 0.9545454545454546, "f1_score": 0.9534623533052441, "cohen_kappa": 0.7120418848167539, "mcc": 0.7132256789312262, "data_info": {"train_count": 440, "test_count": 110, "actives_count": 50, "decoys_count": 500}}}