{"xgb": {"protein_name": "bile_acid_receptor", "uniprot_id": "Q96RI1", "roc_auc": 1.0, "accuracy": 0.9855855855855856, "f1_score": 0.983017777135424, "cohen_kappa": 0.63, "mcc": 0.6781253679066579, "data_info": {"train_count": 4440, "test_count": 1110, "actives_count": 150, "decoys_count": 5400}}, "rf": {"protein_name": "bile_acid_receptor", "uniprot_id": "Q96RI1", "roc_auc": 1.0, "accuracy": 1.0, "f1_score": 1.0, "cohen_kappa": 1.0, "mcc": 1.0, "data_info": {"train_count": 4440, "test_count": 1110, "actives_count": 150, "decoys_count": 5400}}, "svc": {"protein_name": "bile_acid_receptor", "uniprot_id": "Q96RI1", "roc_auc": 0.9996604938271605, "accuracy": 0.9981981981981982, "f1_score": 0.9982264245769882, "cohen_kappa": 0.9668161434977578, "mcc": 0.9673488971869916, "data_info": {"train_count": 4440, "test_count": 1110, "actives_count": 150, "decoys_count": 5400}}, "mlp": {"protein_name": "bile_acid_receptor", "uniprot_id": "Q96RI1", "roc_auc": 0.9999382716049382, "accuracy": 0.9954954954954955, "f1_score": 0.995663520025469, "cohen_kappa": 0.9207708779443254, "mcc": 0.9236745114890869, "data_info": {"train_count": 4440, "test_count": 1110, "actives_count": 150, "decoys_count": 5400}}}