{"xgb": {"protein_name": "p2x_purinoceptor_7", "uniprot_id": "Q99572", "roc_auc": 0.9996244635193133, "accuracy": 0.9957737321196359, "f1_score": 0.9957426118220286, "cohen_kappa": 0.9740861996116947, "mcc": 0.9742429948168734, "data_info": {"train_count": 12302, "test_count": 3076, "actives_count": 1398, "decoys_count": 13980}}, "rf": {"protein_name": "p2x_purinoceptor_7", "uniprot_id": "Q99572", "roc_auc": 0.9983266911914981, "accuracy": 0.9954486345903771, "f1_score": 0.9954036751046259, "cohen_kappa": 0.9719556541944089, "mcc": 0.9722365865512673, "data_info": {"train_count": 12302, "test_count": 3076, "actives_count": 1398, "decoys_count": 13980}}, "svc": {"protein_name": "p2x_purinoceptor_7", "uniprot_id": "Q99572", "roc_auc": 0.9943988861639076, "accuracy": 0.9866710013003901, "f1_score": 0.9869258803707416, "cohen_kappa": 0.922564562278192, "mcc": 0.9235946767854945, "data_info": {"train_count": 12302, "test_count": 3076, "actives_count": 1398, "decoys_count": 13980}}, "mlp": {"protein_name": "p2x_purinoceptor_7", "uniprot_id": "Q99572", "roc_auc": 0.9993293991416309, "accuracy": 0.9951235370611183, "f1_score": 0.995111712117897, "cohen_kappa": 0.9703891383200746, "mcc": 0.970406155572364, "data_info": {"train_count": 12302, "test_count": 3076, "actives_count": 1398, "decoys_count": 13980}}}