{"xgb": {"protein_name": "eukaryotic_translation_initiation_factor_2_alpha_kinase_3", "uniprot_id": "Q9NZJ5", "roc_auc": 0.9892307692307692, "accuracy": 0.9736842105263158, "f1_score": 0.9739030114969965, "cohen_kappa": 0.9425981873111783, "mcc": 0.9441549509633318, "data_info": {"train_count": 148, "test_count": 38, "actives_count": 62, "decoys_count": 124}}, "rf": {"protein_name": "eukaryotic_translation_initiation_factor_2_alpha_kinase_3", "uniprot_id": "Q9NZJ5", "roc_auc": 1.0, "accuracy": 0.9736842105263158, "f1_score": 0.9739030114969965, "cohen_kappa": 0.9425981873111783, "mcc": 0.9441549509633318, "data_info": {"train_count": 148, "test_count": 38, "actives_count": 62, "decoys_count": 124}}, "svc": {"protein_name": "eukaryotic_translation_initiation_factor_2_alpha_kinase_3", "uniprot_id": "Q9NZJ5", "roc_auc": 0.9907692307692307, "accuracy": 0.9473684210526315, "f1_score": 0.9481516290726817, "cohen_kappa": 0.887240356083086, "mcc": 0.8929352346801717, "data_info": {"train_count": 148, "test_count": 38, "actives_count": 62, "decoys_count": 124}}, "mlp": {"protein_name": "eukaryotic_translation_initiation_factor_2_alpha_kinase_3", "uniprot_id": "Q9NZJ5", "roc_auc": 0.9969230769230769, "accuracy": 0.9210526315789473, "f1_score": 0.9226165192879484, "cohen_kappa": 0.8338192419825073, "mcc": 0.8455767262643882, "data_info": {"train_count": 148, "test_count": 38, "actives_count": 62, "decoys_count": 124}}}