{"xgb": {"protein_name": "lysine_specific_demethylase_5b", "uniprot_id": "Q9UGL1", "roc_auc": 0.9826446280991735, "accuracy": 0.9917355371900827, "f1_score": 0.9915574621456974, "cohen_kappa": 0.9478672985781991, "mcc": 0.9491579957524989, "data_info": {"train_count": 484, "test_count": 121, "actives_count": 55, "decoys_count": 550}}, "rf": {"protein_name": "lysine_specific_demethylase_5b", "uniprot_id": "Q9UGL1", "roc_auc": 0.9962809917355372, "accuracy": 0.9917355371900827, "f1_score": 0.9915574621456974, "cohen_kappa": 0.9478672985781991, "mcc": 0.9491579957524989, "data_info": {"train_count": 484, "test_count": 121, "actives_count": 55, "decoys_count": 550}}, "svc": {"protein_name": "lysine_specific_demethylase_5b", "uniprot_id": "Q9UGL1", "roc_auc": 0.9826446280991735, "accuracy": 0.9752066115702479, "f1_score": 0.9756889923655856, "cohen_kappa": 0.8558951965065502, "mcc": 0.8568843355587695, "data_info": {"train_count": 484, "test_count": 121, "actives_count": 55, "decoys_count": 550}}, "mlp": {"protein_name": "lysine_specific_demethylase_5b", "uniprot_id": "Q9UGL1", "roc_auc": 1.0, "accuracy": 1.0, "f1_score": 1.0, "cohen_kappa": 1.0, "mcc": 1.0, "data_info": {"train_count": 484, "test_count": 121, "actives_count": 55, "decoys_count": 550}}}