{"xgb": {"protein_name": "nischarin", "uniprot_id": "Q9Y2I1", "roc_auc": 0.9741152383737935, "accuracy": 0.9653979238754326, "f1_score": 0.9633363912262979, "cohen_kappa": 0.7641586420760568, "mcc": 0.77192609637291, "data_info": {"train_count": 1152, "test_count": 289, "actives_count": 131, "decoys_count": 1310}}, "rf": {"protein_name": "nischarin", "uniprot_id": "Q9Y2I1", "roc_auc": 0.994589061128985, "accuracy": 0.9792387543252595, "f1_score": 0.9784520467454461, "cohen_kappa": 0.8637649277184161, "mcc": 0.867349670109105, "data_info": {"train_count": 1152, "test_count": 289, "actives_count": 131, "decoys_count": 1310}}, "svc": {"protein_name": "nischarin", "uniprot_id": "Q9Y2I1", "roc_auc": 0.994004094764551, "accuracy": 0.9688581314878892, "f1_score": 0.9700745697636091, "cohen_kappa": 0.8249781306776125, "mcc": 0.8289058914375576, "data_info": {"train_count": 1152, "test_count": 289, "actives_count": 131, "decoys_count": 1310}}, "mlp": {"protein_name": "nischarin", "uniprot_id": "Q9Y2I1", "roc_auc": 0.9931266452179, "accuracy": 0.9826989619377162, "f1_score": 0.9828457020988195, "cohen_kappa": 0.8961403004384388, "mcc": 0.8963336934141045, "data_info": {"train_count": 1152, "test_count": 289, "actives_count": 131, "decoys_count": 1310}}}