{"xgb": {"protein_name": "acyl_coa_desaturase", "uniprot_id": "O00767", "roc_auc": 0.9989507458212136, "accuracy": 0.995420346745175, "f1_score": 0.9952148186440944, "cohen_kappa": 0.9055669557158933, "mcc": 0.9096319050795577, "data_info": {"train_count": 12224, "test_count": 3057, "actives_count": 413, "decoys_count": 14868}}, "rf": {"protein_name": "acyl_coa_desaturase", "uniprot_id": "O00767", "roc_auc": 0.9970973335169866, "accuracy": 0.9964017010140661, "f1_score": 0.9962773405723064, "cohen_kappa": 0.9271958482992446, "mcc": 0.9296629352052214, "data_info": {"train_count": 12224, "test_count": 3057, "actives_count": 413, "decoys_count": 14868}}, "svc": {"protein_name": "acyl_coa_desaturase", "uniprot_id": "O00767", "roc_auc": 0.9967793163238023, "accuracy": 0.9973830552829571, "f1_score": 0.9973675381256166, "cohen_kappa": 0.9498751798516916, "mcc": 0.9499497686083983, "data_info": {"train_count": 12224, "test_count": 3057, "actives_count": 413, "decoys_count": 14868}}, "mlp": {"protein_name": "acyl_coa_desaturase", "uniprot_id": "O00767", "roc_auc": 0.998383581400248, "accuracy": 0.9967288191036965, "f1_score": 0.9967288191036965, "cohen_kappa": 0.9380777987538588, "mcc": 0.9380777987538588, "data_info": {"train_count": 12224, "test_count": 3057, "actives_count": 413, "decoys_count": 14868}}}