{"xgb": {"protein_name": "aldo_keto_reductase_family_1_member_b10", "uniprot_id": "O60218", "roc_auc": 0.9880057803468207, "accuracy": 0.9719101123595506, "f1_score": 0.9580652389641153, "cohen_kappa": 0.0, "mcc": 0.0, "data_info": {"train_count": 1420, "test_count": 356, "actives_count": 48, "decoys_count": 1728}}, "rf": {"protein_name": "aldo_keto_reductase_family_1_member_b10", "uniprot_id": "O60218", "roc_auc": 0.9971098265895953, "accuracy": 0.9915730337078652, "f1_score": 0.9908476655555926, "cohen_kappa": 0.8193504736129905, "mcc": 0.833056305433746, "data_info": {"train_count": 1420, "test_count": 356, "actives_count": 48, "decoys_count": 1728}}, "svc": {"protein_name": "aldo_keto_reductase_family_1_member_b10", "uniprot_id": "O60218", "roc_auc": 0.9494219653179191, "accuracy": 0.9887640449438202, "f1_score": 0.9881560153554454, "cohen_kappa": 0.7720870678617158, "mcc": 0.777149619311041, "data_info": {"train_count": 1420, "test_count": 356, "actives_count": 48, "decoys_count": 1728}}, "mlp": {"protein_name": "aldo_keto_reductase_family_1_member_b10", "uniprot_id": "O60218", "roc_auc": 0.7332369942196532, "accuracy": 0.9859550561797753, "f1_score": 0.9836646086222927, "cohen_kappa": 0.6603053435114504, "mcc": 0.7020523434028925, "data_info": {"train_count": 1420, "test_count": 356, "actives_count": 48, "decoys_count": 1728}}}