{"xgb": {"protein_name": "lysine_specific_demethylase_4a", "uniprot_id": "O75164", "roc_auc": 0.9901734104046243, "accuracy": 0.9719101123595506, "f1_score": 0.9580652389641153, "cohen_kappa": 0.0, "mcc": 0.0, "data_info": {"train_count": 1420, "test_count": 356, "actives_count": 48, "decoys_count": 1728}}, "rf": {"protein_name": "lysine_specific_demethylase_4a", "uniprot_id": "O75164", "roc_auc": 1.0, "accuracy": 0.9915730337078652, "f1_score": 0.9908476655555926, "cohen_kappa": 0.8193504736129905, "mcc": 0.833056305433746, "data_info": {"train_count": 1420, "test_count": 356, "actives_count": 48, "decoys_count": 1728}}, "svc": {"protein_name": "lysine_specific_demethylase_4a", "uniprot_id": "O75164", "roc_auc": 0.9999999999999999, "accuracy": 0.9971910112359551, "f1_score": 0.9972558593674384, "cohen_kappa": 0.9509371554575524, "mcc": 0.9520837561463875, "data_info": {"train_count": 1420, "test_count": 356, "actives_count": 48, "decoys_count": 1728}}, "mlp": {"protein_name": "lysine_specific_demethylase_4a", "uniprot_id": "O75164", "roc_auc": 0.9846820809248554, "accuracy": 0.9915730337078652, "f1_score": 0.9913573514992793, "cohen_kappa": 0.8377885783718104, "mcc": 0.8390159564221631, "data_info": {"train_count": 1420, "test_count": 356, "actives_count": 48, "decoys_count": 1728}}}