{"xgb": {"protein_name": "tankyrase_1", "uniprot_id": "O95271", "roc_auc": 0.9996564518345472, "accuracy": 0.9904988123515439, "f1_score": 0.990382789261946, "cohen_kappa": 0.9407417833767331, "mcc": 0.9411549865628044, "data_info": {"train_count": 1680, "test_count": 421, "actives_count": 191, "decoys_count": 1910}}, "rf": {"protein_name": "tankyrase_1", "uniprot_id": "O95271", "roc_auc": 0.9995877422014567, "accuracy": 0.9904988123515439, "f1_score": 0.9902595688818966, "cohen_kappa": 0.939267166762839, "mcc": 0.9410042062013704, "data_info": {"train_count": 1680, "test_count": 421, "actives_count": 191, "decoys_count": 1910}}, "svc": {"protein_name": "tankyrase_1", "uniprot_id": "O95271", "roc_auc": 0.9979387110072832, "accuracy": 0.9833729216152018, "f1_score": 0.9839973905178232, "cohen_kappa": 0.906512705009041, "mcc": 0.9105002657723772, "data_info": {"train_count": 1680, "test_count": 421, "actives_count": 191, "decoys_count": 1910}}, "mlp": {"protein_name": "tankyrase_1", "uniprot_id": "O95271", "roc_auc": 0.9978700013741926, "accuracy": 0.9881235154394299, "f1_score": 0.9881928730608345, "cohen_kappa": 0.9285302006586765, "mcc": 0.9286250725834494, "data_info": {"train_count": 1680, "test_count": 421, "actives_count": 191, "decoys_count": 1910}}}