{"xgb": {"protein_name": "high_affinity_camp_specific_and_ibmx_insensitive_3_5_cyclic_phosphodiesterase_8b", "uniprot_id": "O95263", "roc_auc": 0.9998529411764705, "accuracy": 0.9874141876430206, "f1_score": 0.9855837806679514, "cohen_kappa": 0.6968531248029262, "mcc": 0.7312635768946518, "data_info": {"train_count": 3492, "test_count": 874, "actives_count": 118, "decoys_count": 4248}}, "rf": {"protein_name": "high_affinity_camp_specific_and_ibmx_insensitive_3_5_cyclic_phosphodiesterase_8b", "uniprot_id": "O95263", "roc_auc": 0.9993382352941176, "accuracy": 0.9988558352402745, "f1_score": 0.9988439995959567, "cohen_kappa": 0.9781357882623706, "mcc": 0.978369667971778, "data_info": {"train_count": 3492, "test_count": 874, "actives_count": 118, "decoys_count": 4248}}, "svc": {"protein_name": "high_affinity_camp_specific_and_ibmx_insensitive_3_5_cyclic_phosphodiesterase_8b", "uniprot_id": "O95263", "roc_auc": 1.0, "accuracy": 0.9988558352402745, "f1_score": 0.9988439995959567, "cohen_kappa": 0.9781357882623706, "mcc": 0.978369667971778, "data_info": {"train_count": 3492, "test_count": 874, "actives_count": 118, "decoys_count": 4248}}, "mlp": {"protein_name": "high_affinity_camp_specific_and_ibmx_insensitive_3_5_cyclic_phosphodiesterase_8b", "uniprot_id": "O95263", "roc_auc": 0.965637254901961, "accuracy": 0.9965675057208238, "f1_score": 0.9964561125809749, "cohen_kappa": 0.9315797714106779, "mcc": 0.9337679722638764, "data_info": {"train_count": 3492, "test_count": 874, "actives_count": 118, "decoys_count": 4248}}}