{"xgb": {"protein_name": "glucocorticoid_receptor", "uniprot_id": "P04150", "roc_auc": 0.9995777027027027, "accuracy": 0.9966216216216216, "f1_score": 0.996623042283958, "cohen_kappa": 0.9924050632911392, "mcc": 0.9924082435822263, "data_info": {"train_count": 3552, "test_count": 888, "actives_count": 1480, "decoys_count": 2960}}, "rf": {"protein_name": "glucocorticoid_receptor", "uniprot_id": "P04150", "roc_auc": 0.9997118106281957, "accuracy": 0.9887387387387387, "f1_score": 0.9887387387387387, "cohen_kappa": 0.9746621621621622, "mcc": 0.9746621621621622, "data_info": {"train_count": 3552, "test_count": 888, "actives_count": 1480, "decoys_count": 2960}}, "svc": {"protein_name": "glucocorticoid_receptor", "uniprot_id": "P04150", "roc_auc": 0.9983336376917458, "accuracy": 0.990990990990991, "f1_score": 0.990990990990991, "cohen_kappa": 0.9797297297297297, "mcc": 0.9797297297297297, "data_info": {"train_count": 3552, "test_count": 888, "actives_count": 1480, "decoys_count": 2960}}, "mlp": {"protein_name": "glucocorticoid_receptor", "uniprot_id": "P04150", "roc_auc": 0.9975232834185537, "accuracy": 0.9853603603603603, "f1_score": 0.9854023674877745, "cohen_kappa": 0.9672544080604534, "mcc": 0.9674048008684555, "data_info": {"train_count": 3552, "test_count": 888, "actives_count": 1480, "decoys_count": 2960}}}