{"xgb": {"protein_name": "protein_kinase_c_beta_type", "uniprot_id": "P05771", "roc_auc": 1.0, "accuracy": 0.9978165938864629, "f1_score": 0.9978281237297467, "cohen_kappa": 0.9870321082734017, "mcc": 0.9871151114695754, "data_info": {"train_count": 1830, "test_count": 458, "actives_count": 208, "decoys_count": 2080}}, "rf": {"protein_name": "protein_kinase_c_beta_type", "uniprot_id": "P05771", "roc_auc": 1.0, "accuracy": 0.9978165938864629, "f1_score": 0.9978047514054814, "cohen_kappa": 0.9867515186577958, "mcc": 0.9868381284866852, "data_info": {"train_count": 1830, "test_count": 458, "actives_count": 208, "decoys_count": 2080}}, "svc": {"protein_name": "protein_kinase_c_beta_type", "uniprot_id": "P05771", "roc_auc": 1.0, "accuracy": 0.9978165938864629, "f1_score": 0.9978281237297467, "cohen_kappa": 0.9870321082734017, "mcc": 0.9871151114695754, "data_info": {"train_count": 1830, "test_count": 458, "actives_count": 208, "decoys_count": 2080}}, "mlp": {"protein_name": "protein_kinase_c_beta_type", "uniprot_id": "P05771", "roc_auc": 0.999198717948718, "accuracy": 0.9890829694323144, "f1_score": 0.9893566256881381, "cohen_kappa": 0.9377954039224208, "mcc": 0.939615044621232, "data_info": {"train_count": 1830, "test_count": 458, "actives_count": 208, "decoys_count": 2080}}}