{"xgb": {"protein_name": "integrin_alpha_v", "uniprot_id": "P06756", "roc_auc": 1.0, "accuracy": 0.9714285714285714, "f1_score": 0.9573498964803312, "cohen_kappa": 0.0, "mcc": 0.0, "data_info": {"train_count": 978, "test_count": 245, "actives_count": 35, "decoys_count": 1188}}, "rf": {"protein_name": "integrin_alpha_v", "uniprot_id": "P06756", "roc_auc": 0.9993997599039616, "accuracy": 0.9959183673469387, "f1_score": 0.9957656599166034, "cohen_kappa": 0.9209932279909706, "mcc": 0.9238812073830968, "data_info": {"train_count": 978, "test_count": 245, "actives_count": 35, "decoys_count": 1188}}, "svc": {"protein_name": "integrin_alpha_v", "uniprot_id": "P06756", "roc_auc": 0.9963985594237695, "accuracy": 0.9959183673469387, "f1_score": 0.9957656599166034, "cohen_kappa": 0.9209932279909706, "mcc": 0.9238812073830968, "data_info": {"train_count": 978, "test_count": 245, "actives_count": 35, "decoys_count": 1188}}, "mlp": {"protein_name": "integrin_alpha_v", "uniprot_id": "P06756", "roc_auc": 0.968187274909964, "accuracy": 0.9918367346938776, "f1_score": 0.9911735405459255, "cohen_kappa": 0.8292682926829268, "mcc": 0.8416254115301731, "data_info": {"train_count": 978, "test_count": 245, "actives_count": 35, "decoys_count": 1188}}}