{"xgb": {"protein_name": "calcitonin_gene_related_peptide_1", "uniprot_id": "P06881", "roc_auc": 0.9616218922075755, "accuracy": 0.9725738396624473, "f1_score": 0.9590514226404024, "cohen_kappa": 0.0, "mcc": 0.0, "data_info": {"train_count": 1894, "test_count": 474, "actives_count": 64, "decoys_count": 2304}}, "rf": {"protein_name": "calcitonin_gene_related_peptide_1", "uniprot_id": "P06881", "roc_auc": 0.984982479559486, "accuracy": 0.9957805907172996, "f1_score": 0.9956093484574499, "cohen_kappa": 0.9145175834084761, "mcc": 0.9178773087650867, "data_info": {"train_count": 1894, "test_count": 474, "actives_count": 64, "decoys_count": 2304}}, "svc": {"protein_name": "calcitonin_gene_related_peptide_1", "uniprot_id": "P06881", "roc_auc": 0.9969964959118972, "accuracy": 0.9936708860759493, "f1_score": 0.9937846558883131, "cohen_kappa": 0.8856361589190929, "mcc": 0.8862803785651193, "data_info": {"train_count": 1894, "test_count": 474, "actives_count": 64, "decoys_count": 2304}}, "mlp": {"protein_name": "calcitonin_gene_related_peptide_1", "uniprot_id": "P06881", "roc_auc": 0.9918237944268313, "accuracy": 0.9978902953586498, "f1_score": 0.9978492441177412, "cohen_kappa": 0.9589183567342694, "mcc": 0.9597285663555717, "data_info": {"train_count": 1894, "test_count": 474, "actives_count": 64, "decoys_count": 2304}}}