{"xgb": {"protein_name": "multidrug_resistance_protein_1", "uniprot_id": "P08183", "roc_auc": 0.9962129994589999, "accuracy": 0.967741935483871, "f1_score": 0.9677767630114242, "cohen_kappa": 0.9276832019125103, "mcc": 0.9277032501769845, "data_info": {"train_count": 1363, "test_count": 341, "actives_count": 568, "decoys_count": 1136}}, "rf": {"protein_name": "multidrug_resistance_protein_1", "uniprot_id": "P08183", "roc_auc": 0.9964834994976428, "accuracy": 0.9794721407624634, "f1_score": 0.9794943037345428, "cohen_kappa": 0.9539802193988702, "mcc": 0.9540008359711033, "data_info": {"train_count": 1363, "test_count": 341, "actives_count": 568, "decoys_count": 1136}}, "svc": {"protein_name": "multidrug_resistance_protein_1", "uniprot_id": "P08183", "roc_auc": 0.9952469278924182, "accuracy": 0.9794721407624634, "f1_score": 0.9794943037345428, "cohen_kappa": 0.9539802193988702, "mcc": 0.9540008359711033, "data_info": {"train_count": 1363, "test_count": 341, "actives_count": 568, "decoys_count": 1136}}, "mlp": {"protein_name": "multidrug_resistance_protein_1", "uniprot_id": "P08183", "roc_auc": 0.984890640698663, "accuracy": 0.967741935483871, "f1_score": 0.9679084414517224, "cohen_kappa": 0.928307945184534, "mcc": 0.9288012380433428, "data_info": {"train_count": 1363, "test_count": 341, "actives_count": 568, "decoys_count": 1136}}}