{"xgb": {"protein_name": "cathepsin_g", "uniprot_id": "P08311", "roc_auc": 0.9828635490070468, "accuracy": 0.9695652173913043, "f1_score": 0.9545829734139553, "cohen_kappa": 0.0, "mcc": 0.0, "data_info": {"train_count": 1840, "test_count": 460, "actives_count": 68, "decoys_count": 2232}}, "rf": {"protein_name": "cathepsin_g", "uniprot_id": "P08311", "roc_auc": 0.9990390775144138, "accuracy": 0.9956521739130435, "f1_score": 0.9954898131729178, "cohen_kappa": 0.9208534067446662, "mcc": 0.9237512254555401, "data_info": {"train_count": 1840, "test_count": 460, "actives_count": 68, "decoys_count": 2232}}, "svc": {"protein_name": "cathepsin_g", "uniprot_id": "P08311", "roc_auc": 0.9807815502882767, "accuracy": 0.9717391304347827, "f1_score": 0.9750322384031577, "cohen_kappa": 0.6348314606741573, "mcc": 0.656145555590406, "data_info": {"train_count": 1840, "test_count": 460, "actives_count": 68, "decoys_count": 2232}}, "mlp": {"protein_name": "cathepsin_g", "uniprot_id": "P08311", "roc_auc": 0.9939141575912877, "accuracy": 0.9934782608695653, "f1_score": 0.9930978868107845, "cohen_kappa": 0.8766976411722659, "mcc": 0.883439032610515, "data_info": {"train_count": 1840, "test_count": 460, "actives_count": 68, "decoys_count": 2232}}}