{"xgb": {"protein_name": "cytochrome_p450_3a4", "uniprot_id": "P08684", "roc_auc": 0.803426939552594, "accuracy": 0.9720101781170484, "f1_score": 0.9582139046211934, "cohen_kappa": 0.0, "mcc": 0.0, "data_info": {"train_count": 1568, "test_count": 393, "actives_count": 53, "decoys_count": 1908}}, "rf": {"protein_name": "cytochrome_p450_3a4", "uniprot_id": "P08684", "roc_auc": 0.8990956687291767, "accuracy": 0.9821882951653944, "f1_score": 0.9781130879892278, "cohen_kappa": 0.526261408644739, "mcc": 0.597572404555807, "data_info": {"train_count": 1568, "test_count": 393, "actives_count": 53, "decoys_count": 1908}}, "svc": {"protein_name": "cytochrome_p450_3a4", "uniprot_id": "P08684", "roc_auc": 0.9502617801047121, "accuracy": 0.9745547073791349, "f1_score": 0.9745547073791349, "cohen_kappa": 0.5323655402189433, "mcc": 0.5323655402189433, "data_info": {"train_count": 1568, "test_count": 393, "actives_count": 53, "decoys_count": 1908}}, "mlp": {"protein_name": "cytochrome_p450_3a4", "uniprot_id": "P08684", "roc_auc": 0.9433603046168492, "accuracy": 0.9770992366412213, "f1_score": 0.9718596845575787, "cohen_kappa": 0.3909075254003789, "mcc": 0.44387740783431995, "data_info": {"train_count": 1568, "test_count": 393, "actives_count": 53, "decoys_count": 1908}}}