{"xgb": {"protein_name": "steryl_sulfatase", "uniprot_id": "P08842", "roc_auc": 0.9996274371817692, "accuracy": 0.9944649446494465, "f1_score": 0.994439217415707, "cohen_kappa": 0.966033006058074, "mcc": 0.9660949324027641, "data_info": {"train_count": 2164, "test_count": 542, "actives_count": 246, "decoys_count": 2460}}, "rf": {"protein_name": "steryl_sulfatase", "uniprot_id": "P08842", "roc_auc": 0.9999586041313077, "accuracy": 0.996309963099631, "f1_score": 0.9962752600704146, "cohen_kappa": 0.977143339096698, "mcc": 0.9773986821556556, "data_info": {"train_count": 2164, "test_count": 542, "actives_count": 246, "decoys_count": 2460}}, "svc": {"protein_name": "steryl_sulfatase", "uniprot_id": "P08842", "roc_auc": 0.9997102289191538, "accuracy": 0.996309963099631, "f1_score": 0.996309963099631, "cohen_kappa": 0.977563439168771, "mcc": 0.977563439168771, "data_info": {"train_count": 2164, "test_count": 542, "actives_count": 246, "decoys_count": 2460}}, "mlp": {"protein_name": "steryl_sulfatase", "uniprot_id": "P08842", "roc_auc": 0.9995860413130769, "accuracy": 0.996309963099631, "f1_score": 0.996309963099631, "cohen_kappa": 0.977563439168771, "mcc": 0.977563439168771, "data_info": {"train_count": 2164, "test_count": 542, "actives_count": 246, "decoys_count": 2460}}}