{"xgb": {"protein_name": "phenylethanolamine_n_methyltransferase", "uniprot_id": "P11086", "roc_auc": 1.0, "accuracy": 0.9874213836477987, "f1_score": 0.9869806681644365, "cohen_kappa": 0.9162717219589258, "mcc": 0.9195004347811273, "data_info": {"train_count": 633, "test_count": 159, "actives_count": 72, "decoys_count": 720}}, "rf": {"protein_name": "phenylethanolamine_n_methyltransferase", "uniprot_id": "P11086", "roc_auc": 1.0, "accuracy": 0.9937106918238994, "f1_score": 0.9936050295254082, "cohen_kappa": 0.9595316874522779, "mcc": 0.9603183588235426, "data_info": {"train_count": 633, "test_count": 159, "actives_count": 72, "decoys_count": 720}}, "svc": {"protein_name": "phenylethanolamine_n_methyltransferase", "uniprot_id": "P11086", "roc_auc": 1.0, "accuracy": 0.9874213836477987, "f1_score": 0.987796995108316, "cohen_kappa": 0.9264229523368811, "mcc": 0.9289408132291092, "data_info": {"train_count": 633, "test_count": 159, "actives_count": 72, "decoys_count": 720}}, "mlp": {"protein_name": "phenylethanolamine_n_methyltransferase", "uniprot_id": "P11086", "roc_auc": 0.9995073891625615, "accuracy": 0.9937106918238994, "f1_score": 0.9938082470157491, "cohen_kappa": 0.9620615604867573, "mcc": 0.9627546685029048, "data_info": {"train_count": 633, "test_count": 159, "actives_count": 72, "decoys_count": 720}}}