{"xgb": {"protein_name": "cytochrome_p450_2a6", "uniprot_id": "P11509", "roc_auc": 0.9642857142857142, "accuracy": 0.9739130434782609, "f1_score": 0.9610419459873588, "cohen_kappa": 0.0, "mcc": 0.0, "data_info": {"train_count": 917, "test_count": 230, "actives_count": 31, "decoys_count": 1116}}, "rf": {"protein_name": "cytochrome_p450_2a6", "uniprot_id": "P11509", "roc_auc": 1.0, "accuracy": 0.991304347826087, "f1_score": 0.9904541062801933, "cohen_kappa": 0.7957371225577264, "mcc": 0.8128757356766885, "data_info": {"train_count": 917, "test_count": 230, "actives_count": 31, "decoys_count": 1116}}, "svc": {"protein_name": "cytochrome_p450_2a6", "uniprot_id": "P11509", "roc_auc": 1.0, "accuracy": 0.9956521739130435, "f1_score": 0.9954593871317026, "cohen_kappa": 0.9068825910931174, "mcc": 0.9108400680852976, "data_info": {"train_count": 917, "test_count": 230, "actives_count": 31, "decoys_count": 1116}}, "mlp": {"protein_name": "cytochrome_p450_2a6", "uniprot_id": "P11509", "roc_auc": 0.9970238095238095, "accuracy": 0.991304347826087, "f1_score": 0.9904541062801933, "cohen_kappa": 0.7957371225577264, "mcc": 0.8128757356766885, "data_info": {"train_count": 917, "test_count": 230, "actives_count": 31, "decoys_count": 1116}}}