{"xgb": {"protein_name": "cathepsin_e", "uniprot_id": "P14091", "roc_auc": 0.9860664523043944, "accuracy": 0.971875, "f1_score": 0.9580130744849447, "cohen_kappa": 0.0, "mcc": 0.0, "data_info": {"train_count": 1279, "test_count": 320, "actives_count": 46, "decoys_count": 1553}}, "rf": {"protein_name": "cathepsin_e", "uniprot_id": "P14091", "roc_auc": 1.0, "accuracy": 1.0, "f1_score": 1.0, "cohen_kappa": 1.0, "mcc": 1.0, "data_info": {"train_count": 1279, "test_count": 320, "actives_count": 46, "decoys_count": 1553}}, "svc": {"protein_name": "cathepsin_e", "uniprot_id": "P14091", "roc_auc": 0.9957127545551984, "accuracy": 0.99375, "f1_score": 0.9940524193548388, "cohen_kappa": 0.8968074814575944, "mcc": 0.9016208730793054, "data_info": {"train_count": 1279, "test_count": 320, "actives_count": 46, "decoys_count": 1553}}, "mlp": {"protein_name": "cathepsin_e", "uniprot_id": "P14091", "roc_auc": 1.0, "accuracy": 0.996875, "f1_score": 0.9969547207390457, "cohen_kappa": 0.9457627118644067, "mcc": 0.9471568557133285, "data_info": {"train_count": 1279, "test_count": 320, "actives_count": 46, "decoys_count": 1553}}}