{"xgb": {"protein_name": "fatty_acid_binding_protein_adipocyte", "uniprot_id": "P15090", "roc_auc": 0.9461805555555555, "accuracy": 0.972972972972973, "f1_score": 0.9596445760829322, "cohen_kappa": 0.0, "mcc": 0.0, "data_info": {"train_count": 1776, "test_count": 444, "actives_count": 60, "decoys_count": 2160}}, "rf": {"protein_name": "fatty_acid_binding_protein_adipocyte", "uniprot_id": "P15090", "roc_auc": 0.9853395061728395, "accuracy": 0.9954954954954955, "f1_score": 0.9952959467971015, "cohen_kappa": 0.906801007556675, "mcc": 0.9107651110783744, "data_info": {"train_count": 1776, "test_count": 444, "actives_count": 60, "decoys_count": 2160}}, "svc": {"protein_name": "fatty_acid_binding_protein_adipocyte", "uniprot_id": "P15090", "roc_auc": 0.9583333333333334, "accuracy": 0.9864864864864865, "f1_score": 0.986990560076407, "cohen_kappa": 0.7623126338329764, "mcc": 0.7647165723025928, "data_info": {"train_count": 1776, "test_count": 444, "actives_count": 60, "decoys_count": 2160}}, "mlp": {"protein_name": "fatty_acid_binding_protein_adipocyte", "uniprot_id": "P15090", "roc_auc": 0.9782021604938272, "accuracy": 0.9932432432432432, "f1_score": 0.9933744636873257, "cohen_kappa": 0.8765294771968855, "mcc": 0.8772727919581821, "data_info": {"train_count": 1776, "test_count": 444, "actives_count": 60, "decoys_count": 2160}}}