{"xgb": {"protein_name": "p_selectin", "uniprot_id": "p_selectin", "roc_auc": 0.8117816091954023, "accuracy": 0.90625, "f1_score": 0.8616803278688524, "cohen_kappa": 0.0, "mcc": 0.0, "data_info": {"train_count": 255, "test_count": 64, "actives_count": 29, "decoys_count": 290}}, "rf": {"protein_name": "p_selectin", "uniprot_id": "p_selectin", "roc_auc": 0.9870689655172413, "accuracy": 0.9375, "f1_score": 0.9229166666666666, "cohen_kappa": 0.47540983606557374, "mcc": 0.5584155773160767, "data_info": {"train_count": 255, "test_count": 64, "actives_count": 29, "decoys_count": 290}}, "svc": {"protein_name": "p_selectin", "uniprot_id": "p_selectin", "roc_auc": 0.9798850574712644, "accuracy": 0.953125, "f1_score": 0.9511946386946386, "cohen_kappa": 0.7018633540372671, "mcc": 0.7053550973548743, "data_info": {"train_count": 255, "test_count": 64, "actives_count": 29, "decoys_count": 290}}, "mlp": {"protein_name": "p_selectin", "uniprot_id": "p_selectin", "roc_auc": 0.4367816091954023, "accuracy": 0.921875, "f1_score": 0.8955873671782764, "cohen_kappa": 0.2660550458715596, "mcc": 0.3917131009286688, "data_info": {"train_count": 255, "test_count": 64, "actives_count": 29, "decoys_count": 290}}}