{"xgb": {"protein_name": "protein_kinase_c_alpha_type", "uniprot_id": "P17252", "roc_auc": 0.9992817566180997, "accuracy": 0.9876796714579056, "f1_score": 0.9872703638132962, "cohen_kappa": 0.9201421153320579, "mcc": 0.923090226307282, "data_info": {"train_count": 1944, "test_count": 487, "actives_count": 221, "decoys_count": 2210}}, "rf": {"protein_name": "protein_kinase_c_alpha_type", "uniprot_id": "P17252", "roc_auc": 0.9998460907038784, "accuracy": 0.9938398357289527, "f1_score": 0.9937415209256591, "cohen_kappa": 0.9613359091751131, "mcc": 0.962055272068332, "data_info": {"train_count": 1944, "test_count": 487, "actives_count": 221, "decoys_count": 2210}}, "svc": {"protein_name": "protein_kinase_c_alpha_type", "uniprot_id": "P17252", "roc_auc": 1.0, "accuracy": 0.997946611909651, "f1_score": 0.99793596831914, "cohen_kappa": 0.9873785149669561, "mcc": 0.9874571699935459, "data_info": {"train_count": 1944, "test_count": 487, "actives_count": 221, "decoys_count": 2210}}, "mlp": {"protein_name": "protein_kinase_c_alpha_type", "uniprot_id": "P17252", "roc_auc": 0.9999486969012928, "accuracy": 0.9958932238193019, "f1_score": 0.9958932238193019, "cohen_kappa": 0.9750153909296122, "mcc": 0.9750153909296122, "data_info": {"train_count": 1944, "test_count": 487, "actives_count": 221, "decoys_count": 2210}}}