{"xgb": {"protein_name": "arachidonate_12_lipoxygenase_12s_type", "uniprot_id": "P18054", "roc_auc": 0.9890577954028053, "accuracy": 0.9898734177215189, "f1_score": 0.9897898987379563, "cohen_kappa": 0.9705223880597015, "mcc": 0.9709443208700453, "data_info": {"train_count": 1580, "test_count": 395, "actives_count": 447, "decoys_count": 1528}}, "rf": {"protein_name": "arachidonate_12_lipoxygenase_12s_type", "uniprot_id": "P18054", "roc_auc": 0.9881581846221634, "accuracy": 0.9772151898734177, "f1_score": 0.9767736010655447, "cohen_kappa": 0.9323050556983719, "mcc": 0.9344486189774311, "data_info": {"train_count": 1580, "test_count": 395, "actives_count": 447, "decoys_count": 1528}}, "svc": {"protein_name": "arachidonate_12_lipoxygenase_12s_type", "uniprot_id": "P18054", "roc_auc": 0.9813468458544466, "accuracy": 0.9746835443037974, "f1_score": 0.9746835443037974, "cohen_kappa": 0.9274803554380554, "mcc": 0.9274803554380554, "data_info": {"train_count": 1580, "test_count": 395, "actives_count": 447, "decoys_count": 1528}}, "mlp": {"protein_name": "arachidonate_12_lipoxygenase_12s_type", "uniprot_id": "P18054", "roc_auc": 0.9932437394433429, "accuracy": 0.9721518987341772, "f1_score": 0.9722068977729672, "cohen_kappa": 0.9205449391972205, "mcc": 0.9205689545932126, "data_info": {"train_count": 1580, "test_count": 395, "actives_count": 447, "decoys_count": 1528}}}