{"xgb": {"protein_name": "d1b_dopamine_receptor", "uniprot_id": "P21918", "roc_auc": 0.9523210993799229, "accuracy": 0.973568281938326, "f1_score": 0.9605294210195092, "cohen_kappa": 0.0, "mcc": 0.0, "data_info": {"train_count": 2723, "test_count": 681, "actives_count": 92, "decoys_count": 3312}}, "rf": {"protein_name": "d1b_dopamine_receptor", "uniprot_id": "P21918", "roc_auc": 0.9984917043740572, "accuracy": 0.9926578560939795, "f1_score": 0.9920795383679291, "cohen_kappa": 0.8350530446156081, "mcc": 0.8466500854930973, "data_info": {"train_count": 2723, "test_count": 681, "actives_count": 92, "decoys_count": 3312}}, "svc": {"protein_name": "d1b_dopamine_receptor", "uniprot_id": "P21918", "roc_auc": 0.9979889391654098, "accuracy": 0.9955947136563876, "f1_score": 0.995533440861082, "cohen_kappa": 0.9120268699134478, "mcc": 0.9124192576461088, "data_info": {"train_count": 2723, "test_count": 681, "actives_count": 92, "decoys_count": 3312}}, "mlp": {"protein_name": "d1b_dopamine_receptor", "uniprot_id": "P21918", "roc_auc": 0.9595274007038712, "accuracy": 0.9955947136563876, "f1_score": 0.9953994454745243, "cohen_kappa": 0.9068526877308166, "mcc": 0.9108125930066951, "data_info": {"train_count": 2723, "test_count": 681, "actives_count": 92, "decoys_count": 3312}}}