{"xgb": {"protein_name": "carbonic_anhydrase_6", "uniprot_id": "P23280", "roc_auc": 0.9737960339943343, "accuracy": 0.9724517906336089, "f1_score": 0.9588700617141451, "cohen_kappa": 0.0, "mcc": 0.0, "data_info": {"train_count": 2900, "test_count": 726, "actives_count": 98, "decoys_count": 3528}}, "rf": {"protein_name": "carbonic_anhydrase_6", "uniprot_id": "P23280", "roc_auc": 0.9940509915014164, "accuracy": 0.9862258953168044, "f1_score": 0.9839786433572395, "cohen_kappa": 0.6604303086997194, "mcc": 0.7021515219498825, "data_info": {"train_count": 2900, "test_count": 726, "actives_count": 98, "decoys_count": 3528}}, "svc": {"protein_name": "carbonic_anhydrase_6", "uniprot_id": "P23280", "roc_auc": 0.9714589235127479, "accuracy": 0.9738292011019284, "f1_score": 0.9741390833381072, "cohen_kappa": 0.5231279817465255, "mcc": 0.5232928282255161, "data_info": {"train_count": 2900, "test_count": 726, "actives_count": 98, "decoys_count": 3528}}, "mlp": {"protein_name": "carbonic_anhydrase_6", "uniprot_id": "P23280", "roc_auc": 0.9227337110481586, "accuracy": 0.987603305785124, "f1_score": 0.9858430433094925, "cohen_kappa": 0.7038883349950149, "mcc": 0.7369375299690761, "data_info": {"train_count": 2900, "test_count": 726, "actives_count": 98, "decoys_count": 3528}}}