{"xgb": {"protein_name": "receptor_type_tyrosine_protein_phosphatase_beta", "uniprot_id": "P23467", "roc_auc": 1.0, "accuracy": 0.987012987012987, "f1_score": 0.9865595397510291, "cohen_kappa": 0.916030534351145, "mcc": 0.9192771195538434, "data_info": {"train_count": 308, "test_count": 77, "actives_count": 35, "decoys_count": 350}}, "rf": {"protein_name": "receptor_type_tyrosine_protein_phosphatase_beta", "uniprot_id": "P23467", "roc_auc": 1.0, "accuracy": 0.987012987012987, "f1_score": 0.9865595397510291, "cohen_kappa": 0.916030534351145, "mcc": 0.9192771195538434, "data_info": {"train_count": 308, "test_count": 77, "actives_count": 35, "decoys_count": 350}}, "svc": {"protein_name": "receptor_type_tyrosine_protein_phosphatase_beta", "uniprot_id": "P23467", "roc_auc": 0.9795918367346939, "accuracy": 0.974025974025974, "f1_score": 0.974025974025974, "cohen_kappa": 0.8428571428571429, "mcc": 0.8428571428571429, "data_info": {"train_count": 308, "test_count": 77, "actives_count": 35, "decoys_count": 350}}, "mlp": {"protein_name": "receptor_type_tyrosine_protein_phosphatase_beta", "uniprot_id": "P23467", "roc_auc": 0.8224489795918367, "accuracy": 0.8701298701298701, "f1_score": 0.889807162534435, "cohen_kappa": 0.4811320754716981, "mcc": 0.5288453643125169, "data_info": {"train_count": 308, "test_count": 77, "actives_count": 35, "decoys_count": 350}}}