{"xgb": {"protein_name": "glycine_receptor_subunit_alpha_1", "uniprot_id": "P23415", "roc_auc": 0.7923280423280423, "accuracy": 0.9130434782608695, "f1_score": 0.8715415019762845, "cohen_kappa": 0.0, "mcc": 0.0, "data_info": {"train_count": 272, "test_count": 69, "actives_count": 31, "decoys_count": 310}}, "rf": {"protein_name": "glycine_receptor_subunit_alpha_1", "uniprot_id": "P23415", "roc_auc": 0.8915343915343915, "accuracy": 0.9710144927536232, "f1_score": 0.9683423913043477, "cohen_kappa": 0.7850467289719626, "mcc": 0.8038369524685003, "data_info": {"train_count": 272, "test_count": 69, "actives_count": 31, "decoys_count": 310}}, "svc": {"protein_name": "glycine_receptor_subunit_alpha_1", "uniprot_id": "P23415", "roc_auc": 0.8253968253968254, "accuracy": 0.8695652173913043, "f1_score": 0.8860518695440807, "cohen_kappa": 0.4034582132564841, "mcc": 0.42762496874901573, "data_info": {"train_count": 272, "test_count": 69, "actives_count": 31, "decoys_count": 310}}, "mlp": {"protein_name": "glycine_receptor_subunit_alpha_1", "uniprot_id": "P23415", "roc_auc": 0.7962962962962963, "accuracy": 0.927536231884058, "f1_score": 0.9030392110378834, "cohen_kappa": 0.2675159235668789, "mcc": 0.39295262399668784, "data_info": {"train_count": 272, "test_count": 69, "actives_count": 31, "decoys_count": 310}}}