{"xgb": {"protein_name": "tyrosine_protein_kinase_jak1", "uniprot_id": "tyrosine_protein_kinase_jak1", "roc_auc": 0.9999801905667478, "accuracy": 0.9978687127024722, "f1_score": 0.9978573041362547, "cohen_kappa": 0.9869530108179895, "mcc": 0.9870370230523035, "data_info": {"train_count": 9380, "test_count": 2346, "actives_count": 1066, "decoys_count": 10660}}, "rf": {"protein_name": "tyrosine_protein_kinase_jak1", "uniprot_id": "tyrosine_protein_kinase_jak1", "roc_auc": 0.9999889947593045, "accuracy": 0.9978687127024722, "f1_score": 0.9978573041362547, "cohen_kappa": 0.9869530108179895, "mcc": 0.9870370230523035, "data_info": {"train_count": 9380, "test_count": 2346, "actives_count": 1066, "decoys_count": 10660}}, "svc": {"protein_name": "tyrosine_protein_kinase_jak1", "uniprot_id": "tyrosine_protein_kinase_jak1", "roc_auc": 0.9998877465449046, "accuracy": 0.9970161977834612, "f1_score": 0.9970130370649191, "cohen_kappa": 0.9818889249154662, "mcc": 0.9818922113647021, "data_info": {"train_count": 9380, "test_count": 2346, "actives_count": 1066, "decoys_count": 10660}}, "mlp": {"protein_name": "tyrosine_protein_kinase_jak1", "uniprot_id": "tyrosine_protein_kinase_jak1", "roc_auc": 0.9999867937111652, "accuracy": 0.9987212276214834, "f1_score": 0.9987198730278225, "cohen_kappa": 0.9922381106780569, "mcc": 0.9922414317667237, "data_info": {"train_count": 9380, "test_count": 2346, "actives_count": 1066, "decoys_count": 10660}}}