{"xgb": {"protein_name": "carnitine_o_palmitoyltransferase_2_mitochondrial", "uniprot_id": "P23786", "roc_auc": 0.9846938775510203, "accuracy": 0.972972972972973, "f1_score": 0.9596445760829323, "cohen_kappa": 0.0, "mcc": 0.0, "data_info": {"train_count": 1036, "test_count": 259, "actives_count": 35, "decoys_count": 1260}}, "rf": {"protein_name": "carnitine_o_palmitoyltransferase_2_mitochondrial", "uniprot_id": "P23786", "roc_auc": 1.0, "accuracy": 0.9922779922779923, "f1_score": 0.9916497525193178, "cohen_kappa": 0.8294930875576036, "mcc": 0.8418202998994706, "data_info": {"train_count": 1036, "test_count": 259, "actives_count": 35, "decoys_count": 1260}}, "svc": {"protein_name": "carnitine_o_palmitoyltransferase_2_mitochondrial", "uniprot_id": "P23786", "roc_auc": 1.0, "accuracy": 0.9961389961389961, "f1_score": 0.9962638582916913, "cohen_kappa": 0.9313543599257885, "mcc": 0.9335565209336699, "data_info": {"train_count": 1036, "test_count": 259, "actives_count": 35, "decoys_count": 1260}}, "mlp": {"protein_name": "carnitine_o_palmitoyltransferase_2_mitochondrial", "uniprot_id": "P23786", "roc_auc": 0.9977324263038548, "accuracy": 0.9922779922779923, "f1_score": 0.9916497525193178, "cohen_kappa": 0.8294930875576036, "mcc": 0.8418202998994706, "data_info": {"train_count": 1036, "test_count": 259, "actives_count": 35, "decoys_count": 1260}}}