{"xgb": {"protein_name": "beta_adrenergic_receptor_kinase_1", "uniprot_id": "P25098", "roc_auc": 0.9986654804270462, "accuracy": 0.972318339100346, "f1_score": 0.9586717659199903, "cohen_kappa": 0.0, "mcc": 0.0, "data_info": {"train_count": 1154, "test_count": 289, "actives_count": 39, "decoys_count": 1404}}, "rf": {"protein_name": "beta_adrenergic_receptor_kinase_1", "uniprot_id": "P25098", "roc_auc": 1.0, "accuracy": 1.0, "f1_score": 1.0, "cohen_kappa": 1.0, "mcc": 1.0, "data_info": {"train_count": 1154, "test_count": 289, "actives_count": 39, "decoys_count": 1404}}, "svc": {"protein_name": "beta_adrenergic_receptor_kinase_1", "uniprot_id": "P25098", "roc_auc": 1.0, "accuracy": 0.9965397923875432, "f1_score": 0.9966384792356703, "cohen_kappa": 0.9394002935625917, "mcc": 0.9411299502377342, "data_info": {"train_count": 1154, "test_count": 289, "actives_count": 39, "decoys_count": 1404}}, "mlp": {"protein_name": "beta_adrenergic_receptor_kinase_1", "uniprot_id": "P25098", "roc_auc": 0.9995551601423488, "accuracy": 0.9965397923875432, "f1_score": 0.9966384792356703, "cohen_kappa": 0.9394002935625917, "mcc": 0.9411299502377342, "data_info": {"train_count": 1154, "test_count": 289, "actives_count": 39, "decoys_count": 1404}}}