{"xgb": {"protein_name": "histamine_h2_receptor", "uniprot_id": "P25021", "roc_auc": 0.8041666666666667, "accuracy": 0.9056603773584906, "f1_score": 0.8608257052120306, "cohen_kappa": 0.0, "mcc": 0.0, "data_info": {"train_count": 211, "test_count": 53, "actives_count": 24, "decoys_count": 240}}, "rf": {"protein_name": "histamine_h2_receptor", "uniprot_id": "P25021", "roc_auc": 0.9666666666666666, "accuracy": 0.9433962264150944, "f1_score": 0.9321244792942908, "cohen_kappa": 0.547008547008547, "mcc": 0.6135719910778964, "data_info": {"train_count": 211, "test_count": 53, "actives_count": 24, "decoys_count": 240}}, "svc": {"protein_name": "histamine_h2_receptor", "uniprot_id": "P25021", "roc_auc": 0.9541666666666666, "accuracy": 0.9433962264150944, "f1_score": 0.9456712106165929, "cohen_kappa": 0.6959847036328872, "mcc": 0.6995861660885712, "data_info": {"train_count": 211, "test_count": 53, "actives_count": 24, "decoys_count": 240}}, "mlp": {"protein_name": "histamine_h2_receptor", "uniprot_id": "P25021", "roc_auc": 0.8125, "accuracy": 0.9245283018867925, "f1_score": 0.9158644589911435, "cohen_kappa": 0.46192893401015234, "mcc": 0.47961211179220425, "data_info": {"train_count": 211, "test_count": 53, "actives_count": 24, "decoys_count": 240}}}