{"xgb": {"protein_name": "alpha_1d_adrenergic_receptor", "uniprot_id": "P25100", "roc_auc": 0.998729455017301, "accuracy": 0.9828431372549019, "f1_score": 0.9828891502828655, "cohen_kappa": 0.9616087751371115, "mcc": 0.9617389619443936, "data_info": {"train_count": 1632, "test_count": 408, "actives_count": 680, "decoys_count": 1360}}, "rf": {"protein_name": "alpha_1d_adrenergic_receptor", "uniprot_id": "P25100", "roc_auc": 0.9993782439446366, "accuracy": 0.9901960784313726, "f1_score": 0.9901777235110567, "cohen_kappa": 0.977859778597786, "mcc": 0.9779197011680828, "data_info": {"train_count": 1632, "test_count": 408, "actives_count": 680, "decoys_count": 1360}}, "svc": {"protein_name": "alpha_1d_adrenergic_receptor", "uniprot_id": "P25100", "roc_auc": 0.9945663927335641, "accuracy": 0.9730392156862745, "f1_score": 0.9730142072062921, "cohen_kappa": 0.9392265193370166, "mcc": 0.9392408541867108, "data_info": {"train_count": 1632, "test_count": 408, "actives_count": 680, "decoys_count": 1360}}, "mlp": {"protein_name": "alpha_1d_adrenergic_receptor", "uniprot_id": "P25100", "roc_auc": 0.9988916522491349, "accuracy": 0.9877450980392157, "f1_score": 0.9877562584744904, "cohen_kappa": 0.9724770642201834, "mcc": 0.9724917978158101, "data_info": {"train_count": 1632, "test_count": 408, "actives_count": 680, "decoys_count": 1360}}}