{"xgb": {"protein_name": "proteasome_subunit_beta_type_8", "uniprot_id": "P28062", "roc_auc": 0.9847619047619047, "accuracy": 0.9878048780487805, "f1_score": 0.9873762160953246, "cohen_kappa": 0.9164969450101833, "mcc": 0.9197090092274487, "data_info": {"train_count": 325, "test_count": 82, "actives_count": 37, "decoys_count": 370}}, "rf": {"protein_name": "proteasome_subunit_beta_type_8", "uniprot_id": "P28062", "roc_auc": 1.0, "accuracy": 0.9878048780487805, "f1_score": 0.9873762160953246, "cohen_kappa": 0.9164969450101833, "mcc": 0.9197090092274487, "data_info": {"train_count": 325, "test_count": 82, "actives_count": 37, "decoys_count": 370}}, "svc": {"protein_name": "proteasome_subunit_beta_type_8", "uniprot_id": "P28062", "roc_auc": 1.0, "accuracy": 0.9878048780487805, "f1_score": 0.9881704588857969, "cohen_kappa": 0.9266547406082289, "mcc": 0.929157324317757, "data_info": {"train_count": 325, "test_count": 82, "actives_count": 37, "decoys_count": 370}}, "mlp": {"protein_name": "proteasome_subunit_beta_type_8", "uniprot_id": "P28062", "roc_auc": 0.899047619047619, "accuracy": 0.975609756097561, "f1_score": 0.9756097560975612, "cohen_kappa": 0.8438095238095238, "mcc": 0.8438095238095238, "data_info": {"train_count": 325, "test_count": 82, "actives_count": 37, "decoys_count": 370}}}