{"xgb": {"protein_name": "glutamate_receptor_4", "uniprot_id": "P48058", "roc_auc": 0.9791332263242376, "accuracy": 0.9744525547445255, "f1_score": 0.9618441113374799, "cohen_kappa": 0.0, "mcc": 0.0, "data_info": {"train_count": 1095, "test_count": 274, "actives_count": 37, "decoys_count": 1332}}, "rf": {"protein_name": "glutamate_receptor_4", "uniprot_id": "P48058", "roc_auc": 0.9769930444087748, "accuracy": 0.9927007299270073, "f1_score": 0.9921060754621054, "cohen_kappa": 0.8297078931013051, "mcc": 0.8420065556930412, "data_info": {"train_count": 1095, "test_count": 274, "actives_count": 37, "decoys_count": 1332}}, "svc": {"protein_name": "glutamate_receptor_4", "uniprot_id": "P48058", "roc_auc": 0.9866238630283574, "accuracy": 0.9744525547445255, "f1_score": 0.9776933260807837, "cohen_kappa": 0.6192933703850735, "mcc": 0.6435446422291541, "data_info": {"train_count": 1095, "test_count": 274, "actives_count": 37, "decoys_count": 1332}}, "mlp": {"protein_name": "glutamate_receptor_4", "uniprot_id": "P48058", "roc_auc": 0.9250936329588015, "accuracy": 0.9890510948905109, "f1_score": 0.987588645909406, "cohen_kappa": 0.7221095334685599, "mcc": 0.7517176099303282, "data_info": {"train_count": 1095, "test_count": 274, "actives_count": 37, "decoys_count": 1332}}}