{"xgb": {"protein_name": "protoporphyrinogen_oxidase", "uniprot_id": "P50336", "roc_auc": 0.9277777777777777, "accuracy": 0.9183673469387755, "f1_score": 0.8792878853669127, "cohen_kappa": 0.0, "mcc": 0.0, "data_info": {"train_count": 193, "test_count": 49, "actives_count": 22, "decoys_count": 220}}, "rf": {"protein_name": "protoporphyrinogen_oxidase", "uniprot_id": "P50336", "roc_auc": 0.9583333333333334, "accuracy": 0.9795918367346939, "f1_score": 0.9782462435523661, "cohen_kappa": 0.8463949843260188, "mcc": 0.8565603610802411, "data_info": {"train_count": 193, "test_count": 49, "actives_count": 22, "decoys_count": 220}}, "svc": {"protein_name": "protoporphyrinogen_oxidase", "uniprot_id": "P50336", "roc_auc": 0.8944444444444444, "accuracy": 0.9387755102040817, "f1_score": 0.9418329129404572, "cohen_kappa": 0.6334164588528679, "mcc": 0.6381990126895997, "data_info": {"train_count": 193, "test_count": 49, "actives_count": 22, "decoys_count": 220}}, "mlp": {"protein_name": "protoporphyrinogen_oxidase", "uniprot_id": "P50336", "roc_auc": 0.9888888888888889, "accuracy": 0.9795918367346939, "f1_score": 0.9782462435523661, "cohen_kappa": 0.8463949843260188, "mcc": 0.8565603610802411, "data_info": {"train_count": 193, "test_count": 49, "actives_count": 22, "decoys_count": 220}}}