{"xgb": {"protein_name": "serine_threonine_protein_kinase_plk1", "uniprot_id": "P53350", "roc_auc": 1.0, "accuracy": 1.0, "f1_score": 1.0, "cohen_kappa": 1.0, "mcc": 1.0, "data_info": {"train_count": 1487, "test_count": 372, "actives_count": 169, "decoys_count": 1690}}, "rf": {"protein_name": "serine_threonine_protein_kinase_plk1", "uniprot_id": "P53350", "roc_auc": 1.0, "accuracy": 0.9946236559139785, "f1_score": 0.9945501258661406, "cohen_kappa": 0.9667500893814801, "mcc": 0.967284931345622, "data_info": {"train_count": 1487, "test_count": 372, "actives_count": 169, "decoys_count": 1690}}, "svc": {"protein_name": "serine_threonine_protein_kinase_plk1", "uniprot_id": "P53350", "roc_auc": 1.0, "accuracy": 0.9946236559139785, "f1_score": 0.994692484057852, "cohen_kappa": 0.9684638860630722, "mcc": 0.9689458270610863, "data_info": {"train_count": 1487, "test_count": 372, "actives_count": 169, "decoys_count": 1690}}, "mlp": {"protein_name": "serine_threonine_protein_kinase_plk1", "uniprot_id": "P53350", "roc_auc": 0.9847720153150017, "accuracy": 0.9973118279569892, "f1_score": 0.9972937523276076, "cohen_kappa": 0.9835978835978836, "mcc": 0.9837302186852892, "data_info": {"train_count": 1487, "test_count": 372, "actives_count": 169, "decoys_count": 1690}}}