{"xgb": {"protein_name": "lim_domain_kinase_1", "uniprot_id": "P53667", "roc_auc": 0.9043055555555556, "accuracy": 0.972972972972973, "f1_score": 0.9596445760829323, "cohen_kappa": 0.0, "mcc": 0.0, "data_info": {"train_count": 1480, "test_count": 370, "actives_count": 50, "decoys_count": 1800}}, "rf": {"protein_name": "lim_domain_kinase_1", "uniprot_id": "P53667", "roc_auc": 1.0, "accuracy": 0.9945945945945946, "f1_score": 0.9943017810053821, "cohen_kappa": 0.8861538461538462, "mcc": 0.8919529754965996, "data_info": {"train_count": 1480, "test_count": 370, "actives_count": 50, "decoys_count": 1800}}, "svc": {"protein_name": "lim_domain_kinase_1", "uniprot_id": "P53667", "roc_auc": 0.9994444444444445, "accuracy": 0.9972972972972973, "f1_score": 0.997228047815682, "cohen_kappa": 0.945985401459854, "mcc": 0.9473684210526315, "data_info": {"train_count": 1480, "test_count": 370, "actives_count": 50, "decoys_count": 1800}}, "mlp": {"protein_name": "lim_domain_kinase_1", "uniprot_id": "P53667", "roc_auc": 1.0, "accuracy": 0.9972972972972973, "f1_score": 0.997228047815682, "cohen_kappa": 0.945985401459854, "mcc": 0.9473684210526315, "data_info": {"train_count": 1480, "test_count": 370, "actives_count": 50, "decoys_count": 1800}}}