{"xgb": {"protein_name": "ephrin_type_b_receptor_4", "uniprot_id": "P54760", "roc_auc": 0.9803004535147392, "accuracy": 0.972972972972973, "f1_score": 0.9596445760829323, "cohen_kappa": 0.0, "mcc": 0.0, "data_info": {"train_count": 2072, "test_count": 518, "actives_count": 70, "decoys_count": 2520}}, "rf": {"protein_name": "ephrin_type_b_receptor_4", "uniprot_id": "P54760", "roc_auc": 0.9948979591836734, "accuracy": 0.9903474903474904, "f1_score": 0.9893221261091127, "cohen_kappa": 0.7779111644657863, "mcc": 0.7978359729202853, "data_info": {"train_count": 2072, "test_count": 518, "actives_count": 70, "decoys_count": 2520}}, "svc": {"protein_name": "ephrin_type_b_receptor_4", "uniprot_id": "P54760", "roc_auc": 0.9941893424036281, "accuracy": 0.9845559845559846, "f1_score": 0.9845559845559846, "cohen_kappa": 0.7063492063492063, "mcc": 0.7063492063492064, "data_info": {"train_count": 2072, "test_count": 518, "actives_count": 70, "decoys_count": 2520}}, "mlp": {"protein_name": "ephrin_type_b_receptor_4", "uniprot_id": "P54760", "roc_auc": 0.9732142857142857, "accuracy": 0.9922779922779923, "f1_score": 0.9916497525193178, "cohen_kappa": 0.8294930875576036, "mcc": 0.8418202998994706, "data_info": {"train_count": 2072, "test_count": 518, "actives_count": 70, "decoys_count": 2520}}}