{"xgb": {"protein_name": "beta_secretase_1", "uniprot_id": "P56817", "roc_auc": 0.9982419774549629, "accuracy": 0.9886415265788278, "f1_score": 0.9886117844235821, "cohen_kappa": 0.9743181174304956, "mcc": 0.9744338097006616, "data_info": {"train_count": 8800, "test_count": 2201, "actives_count": 3667, "decoys_count": 7334}}, "rf": {"protein_name": "beta_secretase_1", "uniprot_id": "P56817", "roc_auc": 0.998789444063679, "accuracy": 0.991821899136756, "f1_score": 0.9917990186304422, "cohen_kappa": 0.9815027163712492, "mcc": 0.9816354131692805, "data_info": {"train_count": 8800, "test_count": 2201, "actives_count": 3667, "decoys_count": 7334}}, "svc": {"protein_name": "beta_secretase_1", "uniprot_id": "P56817", "roc_auc": 0.9946818192793685, "accuracy": 0.9845524761472059, "f1_score": 0.9845524761472059, "cohen_kappa": 0.9652509616652644, "mcc": 0.9652509616652644, "data_info": {"train_count": 8800, "test_count": 2201, "actives_count": 3667, "decoys_count": 7334}}, "mlp": {"protein_name": "beta_secretase_1", "uniprot_id": "P56817", "roc_auc": 0.9950667639940638, "accuracy": 0.9895502044525216, "f1_score": 0.9895302734766553, "cohen_kappa": 0.9764049568094606, "mcc": 0.9764671313682035, "data_info": {"train_count": 8800, "test_count": 2201, "actives_count": 3667, "decoys_count": 7334}}}