{"xgb": {"protein_name": "activated_cdc42_kinase_1", "uniprot_id": "Q07912", "roc_auc": 0.9907789705477567, "accuracy": 0.9737335834896811, "f1_score": 0.9607751517702365, "cohen_kappa": 0.0, "mcc": 0.0, "data_info": {"train_count": 2131, "test_count": 533, "actives_count": 72, "decoys_count": 2592}}, "rf": {"protein_name": "activated_cdc42_kinase_1", "uniprot_id": "Q07912", "roc_auc": 0.9990366088631984, "accuracy": 0.9924953095684803, "f1_score": 0.9918843230954085, "cohen_kappa": 0.8296035805626598, "mcc": 0.8419161039148373, "data_info": {"train_count": 2131, "test_count": 533, "actives_count": 72, "decoys_count": 2592}}, "svc": {"protein_name": "activated_cdc42_kinase_1", "uniprot_id": "Q07912", "roc_auc": 0.9990366088631984, "accuracy": 0.9924953095684803, "f1_score": 0.9924953095684803, "cohen_kappa": 0.853289292595651, "mcc": 0.853289292595651, "data_info": {"train_count": 2131, "test_count": 533, "actives_count": 72, "decoys_count": 2592}}, "mlp": {"protein_name": "activated_cdc42_kinase_1", "uniprot_id": "Q07912", "roc_auc": 0.928709055876686, "accuracy": 0.9924953095684803, "f1_score": 0.9918843230954085, "cohen_kappa": 0.8296035805626598, "mcc": 0.8419161039148373, "data_info": {"train_count": 2131, "test_count": 533, "actives_count": 72, "decoys_count": 2592}}}