{"xgb": {"protein_name": "atp_binding_cassette_sub_family_c_member_8", "uniprot_id": "Q09428", "roc_auc": 1.0, "accuracy": 0.972972972972973, "f1_score": 0.9596445760829322, "cohen_kappa": 0.0, "mcc": 0.0, "data_info": {"train_count": 592, "test_count": 148, "actives_count": 20, "decoys_count": 720}}, "rf": {"protein_name": "atp_binding_cassette_sub_family_c_member_8", "uniprot_id": "Q09428", "roc_auc": 0.9565972222222222, "accuracy": 0.9864864864864865, "f1_score": 0.9842808325566945, "cohen_kappa": 0.6605504587155964, "mcc": 0.7022468831767834, "data_info": {"train_count": 592, "test_count": 148, "actives_count": 20, "decoys_count": 720}}, "svc": {"protein_name": "atp_binding_cassette_sub_family_c_member_8", "uniprot_id": "Q09428", "roc_auc": 0.9826388888888888, "accuracy": 0.9864864864864865, "f1_score": 0.9864864864864865, "cohen_kappa": 0.7430555555555556, "mcc": 0.7430555555555556, "data_info": {"train_count": 592, "test_count": 148, "actives_count": 20, "decoys_count": 720}}, "mlp": {"protein_name": "atp_binding_cassette_sub_family_c_member_8", "uniprot_id": "Q09428", "roc_auc": 0.986111111111111, "accuracy": 0.9797297297297297, "f1_score": 0.9808205417961515, "cohen_kappa": 0.6563467492260062, "mcc": 0.6606958729393098, "data_info": {"train_count": 592, "test_count": 148, "actives_count": 20, "decoys_count": 720}}}