{"xgb": {"protein_name": "platelet_activating_factor_acetylhydrolase", "uniprot_id": "Q13093", "roc_auc": 0.9968175861792314, "accuracy": 0.9881305637982196, "f1_score": 0.9877525670241858, "cohen_kappa": 0.9233764388233623, "mcc": 0.9260990836214337, "data_info": {"train_count": 2692, "test_count": 674, "actives_count": 306, "decoys_count": 3060}}, "rf": {"protein_name": "platelet_activating_factor_acetylhydrolase", "uniprot_id": "Q13093", "roc_auc": 0.9885138929746209, "accuracy": 0.9940652818991098, "f1_score": 0.9939743434048534, "cohen_kappa": 0.962853757336934, "mcc": 0.9635187392684347, "data_info": {"train_count": 2692, "test_count": 674, "actives_count": 306, "decoys_count": 3060}}, "svc": {"protein_name": "platelet_activating_factor_acetylhydrolase", "uniprot_id": "Q13093", "roc_auc": 0.9914155055759099, "accuracy": 0.9955489614243324, "f1_score": 0.9955652383266398, "cohen_kappa": 0.9731609546311291, "mcc": 0.9731999014840322, "data_info": {"train_count": 2692, "test_count": 674, "actives_count": 306, "decoys_count": 3060}}, "mlp": {"protein_name": "platelet_activating_factor_acetylhydrolase", "uniprot_id": "Q13093", "roc_auc": 0.9855320514534807, "accuracy": 0.9955489614243324, "f1_score": 0.995532382492096, "cohen_kappa": 0.9727618072581297, "mcc": 0.972801904770973, "data_info": {"train_count": 2692, "test_count": 674, "actives_count": 306, "decoys_count": 3060}}}