{"xgb": {"protein_name": "prostaglandin_d2_receptor", "uniprot_id": "Q13258", "roc_auc": 0.9999335724724325, "accuracy": 0.9976470588235294, "f1_score": 0.9976604249541021, "cohen_kappa": 0.9860449844032179, "mcc": 0.9861410108418819, "data_info": {"train_count": 1698, "test_count": 425, "actives_count": 193, "decoys_count": 1930}}, "rf": {"protein_name": "prostaglandin_d2_receptor", "uniprot_id": "Q13258", "roc_auc": 1.0, "accuracy": 0.9976470588235294, "f1_score": 0.9976333019389104, "cohen_kappa": 0.9857195658748026, "mcc": 0.985820090539353, "data_info": {"train_count": 1698, "test_count": 425, "actives_count": 193, "decoys_count": 1930}}, "svc": {"protein_name": "prostaglandin_d2_receptor", "uniprot_id": "Q13258", "roc_auc": 0.9972764713697356, "accuracy": 0.9929411764705882, "f1_score": 0.9929812748623067, "cohen_kappa": 0.9581349532096536, "mcc": 0.9582282616172532, "data_info": {"train_count": 1698, "test_count": 425, "actives_count": 193, "decoys_count": 1930}}, "mlp": {"protein_name": "prostaglandin_d2_receptor", "uniprot_id": "Q13258", "roc_auc": 0.9994021522518932, "accuracy": 0.9835294117647059, "f1_score": 0.9827914827179494, "cohen_kappa": 0.8925177932728784, "mcc": 0.8977182677994452, "data_info": {"train_count": 1698, "test_count": 425, "actives_count": 193, "decoys_count": 1930}}}