{"xgb": {"protein_name": "inhibitor_of_nuclear_factor_kappa_b_kinase_subunit_epsilon", "uniprot_id": "Q14164", "roc_auc": 1.0, "accuracy": 0.972972972972973, "f1_score": 0.9596445760829323, "cohen_kappa": 0.0, "mcc": 0.0, "data_info": {"train_count": 1332, "test_count": 333, "actives_count": 45, "decoys_count": 1620}}, "rf": {"protein_name": "inhibitor_of_nuclear_factor_kappa_b_kinase_subunit_epsilon", "uniprot_id": "Q14164", "roc_auc": 1.0, "accuracy": 0.996996996996997, "f1_score": 0.9969109869408972, "cohen_kappa": 0.9396411092985318, "mcc": 0.9413574486632833, "data_info": {"train_count": 1332, "test_count": 333, "actives_count": 45, "decoys_count": 1620}}, "svc": {"protein_name": "inhibitor_of_nuclear_factor_kappa_b_kinase_subunit_epsilon", "uniprot_id": "Q14164", "roc_auc": 1.0, "accuracy": 0.993993993993994, "f1_score": 0.9942849970713749, "cohen_kappa": 0.8969359331476323, "mcc": 0.9017379403858491, "data_info": {"train_count": 1332, "test_count": 333, "actives_count": 45, "decoys_count": 1620}}, "mlp": {"protein_name": "inhibitor_of_nuclear_factor_kappa_b_kinase_subunit_epsilon", "uniprot_id": "Q14164", "roc_auc": 0.9982853223593964, "accuracy": 0.987987987987988, "f1_score": 0.9890426846948586, "cohen_kappa": 0.8121827411167513, "mcc": 0.8268982305947231, "data_info": {"train_count": 1332, "test_count": 333, "actives_count": 45, "decoys_count": 1620}}}