{"xgb": {"protein_name": "glucokinase_regulatory_protein", "uniprot_id": "Q14397", "roc_auc": 0.9731353245453027, "accuracy": 0.9725738396624473, "f1_score": 0.9590514226404024, "cohen_kappa": 0.0, "mcc": 0.0, "data_info": {"train_count": 1894, "test_count": 474, "actives_count": 64, "decoys_count": 2304}}, "rf": {"protein_name": "glucokinase_regulatory_protein", "uniprot_id": "Q14397", "roc_auc": 1.0, "accuracy": 0.9957805907172996, "f1_score": 0.9956093484574499, "cohen_kappa": 0.9145175834084761, "mcc": 0.9178773087650867, "data_info": {"train_count": 1894, "test_count": 474, "actives_count": 64, "decoys_count": 2304}}, "svc": {"protein_name": "glucokinase_regulatory_protein", "uniprot_id": "Q14397", "roc_auc": 1.0, "accuracy": 1.0, "f1_score": 1.0, "cohen_kappa": 1.0, "mcc": 1.0, "data_info": {"train_count": 1894, "test_count": 474, "actives_count": 64, "decoys_count": 2304}}, "mlp": {"protein_name": "glucokinase_regulatory_protein", "uniprot_id": "Q14397", "roc_auc": 1.0, "accuracy": 0.9978902953586498, "f1_score": 0.9978492441177412, "cohen_kappa": 0.9589183567342694, "mcc": 0.9597285663555717, "data_info": {"train_count": 1894, "test_count": 474, "actives_count": 64, "decoys_count": 2304}}}