{"xgb": {"protein_name": "bdnf_nt_3_growth_factors_receptor", "uniprot_id": "Q16620", "roc_auc": 0.9844306049822065, "accuracy": 0.972318339100346, "f1_score": 0.9586717659199903, "cohen_kappa": 0.0, "mcc": 0.0, "data_info": {"train_count": 2308, "test_count": 578, "actives_count": 78, "decoys_count": 2808}}, "rf": {"protein_name": "bdnf_nt_3_growth_factors_receptor", "uniprot_id": "Q16620", "roc_auc": 0.9953847864768682, "accuracy": 0.9930795847750865, "f1_score": 0.9925975396416388, "cohen_kappa": 0.8536708860759494, "mcc": 0.8629598175136021, "data_info": {"train_count": 2308, "test_count": 578, "actives_count": 78, "decoys_count": 2808}}, "svc": {"protein_name": "bdnf_nt_3_growth_factors_receptor", "uniprot_id": "Q16620", "roc_auc": 0.9382784697508896, "accuracy": 0.9913494809688581, "f1_score": 0.9909135538861458, "cohen_kappa": 0.8231983359843387, "mcc": 0.827869596857545, "data_info": {"train_count": 2308, "test_count": 578, "actives_count": 78, "decoys_count": 2808}}, "mlp": {"protein_name": "bdnf_nt_3_growth_factors_receptor", "uniprot_id": "Q16620", "roc_auc": 0.9377224199288255, "accuracy": 0.9930795847750865, "f1_score": 0.992855050284663, "cohen_kappa": 0.8631304759649538, "mcc": 0.8651587597389572, "data_info": {"train_count": 2308, "test_count": 578, "actives_count": 78, "decoys_count": 2808}}}