{"xgb": {"protein_name": "carnitine_o_palmitoyltransferase_1_muscle_isoform", "uniprot_id": "Q92523", "roc_auc": 1.0, "accuracy": 0.9725274725274725, "f1_score": 0.9589825216566163, "cohen_kappa": 0.0, "mcc": 0.0, "data_info": {"train_count": 1453, "test_count": 364, "actives_count": 50, "decoys_count": 1767}}, "rf": {"protein_name": "carnitine_o_palmitoyltransferase_1_muscle_isoform", "uniprot_id": "Q92523", "roc_auc": 0.9997175141242938, "accuracy": 0.9972527472527473, "f1_score": 0.9971823885416046, "cohen_kappa": 0.9459619952494062, "mcc": 0.947346182096278, "data_info": {"train_count": 1453, "test_count": 364, "actives_count": 50, "decoys_count": 1767}}, "svc": {"protein_name": "carnitine_o_palmitoyltransferase_1_muscle_isoform", "uniprot_id": "Q92523", "roc_auc": 0.9994350282485877, "accuracy": 0.9945054945054945, "f1_score": 0.9942079829403774, "cohen_kappa": 0.886107634543179, "mcc": 0.8919112164209665, "data_info": {"train_count": 1453, "test_count": 364, "actives_count": 50, "decoys_count": 1767}}, "mlp": {"protein_name": "carnitine_o_palmitoyltransferase_1_muscle_isoform", "uniprot_id": "Q92523", "roc_auc": 0.9737288135593221, "accuracy": 0.9945054945054945, "f1_score": 0.9942079829403774, "cohen_kappa": 0.886107634543179, "mcc": 0.8919112164209665, "data_info": {"train_count": 1453, "test_count": 364, "actives_count": 50, "decoys_count": 1767}}}