{"xgb": {"protein_name": "chymotrypsin_c", "uniprot_id": "Q99895", "roc_auc": 0.9833185053380783, "accuracy": 0.972318339100346, "f1_score": 0.9586717659199903, "cohen_kappa": 0.0, "mcc": 0.0, "data_info": {"train_count": 1153, "test_count": 289, "actives_count": 39, "decoys_count": 1403}}, "rf": {"protein_name": "chymotrypsin_c", "uniprot_id": "Q99895", "roc_auc": 0.9995551601423487, "accuracy": 0.9965397923875432, "f1_score": 0.9964275251423315, "cohen_kappa": 0.9315652379824769, "mcc": 0.9337543376716207, "data_info": {"train_count": 1153, "test_count": 289, "actives_count": 39, "decoys_count": 1403}}, "svc": {"protein_name": "chymotrypsin_c", "uniprot_id": "Q99895", "roc_auc": 0.9919928825622776, "accuracy": 0.9930795847750865, "f1_score": 0.9930795847750865, "cohen_kappa": 0.87144128113879, "mcc": 0.87144128113879, "data_info": {"train_count": 1153, "test_count": 289, "actives_count": 39, "decoys_count": 1403}}, "mlp": {"protein_name": "chymotrypsin_c", "uniprot_id": "Q99895", "roc_auc": 0.9790925266903914, "accuracy": 0.9826989619377162, "f1_score": 0.9831923961783517, "cohen_kappa": 0.6970014678129587, "mcc": 0.6982848112924617, "data_info": {"train_count": 1153, "test_count": 289, "actives_count": 39, "decoys_count": 1403}}}