{"xgb": {"protein_name": "probable_g_protein_coupled_receptor_88", "uniprot_id": "Q9GZN0", "roc_auc": 0.9992610837438425, "accuracy": 0.9775784753363229, "f1_score": 0.9761133218303196, "cohen_kappa": 0.8452463566967384, "mcc": 0.8555531274246818, "data_info": {"train_count": 888, "test_count": 223, "actives_count": 101, "decoys_count": 1010}}, "rf": {"protein_name": "probable_g_protein_coupled_receptor_88", "uniprot_id": "Q9GZN0", "roc_auc": 1.0, "accuracy": 0.9865470852017937, "f1_score": 0.9860510350823595, "cohen_kappa": 0.9116365077268525, "mcc": 0.9152165641110857, "data_info": {"train_count": 888, "test_count": 223, "actives_count": 101, "decoys_count": 1010}}, "svc": {"protein_name": "probable_g_protein_coupled_receptor_88", "uniprot_id": "Q9GZN0", "roc_auc": 0.9992610837438424, "accuracy": 0.9955156950672646, "f1_score": 0.9955648455338564, "cohen_kappa": 0.9731422377453932, "mcc": 0.9734934106586569, "data_info": {"train_count": 888, "test_count": 223, "actives_count": 101, "decoys_count": 1010}}, "mlp": {"protein_name": "probable_g_protein_coupled_receptor_88", "uniprot_id": "Q9GZN0", "roc_auc": 0.9862068965517241, "accuracy": 0.9596412556053812, "f1_score": 0.9591734165725196, "cohen_kappa": 0.7471336777119819, "mcc": 0.7474287459748565, "data_info": {"train_count": 888, "test_count": 223, "actives_count": 101, "decoys_count": 1010}}}