{"xgb": {"protein_name": "cathepsin_f", "uniprot_id": "Q9UBX1", "roc_auc": 0.999421965317919, "accuracy": 0.9719101123595506, "f1_score": 0.9580652389641153, "cohen_kappa": 0.0, "mcc": 0.0, "data_info": {"train_count": 710, "test_count": 178, "actives_count": 24, "decoys_count": 864}}, "rf": {"protein_name": "cathepsin_f", "uniprot_id": "Q9UBX1", "roc_auc": 1.0, "accuracy": 0.9943820224719101, "f1_score": 0.9940780076777228, "cohen_kappa": 0.8860435339308579, "mcc": 0.8918532944664019, "data_info": {"train_count": 710, "test_count": 178, "actives_count": 24, "decoys_count": 864}}, "svc": {"protein_name": "cathepsin_f", "uniprot_id": "Q9UBX1", "roc_auc": 0.9988439306358381, "accuracy": 0.9887640449438202, "f1_score": 0.9887640449438202, "cohen_kappa": 0.7942196531791907, "mcc": 0.7942196531791907, "data_info": {"train_count": 710, "test_count": 178, "actives_count": 24, "decoys_count": 864}}, "mlp": {"protein_name": "cathepsin_f", "uniprot_id": "Q9UBX1", "roc_auc": 0.93757225433526, "accuracy": 0.9887640449438202, "f1_score": 0.9873918377889708, "cohen_kappa": 0.7446197991391679, "mcc": 0.7701576832979447, "data_info": {"train_count": 710, "test_count": 178, "actives_count": 24, "decoys_count": 864}}}