{"xgb": {"protein_name": "serine_threonine_protein_kinase_tbk1", "uniprot_id": "Q9UHD2", "roc_auc": 1.0, "accuracy": 0.994475138121547, "f1_score": 0.9943943731588956, "cohen_kappa": 0.964724225297213, "mcc": 0.9653250279768749, "data_info": {"train_count": 721, "test_count": 181, "actives_count": 82, "decoys_count": 820}}, "rf": {"protein_name": "serine_threonine_protein_kinase_tbk1", "uniprot_id": "Q9UHD2", "roc_auc": 1.0, "accuracy": 0.994475138121547, "f1_score": 0.9943943731588956, "cohen_kappa": 0.964724225297213, "mcc": 0.9653250279768749, "data_info": {"train_count": 721, "test_count": 181, "actives_count": 82, "decoys_count": 820}}, "svc": {"protein_name": "serine_threonine_protein_kinase_tbk1", "uniprot_id": "Q9UHD2", "roc_auc": 1.0, "accuracy": 0.994475138121547, "f1_score": 0.9945504517033846, "cohen_kappa": 0.9666605268005157, "mcc": 0.9671982065566956, "data_info": {"train_count": 721, "test_count": 181, "actives_count": 82, "decoys_count": 820}}, "mlp": {"protein_name": "serine_threonine_protein_kinase_tbk1", "uniprot_id": "Q9UHD2", "roc_auc": 0.9666666666666668, "accuracy": 0.9447513812154696, "f1_score": 0.9330073566342659, "cohen_kappa": 0.5224274406332454, "mcc": 0.5946187253790689, "data_info": {"train_count": 721, "test_count": 181, "actives_count": 82, "decoys_count": 820}}}