{"xgb": {"protein_name": "niemann_pick_c1_like_protein_1", "uniprot_id": "Q9UHC9", "roc_auc": 1.0, "accuracy": 0.9148936170212766, "f1_score": 0.8742316784869977, "cohen_kappa": 0.0, "mcc": 0.0, "data_info": {"train_count": 184, "test_count": 47, "actives_count": 21, "decoys_count": 210}}, "rf": {"protein_name": "niemann_pick_c1_like_protein_1", "uniprot_id": "Q9UHC9", "roc_auc": 0.9941860465116279, "accuracy": 0.9787234042553191, "f1_score": 0.9773259267023023, "cohen_kappa": 0.8459016393442623, "mcc": 0.856127645538062, "data_info": {"train_count": 184, "test_count": 47, "actives_count": 21, "decoys_count": 210}}, "svc": {"protein_name": "niemann_pick_c1_like_protein_1", "uniprot_id": "Q9UHC9", "roc_auc": 1.0, "accuracy": 0.9787234042553191, "f1_score": 0.9797802809066889, "cohen_kappa": 0.877284595300261, "mcc": 0.8839656943780168, "data_info": {"train_count": 184, "test_count": 47, "actives_count": 21, "decoys_count": 210}}, "mlp": {"protein_name": "niemann_pick_c1_like_protein_1", "uniprot_id": "Q9UHC9", "roc_auc": 0.9941860465116279, "accuracy": 0.9574468085106383, "f1_score": 0.9611955420466061, "cohen_kappa": 0.7772511848341233, "mcc": 0.7972822052000672, "data_info": {"train_count": 184, "test_count": 47, "actives_count": 21, "decoys_count": 210}}}