{"xgb": {"protein_name": "aurora_kinase_c", "uniprot_id": "Q9UQB9", "roc_auc": 0.9844444444444442, "accuracy": 0.972972972972973, "f1_score": 0.9596445760829323, "cohen_kappa": 0.0, "mcc": 0.0, "data_info": {"train_count": 740, "test_count": 185, "actives_count": 25, "decoys_count": 900}}, "rf": {"protein_name": "aurora_kinase_c", "uniprot_id": "Q9UQB9", "roc_auc": 0.96, "accuracy": 0.9945945945945946, "f1_score": 0.9943017810053821, "cohen_kappa": 0.8861538461538462, "mcc": 0.8919529754965996, "data_info": {"train_count": 740, "test_count": 185, "actives_count": 25, "decoys_count": 900}}, "svc": {"protein_name": "aurora_kinase_c", "uniprot_id": "Q9UQB9", "roc_auc": 0.9666666666666667, "accuracy": 0.9891891891891892, "f1_score": 0.9891891891891892, "cohen_kappa": 0.7944444444444445, "mcc": 0.7944444444444444, "data_info": {"train_count": 740, "test_count": 185, "actives_count": 25, "decoys_count": 900}}, "mlp": {"protein_name": "aurora_kinase_c", "uniprot_id": "Q9UQB9", "roc_auc": 0.9488888888888889, "accuracy": 0.9891891891891892, "f1_score": 0.9878677019560997, "cohen_kappa": 0.7448275862068966, "mcc": 0.7703288865196433, "data_info": {"train_count": 740, "test_count": 185, "actives_count": 25, "decoys_count": 900}}}