{"xgb": {"protein_name": "cysteinyl_leukotriene_receptor_1", "uniprot_id": "Q9Y271", "roc_auc": 0.9947997919916797, "accuracy": 0.992412746585736, "f1_score": 0.9918156095648877, "cohen_kappa": 0.8349281098141376, "mcc": 0.8465413557185877, "data_info": {"train_count": 2634, "test_count": 659, "actives_count": 89, "decoys_count": 3204}}, "rf": {"protein_name": "cysteinyl_leukotriene_receptor_1", "uniprot_id": "Q9Y271", "roc_auc": 1.0, "accuracy": 0.9984825493171472, "f1_score": 0.9984614628184033, "cohen_kappa": 0.9706498018082216, "mcc": 0.9710681475462752, "data_info": {"train_count": 2634, "test_count": 659, "actives_count": 89, "decoys_count": 3204}}, "svc": {"protein_name": "cysteinyl_leukotriene_receptor_1", "uniprot_id": "Q9Y271", "roc_auc": 0.99956664933264, "accuracy": 0.9984825493171472, "f1_score": 0.9984614628184033, "cohen_kappa": 0.9706498018082216, "mcc": 0.9710681475462752, "data_info": {"train_count": 2634, "test_count": 659, "actives_count": 89, "decoys_count": 3204}}, "mlp": {"protein_name": "cysteinyl_leukotriene_receptor_1", "uniprot_id": "Q9Y271", "roc_auc": 0.9763390535621426, "accuracy": 0.9969650986342944, "f1_score": 0.9968782004597679, "cohen_kappa": 0.9396243701328447, "mcc": 0.9413416336240822, "data_info": {"train_count": 2634, "test_count": 659, "actives_count": 89, "decoys_count": 3204}}}