{"xgb": {"protein_name": "g_protein_coupled_receptor_55", "uniprot_id": "Q9Y2T6", "roc_auc": 0.9584615384615385, "accuracy": 0.975, "f1_score": 0.9626582278481013, "cohen_kappa": 0.0, "mcc": 0.0, "data_info": {"train_count": 799, "test_count": 200, "actives_count": 27, "decoys_count": 972}}, "rf": {"protein_name": "g_protein_coupled_receptor_55", "uniprot_id": "Q9Y2T6", "roc_auc": 0.9738461538461538, "accuracy": 0.995, "f1_score": 0.9947286160841149, "cohen_kappa": 0.8863636363636364, "mcc": 0.8921425711997711, "data_info": {"train_count": 799, "test_count": 200, "actives_count": 27, "decoys_count": 972}}, "svc": {"protein_name": "g_protein_coupled_receptor_55", "uniprot_id": "Q9Y2T6", "roc_auc": 0.9569230769230769, "accuracy": 0.99, "f1_score": 0.99, "cohen_kappa": 0.7948717948717949, "mcc": 0.7948717948717948, "data_info": {"train_count": 799, "test_count": 200, "actives_count": 27, "decoys_count": 972}}, "mlp": {"protein_name": "g_protein_coupled_receptor_55", "uniprot_id": "Q9Y2T6", "roc_auc": 0.997948717948718, "accuracy": 0.99, "f1_score": 0.9887755102040816, "cohen_kappa": 0.7452229299363058, "mcc": 0.7706546758708627, "data_info": {"train_count": 799, "test_count": 200, "actives_count": 27, "decoys_count": 972}}}