{"xgb": {"protein_name": "cathepsin_l2", "uniprot_id": "O60911", "roc_auc": 0.8879731379731381, "accuracy": 0.9280575539568345, "f1_score": 0.9131771505872225, "cohen_kappa": 0.41399662731871845, "mcc": 0.4686915697793543, "data_info": {"train_count": 554, "test_count": 139, "actives_count": 63, "decoys_count": 630}}, "rf": {"protein_name": "cathepsin_l2", "uniprot_id": "O60911", "roc_auc": 0.9664224664224664, "accuracy": 0.9712230215827338, "f1_score": 0.9688317527795944, "cohen_kappa": 0.8031161473087819, "mcc": 0.8191495084291777, "data_info": {"train_count": 554, "test_count": 139, "actives_count": 63, "decoys_count": 630}}, "svc": {"protein_name": "cathepsin_l2", "uniprot_id": "O60911", "roc_auc": 0.9255189255189255, "accuracy": 0.9568345323741008, "f1_score": 0.9568345323741008, "cohen_kappa": 0.7454212454212454, "mcc": 0.7454212454212454, "data_info": {"train_count": 554, "test_count": 139, "actives_count": 63, "decoys_count": 630}}, "mlp": {"protein_name": "cathepsin_l2", "uniprot_id": "O60911", "roc_auc": 0.9456654456654456, "accuracy": 0.9568345323741008, "f1_score": 0.9552059140089503, "cohen_kappa": 0.7265573770491803, "mcc": 0.7295943871823369, "data_info": {"train_count": 554, "test_count": 139, "actives_count": 63, "decoys_count": 630}}}