{"xgb": {"protein_name": "aminopeptidase_n", "uniprot_id": "P15144", "roc_auc": 0.9413515406162466, "accuracy": 0.9783783783783784, "f1_score": 0.9770641229464757, "cohen_kappa": 0.8551292090837901, "mcc": 0.8642465068623668, "data_info": {"train_count": 739, "test_count": 185, "actives_count": 84, "decoys_count": 840}}, "rf": {"protein_name": "aminopeptidase_n", "uniprot_id": "P15144", "roc_auc": 0.9618347338935574, "accuracy": 0.9783783783783784, "f1_score": 0.9777666719974413, "cohen_kappa": 0.8632162661737524, "mcc": 0.8652422004672015, "data_info": {"train_count": 739, "test_count": 185, "actives_count": 84, "decoys_count": 840}}, "svc": {"protein_name": "aminopeptidase_n", "uniprot_id": "P15144", "roc_auc": 0.9621848739495799, "accuracy": 0.9837837837837838, "f1_score": 0.9839912407076586, "cohen_kappa": 0.9053385638751492, "mcc": 0.9057895977311343, "data_info": {"train_count": 739, "test_count": 185, "actives_count": 84, "decoys_count": 840}}, "mlp": {"protein_name": "aminopeptidase_n", "uniprot_id": "P15144", "roc_auc": 0.9677871148459383, "accuracy": 0.972972972972973, "f1_score": 0.9717848022158613, "cohen_kappa": 0.8241110477277049, "mcc": 0.8287389231919116, "data_info": {"train_count": 739, "test_count": 185, "actives_count": 84, "decoys_count": 840}}}