{"xgb": {"protein_name": "p_selectin", "uniprot_id": "P16109", "roc_auc": 0.9540229885057472, "accuracy": 0.8857142857142857, "f1_score": 0.8608294930875576, "cohen_kappa": 0.453125, "mcc": 0.5412294272573258, "data_info": {"train_count": 139, "test_count": 35, "actives_count": 29, "decoys_count": 145}}, "rf": {"protein_name": "p_selectin", "uniprot_id": "P16109", "roc_auc": 0.9683908045977012, "accuracy": 0.9142857142857143, "f1_score": 0.9021077283372365, "cohen_kappa": 0.6236559139784946, "mcc": 0.6731456008918131, "data_info": {"train_count": 139, "test_count": 35, "actives_count": 29, "decoys_count": 145}}, "svc": {"protein_name": "p_selectin", "uniprot_id": "P16109", "roc_auc": 1.0, "accuracy": 0.9714285714285714, "f1_score": 0.9703720008804754, "cohen_kappa": 0.8923076923076924, "mcc": 0.8975274678557507, "data_info": {"train_count": 139, "test_count": 35, "actives_count": 29, "decoys_count": 145}}, "mlp": {"protein_name": "p_selectin", "uniprot_id": "P16109", "roc_auc": 0.8908045977011494, "accuracy": 0.9428571428571428, "f1_score": 0.938095238095238, "cohen_kappa": 0.7682119205298013, "mcc": 0.7897188828807974, "data_info": {"train_count": 139, "test_count": 35, "actives_count": 29, "decoys_count": 145}}}