{"xgb": {"protein_name": "dual_specificity_protein_phosphatase_3", "uniprot_id": "P51452", "roc_auc": 0.7307692307692308, "accuracy": 0.8823529411764706, "f1_score": 0.8669467787114845, "cohen_kappa": 0.6046511627906976, "mcc": 0.6582805886043833, "data_info": {"train_count": 67, "test_count": 17, "actives_count": 21, "decoys_count": 63}}, "rf": {"protein_name": "dual_specificity_protein_phosphatase_3", "uniprot_id": "P51452", "roc_auc": 0.9038461538461537, "accuracy": 0.8823529411764706, "f1_score": 0.8669467787114845, "cohen_kappa": 0.6046511627906976, "mcc": 0.6582805886043833, "data_info": {"train_count": 67, "test_count": 17, "actives_count": 21, "decoys_count": 63}}, "svc": {"protein_name": "dual_specificity_protein_phosphatase_3", "uniprot_id": "P51452", "roc_auc": 0.25, "accuracy": 0.7647058823529411, "f1_score": 0.7338935574229692, "cohen_kappa": 0.20930232558139528, "mcc": 0.227866357593825, "data_info": {"train_count": 67, "test_count": 17, "actives_count": 21, "decoys_count": 63}}, "mlp": {"protein_name": "dual_specificity_protein_phosphatase_3", "uniprot_id": "P51452", "roc_auc": 0.28846153846153844, "accuracy": 0.7058823529411765, "f1_score": 0.6903205726735138, "cohen_kappa": 0.10526315789473684, "mcc": 0.10699012312772822, "data_info": {"train_count": 67, "test_count": 17, "actives_count": 21, "decoys_count": 63}}}