{"xgb": {"protein_name": "transcription_factor_p65", "uniprot_id": "Q04206", "roc_auc": 0.9479166666666667, "accuracy": 0.9090909090909091, "f1_score": 0.9026737967914439, "cohen_kappa": 0.7441860465116279, "mcc": 0.769800358919501, "data_info": {"train_count": 86, "test_count": 22, "actives_count": 27, "decoys_count": 81}}, "rf": {"protein_name": "transcription_factor_p65", "uniprot_id": "Q04206", "roc_auc": 0.9583333333333334, "accuracy": 0.8636363636363636, "f1_score": 0.8467532467532467, "cohen_kappa": 0.5925925925925926, "mcc": 0.6488856845230502, "data_info": {"train_count": 86, "test_count": 22, "actives_count": 27, "decoys_count": 81}}, "svc": {"protein_name": "transcription_factor_p65", "uniprot_id": "Q04206", "roc_auc": 0.8854166666666667, "accuracy": 0.9090909090909091, "f1_score": 0.9026737967914439, "cohen_kappa": 0.7441860465116279, "mcc": 0.769800358919501, "data_info": {"train_count": 86, "test_count": 22, "actives_count": 27, "decoys_count": 81}}, "mlp": {"protein_name": "transcription_factor_p65", "uniprot_id": "Q04206", "roc_auc": 0.75, "accuracy": 0.8181818181818182, "f1_score": 0.7828282828282828, "cohen_kappa": 0.42105263157894735, "mcc": 0.5163977794943222, "data_info": {"train_count": 86, "test_count": 22, "actives_count": 27, "decoys_count": 81}}}