{"xgb": {"protein_name": "cathepsin_f", "uniprot_id": "Q9UBX1", "roc_auc": 0.95, "accuracy": 0.9433962264150944, "f1_score": 0.9321244792942908, "cohen_kappa": 0.547008547008547, "mcc": 0.6135719910778964, "data_info": {"train_count": 211, "test_count": 53, "actives_count": 24, "decoys_count": 240}}, "rf": {"protein_name": "cathepsin_f", "uniprot_id": "Q9UBX1", "roc_auc": 1.0, "accuracy": 0.9811320754716981, "f1_score": 0.9801811147852774, "cohen_kappa": 0.8787185354691076, "mcc": 0.885253336275981, "data_info": {"train_count": 211, "test_count": 53, "actives_count": 24, "decoys_count": 240}}, "svc": {"protein_name": "cathepsin_f", "uniprot_id": "Q9UBX1", "roc_auc": 0.9666666666666667, "accuracy": 0.9622641509433962, "f1_score": 0.9650073598287167, "cohen_kappa": 0.8127208480565371, "mcc": 0.8273595406616217, "data_info": {"train_count": 211, "test_count": 53, "actives_count": 24, "decoys_count": 240}}, "mlp": {"protein_name": "cathepsin_f", "uniprot_id": "Q9UBX1", "roc_auc": 0.4375, "accuracy": 0.8867924528301887, "f1_score": 0.8513207547169812, "cohen_kappa": -0.032467532467532534, "mcc": -0.044757179627464554, "data_info": {"train_count": 211, "test_count": 53, "actives_count": 24, "decoys_count": 240}}}